║             TXADMIN║ ================================================================
║             TXADMIN║ ======== [12924] FXServer Starting - 8/9/2026, 10:23:13 pm      
║             TXADMIN║ ================================================================
[22:23:14] [ info] [citizen-server-i] Scanning resources
[22:23:14] [ info] [citizen-server-i] Found 92 resources
[22:23:14] [ warn] [citizen-resource] Resource 'bob74_ipl' uses the deprecated 'stream/' folder. Please rename it to 'stream_enhanced/' for future compatibility.
[22:23:14] [ warn] [citizen-resource] Resource 'qbx_hud' uses the deprecated 'stream/' folder. Please rename it to 'stream_enhanced/' for future compatibility.
[22:23:14] [ warn] [citizen-resource] Resource 'qbx_density' uses the deprecated 'stream/' folder. Please rename it to 'stream_enhanced/' for future compatibility.
[22:23:14] [ warn] [citizen-resource] Resource 'qbx_customs' uses the deprecated 'stream/' folder. Please rename it to 'stream_enhanced/' for future compatibility.
[22:23:14] [ warn] [citizen-resource] Resource 'qbx_properties' uses the deprecated 'stream/' folder. Please rename it to 'stream_enhanced/' for future compatibility.
[22:23:14] [ warn] [citizen-resource] Resource 'ultra-voltlab' uses the deprecated 'stream/' folder. Please rename it to 'stream_enhanced/' for future compatibility.
[22:23:14] [ warn] [citizen-resource] Resource 'scully_emotemenu' uses the deprecated 'stream/' folder. Please rename it to 'stream_enhanced/' for future compatibility.
[22:23:14] [error] [           fivem] sv_enforceGameBuild is used with an invalid value 3258. Only 1 is supported to remove any game dlcs.
[22:23:15] [ info] [         txadmin] [txAdmin] Resource v9.0.0-beta-646aba9a threads and commands set up. All Ready.
[22:23:15] [ info] [citizen-server-i] Starting resource mapmanager
[22:23:15] [ info] [citizen-server-i] Started resource mapmanager
[22:23:15] [ info] [citizen-server-i] Starting resource spawnmanager
[22:23:15] [ info] [citizen-server-i] Started resource spawnmanager
[22:23:15] [error] [citizen-server-i] Failed to ensure resource sessionmanager. Error: Resource "sessionmanager" not found
[22:23:15] [ info] [citizen-server-i] Stopped resource basic-gamemode
[22:23:15] [error] [citizen-server-i] Failed to ensure resource hardcap. Error: Resource "hardcap" not found
[22:23:15] [ info] [citizen-server-i] Starting resource baseevents
[22:23:16] [ info] [citizen-server-i] Started resource baseevents
[22:23:16] [ info] [citizen-server-i] Starting resource ox_lib
[22:23:16] [ info] [citizen-server-i] Started resource ox_lib
[22:23:16] [ info] [citizen-server-i] Starting resource qbx_core
[22:23:16] [ info] [citizen-server-i] Started resource qbx_core
[22:23:16] [ info] [citizen-server-i] Starting resource ox_target
[22:23:16] [ info] [citizen-server-i] Started resource ox_target
[22:23:16] [ info] [citizen-server-i] Starting resource ox_doorlock
[22:23:16] [ info] [citizen-server-i] Started resource ox_doorlock
[22:23:16] [ info] [citizen-server-i] Starting resource ox_fuel
[22:23:17] [ info] [citizen-server-i] Started resource ox_fuel
[22:23:17] [ info] [citizen-server-i] Starting resource qbx_adminmenu
[22:23:17] [ info] [citizen-server-i] Started resource qbx_adminmenu
[22:23:17] [ info] [citizen-server-i] Starting resource qbx_ambulancejob
[22:23:17] [ info] [citizen-server-i] Started resource qbx_ambulancejob
[22:23:17] [ info] [citizen-server-i] Starting resource qbx_bankrobbery
[22:23:17] [ info] [citizen-server-i] Started resource qbx_bankrobbery
[22:23:17] [ info] [citizen-server-i] Starting resource qbx_binoculars
[22:23:17] [ info] [citizen-server-i] Started resource qbx_binoculars
[22:23:17] [ info] [citizen-server-i] Starting resource qbx_busjob
[22:23:17] [ info] [citizen-server-i] Started resource qbx_busjob
[22:23:17] [ info] [citizen-server-i] Starting resource qbx_carwash
[22:23:17] [ info] [citizen-server-i] Started resource qbx_carwash
[22:23:17] [ info] [citizen-server-i] Starting resource qbx_chat_theme
[22:23:17] [ info] [citizen-server-i] Started resource qbx_chat_theme
[22:23:17] [ info] [citizen-server-i] Starting resource qbx_cityhall
[22:23:17] [ info] [citizen-server-i] Started resource qbx_cityhall
[22:23:17] [ info] [citizen-server-i] Starting resource qbx_customs
[22:23:17] [error] [citizen-server-i] Rsc7 file stream/vehicle_paint_ramps.ytd in resource qbx_customs has version 13, expected 5. Skipping cache generation for this file.
[22:23:17] [ info] [citizen-server-i] Started resource qbx_customs
[22:23:17] [ info] [citizen-server-i] Starting resource qbx_density
[22:23:17] [ info] [citizen-server-i] Started resource qbx_density
[22:23:17] [ info] [citizen-server-i] Starting resource qbx_divegear
[22:23:17] [ info] [citizen-server-i] Started resource qbx_divegear
[22:23:17] [ info] [citizen-server-i] Starting resource qbx_diving
[22:23:17] [ info] [citizen-server-i] Started resource qbx_diving
[22:23:17] [ info] [citizen-server-i] Starting resource qbx_drugs
[22:23:17] [ info] [citizen-server-i] Started resource qbx_drugs
[22:23:17] [ info] [citizen-server-i] Starting resource qbx_fireworks
[22:23:17] [ info] [citizen-server-i] Started resource qbx_fireworks
[22:23:17] [ info] [citizen-server-i] Starting resource qbx_garages
[22:23:17] [ info] [citizen-server-i] Started resource qbx_garages
[22:23:17] [ info] [citizen-server-i] Starting resource qbx_garbagejob
[22:23:17] [ info] [citizen-server-i] Started resource qbx_garbagejob
[22:23:17] [ info] [citizen-server-i] Starting resource qbx_houserobbery
[22:23:17] [ info] [citizen-server-i] Started resource qbx_houserobbery
[22:23:17] [ info] [citizen-server-i] Starting resource qbx_hud
[22:23:17] [error] [citizen-server-i] Rsc7 file stream/circlemap.ytd in resource qbx_hud has version 13, expected 5. Skipping cache generation for this file.
[22:23:17] [error] [citizen-server-i] Rsc7 file stream/minimap.ytd in resource qbx_hud has version 13, expected 5. Skipping cache generation for this file.
[22:23:17] [error] [citizen-server-i] Rsc7 file stream/squaremap.ytd in resource qbx_hud has version 13, expected 5. Skipping cache generation for this file.
[22:23:17] [ info] [citizen-server-i] Started resource qbx_hud
[22:23:17] [ info] [citizen-server-i] Starting resource qbx_idcard
[22:23:17] [ info] [citizen-server-i] Started resource qbx_idcard
[22:23:17] [ info] [citizen-server-i] Starting resource qbx_jewelery
[22:23:17] [ info] [citizen-server-i] Started resource qbx_jewelery
[22:23:17] [ info] [citizen-server-i] Starting resource qbx_lapraces
[22:23:17] [ info] [citizen-server-i] Started resource qbx_lapraces
[22:23:17] [ info] [citizen-server-i] Starting resource qbx_management
[22:23:17] [ info] [citizen-server-i] Started resource qbx_management
[22:23:17] [ info] [citizen-server-i] Starting resource qbx_mechanicjob
[22:23:17] [ info] [citizen-server-i] Started resource qbx_mechanicjob
[22:23:17] [ info] [citizen-server-i] Starting resource qbx_newsjob
[22:23:17] [ info] [citizen-server-i] Started resource qbx_newsjob
[22:23:17] [ info] [citizen-server-i] Starting resource qbx_pawnshop
[22:23:17] [ info] [citizen-server-i] Started resource qbx_pawnshop
[22:23:17] [ info] [citizen-server-i] Starting resource qbx_police
[22:23:18] [ info] [citizen-server-i] Started resource qbx_police
[22:23:18] [ info] [citizen-server-i] Starting resource qbx_properties
[22:23:18] [error] [citizen-server-i] Rsc7 file stream/auto_shop_board.ytd in resource qbx_properties has version 13, expected 5. Skipping cache generation for this file.
[22:23:18] [error] [citizen-server-i] Rsc7 file stream/auto_shop_board_img.ytd in resource qbx_properties has version 13, expected 5. Skipping cache generation for this file.
[22:23:18] [ info] [citizen-server-i] Started resource qbx_properties
[22:23:18] [ info] [citizen-server-i] Starting resource qbx_radialmenu
[22:23:18] [ info] [citizen-server-i] Started resource qbx_radialmenu
[22:23:18] [ info] [citizen-server-i] Starting resource qbx_recyclejob
[22:23:18] [ info] [citizen-server-i] Started resource qbx_recyclejob
[22:23:18] [ info] [citizen-server-i] Starting resource qbx_scoreboard
[22:23:18] [ info] [citizen-server-i] Started resource qbx_scoreboard
[22:23:18] [ info] [citizen-server-i] Starting resource qbx_scrapyard
[22:23:18] [ info] [citizen-server-i] Started resource qbx_scrapyard
[22:23:18] [ info] [citizen-server-i] Starting resource qbx_seatbelt
[22:23:18] [ info] [citizen-server-i] Started resource qbx_seatbelt
[22:23:18] [ info] [citizen-server-i] Starting resource qbx_smallresources
[22:23:18] [ info] [qbx_smallresourc] [qbx_smallresources] [WARN] [qbx_entitiesblacklist] You have entity blacklist enabled, this means that any entity that is blacklisted in config.lua will not be able to spawn, you can change this in qbx_smallresource/qbx_entitiesblacklist/config.lua
[22:23:18] [ info] [citizen-server-i] Started resource qbx_smallresources
[22:23:18] [ info] [citizen-server-i] Starting resource qbx_spawn
[22:23:18] [ info] [citizen-server-i] Started resource qbx_spawn
[22:23:18] [ info] [citizen-server-i] Starting resource qbx_storerobbery
[22:23:18] [ info] [citizen-server-i] Started resource qbx_storerobbery
[22:23:18] [ info] [citizen-server-i] Starting resource qbx_streetraces
[22:23:18] [ info] [citizen-server-i] Started resource qbx_streetraces
[22:23:18] [ info] [citizen-server-i] Starting resource qbx_taxijob
[22:23:18] [ info] [citizen-server-i] Started resource qbx_taxijob
[22:23:18] [ info] [citizen-server-i] Starting resource qbx_towjob
[22:23:18] [ info] [citizen-server-i] Started resource qbx_towjob
[22:23:18] [ info] [citizen-server-i] Starting resource qbx_truckerjob
[22:23:18] [ info] [citizen-server-i] Started resource qbx_truckerjob
[22:23:18] [ info] [citizen-server-i] Starting resource qbx_truckrobbery
[22:23:18] [ info] [citizen-server-i] Started resource qbx_truckrobbery
[22:23:18] [ info] [citizen-server-i] Starting resource qbx_vehiclekeys
[22:23:18] [ info] [citizen-server-i] Started resource qbx_vehiclekeys
[22:23:18] [ info] [citizen-server-i] Starting resource qbx_vehicles
[22:23:18] [ info] [citizen-server-i] Started resource qbx_vehicles
[22:23:18] [ info] [citizen-server-i] Starting resource qbx_vehiclesales
[22:23:18] [ info] [citizen-server-i] Started resource qbx_vehiclesales
[22:23:18] [ info] [citizen-server-i] Starting resource qbx_vehicleshop
[22:23:18] [ info] [citizen-server-i] Started resource qbx_vehicleshop
[22:23:18] [ info] [citizen-server-i] Starting resource qbx_vineyard
[22:23:18] [ info] [citizen-server-i] Started resource qbx_vineyard
[22:23:18] [ info] [citizen-server-i] Starting resource qbx_weed
[22:23:18] [ info] [citizen-server-i] Started resource qbx_weed
[22:23:18] [ info] [citizen-server-i] Starting resource bob74_ipl
[22:23:18] [error] [citizen-server-i] Rsc7 file stream/prop_palm_fan_04_d.ydr in resource bob74_ipl has version 165, expected 159. Skipping cache generation for this file.
[22:23:18] [error] [citizen-server-i] Rsc7 file stream/v_24_lgb_mesh_sofa_old.ydr in resource bob74_ipl has version 165, expected 159. Skipping cache generation for this file.
[22:23:18] [error] [citizen-server-i] Rsc7 file stream/v_24_llga_mesh_coffeetable_old.ydr in resource bob74_ipl has version 165, expected 159. Skipping cache generation for this file.
[22:23:18] [ info] [citizen-server-i] Started resource bob74_ipl
[22:23:18] [ info] [citizen-server-i] Starting resource illenium-appearance
[22:23:18] [ info] [citizen-server-i] Started resource illenium-appearance
[22:23:18] [ info] [citizen-server-i] Starting resource loadscreen
[22:23:19] [ info] [citizen-server-i] Started resource loadscreen
[22:23:19] [ info] [citizen-server-i] Starting resource mana_audio
[22:23:19] [ info] [citizen-server-i] Started resource mana_audio
[22:23:19] [ info] [citizen-server-i] Starting resource mhacking
[22:23:19] [ info] [citizen-server-i] Started resource mhacking
[22:23:19] [ info] [citizen-server-i] Starting resource Renewed-Banking
[22:23:19] [ info] [citizen-server-i] Started resource Renewed-Banking
[22:23:19] [ info] [citizen-server-i] Starting resource Renewed-Weathersync
[22:23:19] [ info] [citizen-server-i] Started resource Renewed-Weathersync
[22:23:19] [ info] [citizen-server-i] Starting resource safecracker
[22:23:19] [ info] [citizen-server-i] Started resource safecracker
[22:23:19] [ info] [citizen-server-i] Starting resource screencapture
[22:23:19] [ info] [citizen-server-i] Started resource screencapture
[22:23:19] [ info] [citizen-server-i] Starting resource scully_emotemenu
[22:23:20] [error] [citizen-server-i] Rsc7 file stream/[Animations]/[Sharror]/fgunpose@sharror.ycd in resource scully_emotemenu has version 80, expected 46. Skipping cache generation for this file.
[22:23:20] [error] [citizen-server-i] Rsc7 file stream/[Animations]/[Sharror]/fmodelpose1@sharror.ycd in resource scully_emotemenu has version 80, expected 46. Skipping cache generation for this file.
[22:23:20] [error] [citizen-server-i] Rsc7 file stream/[Animations]/[Sharror]/fmodelpose2@sharror.ycd in resource scully_emotemenu has version 80, expected 46. Skipping cache generation for this file.
[22:23:20] [error] [citizen-server-i] Rsc7 file stream/[Animations]/[Sharror]/fmodelpose3@sharror.ycd in resource scully_emotemenu has version 80, expected 46. Skipping cache generation for this file.
[22:23:20] [error] [citizen-server-i] Rsc7 file stream/[Animations]/[Sharror]/handinpocket@sharror.ycd in resource scully_emotemenu has version 80, expected 46. Skipping cache generation for this file.
[22:23:20] [error] [citizen-server-i] Rsc7 file stream/[Animations]/[Sharror]/lookdown@sharror.ycd in resource scully_emotemenu has version 80, expected 46. Skipping cache generation for this file.
[22:23:20] [error] [citizen-server-i] Rsc7 file stream/[Animations]/[Sharror]/mmodelpose1@sharror.ycd in resource scully_emotemenu has version 80, expected 46. Skipping cache generation for this file.
[22:23:20] [error] [citizen-server-i] Rsc7 file stream/[Animations]/[Sharror]/perspective1@sharror.ycd in resource scully_emotemenu has version 80, expected 46. Skipping cache generation for this file.
[22:23:20] [error] [citizen-server-i] Rsc7 file stream/[Animations]/[Sharror]/perspective2@sharror.ycd in resource scully_emotemenu has version 80, expected 46. Skipping cache generation for this file.
[22:23:20] [error] [citizen-server-i] Rsc7 file stream/[Animations]/[Sharror]/sitonground1@sharror.ycd in resource scully_emotemenu has version 80, expected 46. Skipping cache generation for this file.
[22:23:20] [error] [citizen-server-i] Rsc7 file stream/[Animations]/[Sharror]/stairpose1@sharror.ycd in resource scully_emotemenu has version 80, expected 46. Skipping cache generation for this file.
[22:23:20] [error] [citizen-server-i] Rsc7 file stream/[Animations]/[Sharror]/stairpose2@sharror.ycd in resource scully_emotemenu has version 80, expected 46. Skipping cache generation for this file.
[22:23:20] [error] [citizen-server-i] Rsc7 file stream/[Props]/[BzZzi]/bzzz_animal_fish002.ydr in resource scully_emotemenu has version 165, expected 159. Skipping cache generation for this file.
[22:23:20] [error] [citizen-server-i] Rsc7 file stream/[Props]/[BzZzi]/bzzz_cigarpack_cig001.ydr in resource scully_emotemenu has version 165, expected 159. Skipping cache generation for this file.
[22:23:20] [error] [citizen-server-i] Rsc7 file stream/[Props]/[BzZzi]/bzzz_cigarpack_cig002.ydr in resource scully_emotemenu has version 165, expected 159. Skipping cache generation for this file.
[22:23:20] [error] [citizen-server-i] Rsc7 file stream/[Props]/[BzZzi]/bzzz_cigarpack_cig003.ydr in resource scully_emotemenu has version 165, expected 159. Skipping cache generation for this file.
[22:23:20] [error] [citizen-server-i] Rsc7 file stream/[Props]/[BzZzi]/bzzz_food_dessert_a.ydr in resource scully_emotemenu has version 165, expected 159. Skipping cache generation for this file.
[22:23:20] [error] [citizen-server-i] Rsc7 file stream/[Props]/[BzZzi]/bzzz_food_xmas_gingerbread_a.ydr in resource scully_emotemenu has version 165, expected 159. Skipping cache generation for this file.
[22:23:20] [error] [citizen-server-i] Rsc7 file stream/[Props]/[BzZzi]/bzzz_food_xmas_lollipop_a.ydr in resource scully_emotemenu has version 165, expected 159. Skipping cache generation for this file.
[22:23:20] [error] [citizen-server-i] Rsc7 file stream/[Props]/[BzZzi]/bzzz_food_xmas_lollipop_b.ydr in resource scully_emotemenu has version 165, expected 159. Skipping cache generation for this file.
[22:23:20] [error] [citizen-server-i] Rsc7 file stream/[Props]/[BzZzi]/bzzz_food_xmas_lollipop_c.ydr in resource scully_emotemenu has version 165, expected 159. Skipping cache generation for this file.
[22:23:20] [error] [citizen-server-i] Rsc7 file stream/[Props]/[BzZzi]/bzzz_food_xmas_lollipop_d.ydr in resource scully_emotemenu has version 165, expected 159. Skipping cache generation for this file.
[22:23:20] [error] [citizen-server-i] Rsc7 file stream/[Props]/[BzZzi]/bzzz_food_xmas_lollipop_e.ydr in resource scully_emotemenu has version 165, expected 159. Skipping cache generation for this file.
[22:23:20] [error] [citizen-server-i] Rsc7 file stream/[Props]/[BzZzi]/bzzz_food_xmas_macaroon_a.ydr in resource scully_emotemenu has version 165, expected 159. Skipping cache generation for this file.
[22:23:20] [error] [citizen-server-i] Rsc7 file stream/[Props]/[BzZzi]/bzzz_food_xmas_mug_a.ydr in resource scully_emotemenu has version 165, expected 159. Skipping cache generation for this file.
[22:23:20] [error] [citizen-server-i] Rsc7 file stream/[Props]/[BzZzi]/bzzz_food_xmas_mug_b.ydr in resource scully_emotemenu has version 165, expected 159. Skipping cache generation for this file.
[22:23:20] [error] [citizen-server-i] Rsc7 file stream/[Props]/[BzZzi]/bzzz_food_xmas_mulled_wine_a.ydr in resource scully_emotemenu has version 165, expected 159. Skipping cache generation for this file.
[22:23:20] [error] [citizen-server-i] Rsc7 file stream/[Props]/[BzZzi]/bzzz_foodpack_croissant001.ydr in resource scully_emotemenu has version 165, expected 159. Skipping cache generation for this file.
[22:23:20] [error] [citizen-server-i] Rsc7 file stream/[Props]/[BzZzi]/bzzz_foodpack_donut001.ydr in resource scully_emotemenu has version 165, expected 159. Skipping cache generation for this file.
[22:23:20] [error] [citizen-server-i] Rsc7 file stream/[Props]/[BzZzi]/bzzz_foodpack_donut002.ydr in resource scully_emotemenu has version 165, expected 159. Skipping cache generation for this file.
[22:23:20] [error] [citizen-server-i] Rsc7 file stream/[Props]/[BzZzi]/bzzz_icecream_cherry.ydr in resource scully_emotemenu has version 165, expected 159. Skipping cache generation for this file.
[22:23:20] [error] [citizen-server-i] Rsc7 file stream/[Props]/[BzZzi]/bzzz_icecream_chocolate.ydr in resource scully_emotemenu has version 165, expected 159. Skipping cache generation for this file.
[22:23:20] [error] [citizen-server-i] Rsc7 file stream/[Props]/[BzZzi]/bzzz_icecream_lemon.ydr in resource scully_emotemenu has version 165, expected 159. Skipping cache generation for this file.
[22:23:20] [error] [citizen-server-i] Rsc7 file stream/[Props]/[BzZzi]/bzzz_icecream_pistachio.ydr in resource scully_emotemenu has version 165, expected 159. Skipping cache generation for this file.
[22:23:20] [error] [citizen-server-i] Rsc7 file stream/[Props]/[BzZzi]/bzzz_icecream_raspberry.ydr in resource scully_emotemenu has version 165, expected 159. Skipping cache generation for this file.
[22:23:20] [error] [citizen-server-i] Rsc7 file stream/[Props]/[BzZzi]/bzzz_icecream_stracciatella.ydr in resource scully_emotemenu has version 165, expected 159. Skipping cache generation for this file.
[22:23:20] [error] [citizen-server-i] Rsc7 file stream/[Props]/[BzZzi]/bzzz_icecream_strawberry.ydr in resource scully_emotemenu has version 165, expected 159. Skipping cache generation for this file.
[22:23:20] [error] [citizen-server-i] Rsc7 file stream/[Props]/[BzZzi]/bzzz_icecream_walnut.ydr in resource scully_emotemenu has version 165, expected 159. Skipping cache generation for this file.
[22:23:20] [error] [citizen-server-i] Rsc7 file stream/[Props]/[BzZzi]/bzzz_murder_axe001.ydr in resource scully_emotemenu has version 165, expected 159. Skipping cache generation for this file.
[22:23:20] [error] [citizen-server-i] Rsc7 file stream/[Props]/[BzZzi]/bzzz_murder_durex001.ydr in resource scully_emotemenu has version 165, expected 159. Skipping cache generation for this file.
[22:23:20] [error] [citizen-server-i] Rsc7 file stream/[Props]/[BzZzi]/bzzz_murder_machete001.ydr in resource scully_emotemenu has version 165, expected 159. Skipping cache generation for this file.
[22:23:20] [error] [citizen-server-i] Rsc7 file stream/[Props]/[BzZzi]/bzzz_pizzahut_box_a.ydr in resource scully_emotemenu has version 165, expected 159. Skipping cache generation for this file.
[22:23:20] [error] [citizen-server-i] Rsc7 file stream/[Props]/[BzZzi]/bzzz_pizzahut_box_a.ytd in resource scully_emotemenu has version 13, expected 5. Skipping cache generation for this file.
[22:23:20] [error] [citizen-server-i] Rsc7 file stream/[Props]/[BzZzi]/bzzz_pizzahut_cup_a.ydr in resource scully_emotemenu has version 165, expected 159. Skipping cache generation for this file.
[22:23:20] [error] [citizen-server-i] Rsc7 file stream/[Props]/[BzZzi]/bzzz_pizzahut_cup_a.ytd in resource scully_emotemenu has version 13, expected 5. Skipping cache generation for this file.
[22:23:20] [error] [citizen-server-i] Rsc7 file stream/[Props]/[BzZzi]/bzzz_pizzahut_menu_a.ydr in resource scully_emotemenu has version 165, expected 159. Skipping cache generation for this file.
[22:23:20] [error] [citizen-server-i] Rsc7 file stream/[Props]/[BzZzi]/bzzz_pizzahut_menu_a.ytd in resource scully_emotemenu has version 13, expected 5. Skipping cache generation for this file.
[22:23:20] [error] [citizen-server-i] Rsc7 file stream/[Props]/[BzZzi]/bzzz_prop_gift_bonbonier.ydr in resource scully_emotemenu has version 165, expected 159. Skipping cache generation for this file.
[22:23:20] [error] [citizen-server-i] Rsc7 file stream/[Props]/[BzZzi]/bzzz_prop_gift_jewel.ydr in resource scully_emotemenu has version 165, expected 159. Skipping cache generation for this file.
[22:23:20] [error] [citizen-server-i] Rsc7 file stream/[Props]/[BzZzi]/bzzz_prop_gift_orange.ydr in resource scully_emotemenu has version 165, expected 159. Skipping cache generation for this file.
[22:23:20] [error] [citizen-server-i] Rsc7 file stream/[Props]/[BzZzi]/bzzz_prop_gift_purple.ydr in resource scully_emotemenu has version 165, expected 159. Skipping cache generation for this file.
[22:23:20] [error] [citizen-server-i] Rsc7 file stream/[Props]/[BzZzi]/bzzz_prop_torch_fire001.ydr in resource scully_emotemenu has version 165, expected 159. Skipping cache generation for this file.
[22:23:20] [error] [citizen-server-i] Rsc7 file stream/[Props]/[EP]/pprp_icefishing_augur.ydr in resource scully_emotemenu has version 165, expected 159. Skipping cache generation for this file.
[22:23:20] [error] [citizen-server-i] Rsc7 file stream/[Props]/[EP]/pprp_icefishing_box_01.ydr in resource scully_emotemenu has version 165, expected 159. Skipping cache generation for this file.
[22:23:20] [error] [citizen-server-i] Rsc7 file stream/[Props]/[EP]/pprp_icefishing_box_02.ydr in resource scully_emotemenu has version 165, expected 159. Skipping cache generation for this file.
[22:23:20] [error] [citizen-server-i] Rsc7 file stream/[Props]/[Natty3d]/natty_lollipop01.ydr in resource scully_emotemenu has version 165, expected 159. Skipping cache generation for this file.
[22:23:20] [error] [citizen-server-i] Rsc7 file stream/[Props]/[Natty3d]/natty_lollipop02.ydr in resource scully_emotemenu has version 165, expected 159. Skipping cache generation for this file.
[22:23:20] [error] [citizen-server-i] Rsc7 file stream/[Props]/[Natty3d]/natty_lollipop03.ydr in resource scully_emotemenu has version 165, expected 159. Skipping cache generation for this file.
[22:23:20] [error] [citizen-server-i] Rsc7 file stream/[Props]/[Natty3d]/natty_lollipop04.ydr in resource scully_emotemenu has version 165, expected 159. Skipping cache generation for this file.
[22:23:20] [error] [citizen-server-i] Rsc7 file stream/[Props]/[Natty3d]/natty_lollipop05.ydr in resource scully_emotemenu has version 165, expected 159. Skipping cache generation for this file.
[22:23:20] [error] [citizen-server-i] Rsc7 file stream/[Props]/[Natty3d]/natty_lollipop_spin01.ydr in resource scully_emotemenu has version 165, expected 159. Skipping cache generation for this file.
[22:23:20] [error] [citizen-server-i] Rsc7 file stream/[Props]/[Natty3d]/natty_lollipop_spin02.ydr in resource scully_emotemenu has version 165, expected 159. Skipping cache generation for this file.
[22:23:20] [error] [citizen-server-i] Rsc7 file stream/[Props]/[Natty3d]/natty_lollipop_spin03.ydr in resource scully_emotemenu has version 165, expected 159. Skipping cache generation for this file.
[22:23:20] [error] [citizen-server-i] Rsc7 file stream/[Props]/[Natty3d]/natty_lollipop_spin04.ydr in resource scully_emotemenu has version 165, expected 159. Skipping cache generation for this file.
[22:23:20] [error] [citizen-server-i] Rsc7 file stream/[Props]/[Natty3d]/natty_lollipop_spin05.ydr in resource scully_emotemenu has version 165, expected 159. Skipping cache generation for this file.
[22:23:20] [error] [citizen-server-i] Rsc7 file stream/[Props]/[Natty3d]/natty_lollipop_spiral01.ydr in resource scully_emotemenu has version 165, expected 159. Skipping cache generation for this file.
[22:23:20] [error] [citizen-server-i] Rsc7 file stream/[Props]/[Natty3d]/natty_lollipop_spiral02.ydr in resource scully_emotemenu has version 165, expected 159. Skipping cache generation for this file.
[22:23:20] [error] [citizen-server-i] Rsc7 file stream/[Props]/[Natty3d]/natty_lollipop_spiral03.ydr in resource scully_emotemenu has version 165, expected 159. Skipping cache generation for this file.
[22:23:20] [error] [citizen-server-i] Rsc7 file stream/[Props]/[Natty3d]/natty_lollipop_spiral04.ydr in resource scully_emotemenu has version 165, expected 159. Skipping cache generation for this file.
[22:23:20] [error] [citizen-server-i] Rsc7 file stream/[Props]/[Natty3d]/natty_lollipop_spiral05.ydr in resource scully_emotemenu has version 165, expected 159. Skipping cache generation for this file.
[22:23:20] [error] [citizen-server-i] Rsc7 file stream/[Props]/[Natty3d]/natty_lollipop_spiral06.ydr in resource scully_emotemenu has version 165, expected 159. Skipping cache generation for this file.
[22:23:20] [error] [citizen-server-i] Rsc7 file stream/[Props]/[Natty3d]/natty_props_lollipops.ytd in resource scully_emotemenu has version 13, expected 5. Skipping cache generation for this file.
[22:23:20] [error] [citizen-server-i] Rsc7 file stream/[Props]/[Rockstar]/p_amb_brolly_01.ydr in resource scully_emotemenu has version 165, expected 159. Skipping cache generation for this file.
[22:23:20] [error] [citizen-server-i] Rsc7 file stream/[Props]/[Rockstar]/p_cs_clipboard.ydr in resource scully_emotemenu has version 165, expected 159. Skipping cache generation for this file.
[22:23:20] [error] [citizen-server-i] Rsc7 file stream/[Props]/[SMGMissy]/lilprideflag1.ydr in resource scully_emotemenu has version 165, expected 159. Skipping cache generation for this file.
[22:23:20] [error] [citizen-server-i] Rsc7 file stream/[Props]/[SMGMissy]/lilprideflag2.ydr in resource scully_emotemenu has version 165, expected 159. Skipping cache generation for this file.
[22:23:20] [error] [citizen-server-i] Rsc7 file stream/[Props]/[SMGMissy]/lilprideflag3.ydr in resource scully_emotemenu has version 165, expected 159. Skipping cache generation for this file.
[22:23:20] [error] [citizen-server-i] Rsc7 file stream/[Props]/[SMGMissy]/lilprideflag4.ydr in resource scully_emotemenu has version 165, expected 159. Skipping cache generation for this file.
[22:23:20] [error] [citizen-server-i] Rsc7 file stream/[Props]/[SMGMissy]/lilprideflag5.ydr in resource scully_emotemenu has version 165, expected 159. Skipping cache generation for this file.
[22:23:20] [error] [citizen-server-i] Rsc7 file stream/[Props]/[SMGMissy]/lilprideflag6.ydr in resource scully_emotemenu has version 165, expected 159. Skipping cache generation for this file.
[22:23:20] [error] [citizen-server-i] Rsc7 file stream/[Props]/[SMGMissy]/lilprideflag7.ydr in resource scully_emotemenu has version 165, expected 159. Skipping cache generation for this file.
[22:23:20] [error] [citizen-server-i] Rsc7 file stream/[Props]/[SMGMissy]/lilprideflag8.ydr in resource scully_emotemenu has version 165, expected 159. Skipping cache generation for this file.
[22:23:20] [error] [citizen-server-i] Rsc7 file stream/[Props]/[SMGMissy]/lilprideflag9.ydr in resource scully_emotemenu has version 165, expected 159. Skipping cache generation for this file.
[22:23:20] [error] [citizen-server-i] Rsc7 file stream/[Props]/[SMGMissy]/pride_sign_01.ydr in resource scully_emotemenu has version 165, expected 159. Skipping cache generation for this file.
[22:23:20] [error] [citizen-server-i] Rsc7 file stream/[Props]/[SMGMissy]/prideflag1.ydr in resource scully_emotemenu has version 165, expected 159. Skipping cache generation for this file.
[22:23:20] [error] [citizen-server-i] Rsc7 file stream/[Props]/[SMGMissy]/prideflag2.ydr in resource scully_emotemenu has version 165, expected 159. Skipping cache generation for this file.
[22:23:20] [error] [citizen-server-i] Rsc7 file stream/[Props]/[SMGMissy]/prideflag3.ydr in resource scully_emotemenu has version 165, expected 159. Skipping cache generation for this file.
[22:23:20] [error] [citizen-server-i] Rsc7 file stream/[Props]/[SMGMissy]/prideflag4.ydr in resource scully_emotemenu has version 165, expected 159. Skipping cache generation for this file.
[22:23:20] [error] [citizen-server-i] Rsc7 file stream/[Props]/[SMGMissy]/prideflag5.ydr in resource scully_emotemenu has version 165, expected 159. Skipping cache generation for this file.
[22:23:20] [error] [citizen-server-i] Rsc7 file stream/[Props]/[SMGMissy]/prideflag6.ydr in resource scully_emotemenu has version 165, expected 159. Skipping cache generation for this file.
[22:23:20] [error] [citizen-server-i] Rsc7 file stream/[Props]/[SMGMissy]/prideflag7.ydr in resource scully_emotemenu has version 165, expected 159. Skipping cache generation for this file.
[22:23:20] [error] [citizen-server-i] Rsc7 file stream/[Props]/[SMGMissy]/prideflag8.ydr in resource scully_emotemenu has version 165, expected 159. Skipping cache generation for this file.
[22:23:20] [error] [citizen-server-i] Rsc7 file stream/[Props]/[SMGMissy]/prideflag9.ydr in resource scully_emotemenu has version 165, expected 159. Skipping cache generation for this file.
[22:23:20] [error] [citizen-server-i] Rsc7 file stream/[Props]/[Sam]/prop_lspd_badge+hidr.ytd in resource scully_emotemenu has version 13, expected 5. Skipping cache generation for this file.
[22:23:20] [error] [citizen-server-i] Rsc7 file stream/[Props]/[Sam]/prop_lspd_badge.ydr in resource scully_emotemenu has version 165, expected 159. Skipping cache generation for this file.
[22:23:20] [error] [citizen-server-i] Rsc7 file stream/[Props]/[Scully]/scully_blm.ydr in resource scully_emotemenu has version 165, expected 159. Skipping cache generation for this file.
[22:23:20] [error] [citizen-server-i] Rsc7 file stream/[Props]/[Scully]/scully_boba.ydr in resource scully_emotemenu has version 165, expected 159. Skipping cache generation for this file.
[22:23:20] [error] [citizen-server-i] Rsc7 file stream/[Props]/[Scully]/scully_boba2.ydr in resource scully_emotemenu has version 165, expected 159. Skipping cache generation for this file.
[22:23:20] [error] [citizen-server-i] Rsc7 file stream/[Props]/[Scully]/scully_boba3.ydr in resource scully_emotemenu has version 165, expected 159. Skipping cache generation for this file.
[22:23:20] [error] [citizen-server-i] Rsc7 file stream/[Props]/[Scully]/scully_pho.ydr in resource scully_emotemenu has version 165, expected 159. Skipping cache generation for this file.
[22:23:20] [error] [citizen-server-i] Rsc7 file stream/[Props]/[Scully]/scully_spoon_pho.ydr in resource scully_emotemenu has version 165, expected 159. Skipping cache generation for this file.
[22:23:20] [error] [citizen-server-i] Rsc7 file stream/[Props]/[Ultrahacx]/ultra_ringcase.ydr in resource scully_emotemenu has version 165, expected 159. Skipping cache generation for this file.
[22:23:20] [ info] [citizen-server-i] Started resource scully_emotemenu
[22:23:20] [ info] [citizen-server-i] Starting resource ultra-voltlab
[22:23:20] [error] [citizen-server-i] Rsc7 file stream/mpisland_voltage.ytd in resource ultra-voltlab has version 13, expected 5. Skipping cache generation for this file.
[22:23:20] [error] [citizen-server-i] Rsc7 file stream/mpisland_voltage_bg.ytd in resource ultra-voltlab has version 13, expected 5. Skipping cache generation for this file.
[22:23:20] [ info] [citizen-server-i] Started resource ultra-voltlab
[22:23:20] [ info] [citizen-server-i] Starting resource vehiclehandler
[22:23:20] [ info] [citizen-server-i] Started resource vehiclehandler
[22:23:20] [ info] [citizen-server-i] Starting resource xt-prison
[22:23:20] [error] [extra-natives-fi] Command jail is already registered.
[22:23:20] [error] [extra-natives-fi] Command unjail is already registered.
[22:23:20] [ info] [citizen-server-i] Started resource xt-prison
[22:23:20] [ info] [citizen-server-i] Starting resource mm_radio
[22:23:20] [ info] [citizen-server-i] Started resource mm_radio
[22:23:20] [error] [citizen-server-i] No resources found for category [assets]
[22:23:20] [ info] [citizen-server-i] Starting resource npwd_qbx_garages
[22:23:20] [ info] [citizen-server-i] Started resource npwd_qbx_garages
[22:23:20] [ info] [citizen-server-i] Starting resource npwd_qbx_mail
[22:23:20] [ info] [citizen-server-i] Started resource npwd_qbx_mail
[22:23:20] [ info] [citizen-server-i] Starting resource qbx_npwd
[22:23:20] [ info] [citizen-server-i] Started resource qbx_npwd
[22:23:20] [ info] [citizen-server-i] Starting resource npwd
[22:23:21] [ info] [citizen-server-i] Started resource npwd
║              STDERR║ (node:12924) ExperimentalWarning: localStorage is not available because --localstorage-file was not provided.
║              STDERR║ (Use `node --trace-warnings ...` to show where the warning was created)
[22:23:21] [ warn] [              js] Unhandled promise rejection in resource npwd
[22:23:21] [ warn] [              js] Uncaught Error: Driver not found.
dist/game/server/server.js(5138,130): getDriver
dist/game/server/server.js(5199,28): 
node:internal/process/task_queues(104,5): processTicksAndRejections

[22:23:21] [ warn] [              js] Unhandled promise rejection in resource npwd
[22:23:21] [ warn] [              js] Uncaught Error: Driver not found.
dist/game/server/server.js(5138,130): getDriver
dist/game/server/server.js(5199,28): 
node:internal/process/task_queues(104,5): processTicksAndRejections

[22:23:21] [ warn] [              js] Unhandled promise rejection in resource npwd
[22:23:21] [ warn] [              js] Uncaught Error: No available storage method found.
dist/game/server/server.js(5207,27): 
node:internal/process/task_queues(104,5): processTicksAndRejections

[22:23:21] [error] [citizen-server-i] Server list query returned an error: server request failed: server request failed for endpoint https://171.76.87.229:30120/dynamic.json (Get "https://171.76.87.229:30120/dynamic.json": context deadline exceeded (Client.Timeout exceeded while awaiting headers))
server request failed: server request failed for endpoint https://171.76.87.229:30120/players.json (Get "https://171.76.87.229:30120/players.json": context deadline exceeded (Client.Timeout exceeded while awaiting headers))
server request failed: server request failed for endpoint https://171.76.87.229:30120/info.json (Get "https://171.76.87.229:30120/info.json": context deadline exceeded (Client.Timeout exceeded while awaiting headers)).
[22:23:22] [ warn] [citizen-server-i] ScheduleResourceTick: This native is deprecated. Script resources in FiveM for GTAV Enhanced are running on the same tick rate as the server main tick.
[22:23:22] [ info] [         oxmysql] [12.3.3-MariaDB] Database server connection established!
[22:23:22] [ info] [       xt-prison] [xt-prison] [INFO] Initializing Table: xt_prison
[22:23:22] [ info] [       xt-prison] [xt-prison] [INFO] Initializing Table: xt_prison_items
[22:23:22] [ info] [        qbx_core] 
Welcome to Qbox!
To learn more, please check out the documentation at https://docs.qbox.re/.
To turn this message off, set the qbx:acknowledge convar to true in your server.cfg file.

[22:23:22] [ info] [    ox_inventory] [ox_inventory] [INFO] Inventory has loaded 301 items
[22:23:22] [ info] [        qbx_core] [qbx_core] [INFO] Removed invalid groups from player_groups table
[22:23:22] [ info] [         oxmysql] [12.3.3-MariaDB] qbx_core took 314.1471ms to execute a query!
CREATE INDEX IF NOT EXISTS `idx_users_license` ON `users` (`license`) []
[22:23:22] [ info] [         oxmysql] [12.3.3-MariaDB] qbx_core took 328.8855ms to execute a query!
CREATE INDEX IF NOT EXISTS `idx_users_discord` ON `users` (`discord`) []
[22:23:22] [ info] [scully_emotemenu] [scully_emotemenu] You are currently running the latest version.
[22:23:52] [error] [citizen-server-i] Server list query returned an error: server request failed: server request failed for endpoint https://171.76.87.229:30120/players.json (Get "https://171.76.87.229:30120/players.json": context deadline exceeded (Client.Timeout exceeded while awaiting headers))
server request failed: server request failed for endpoint https://171.76.87.229:30120/info.json (Get "https://171.76.87.229:30120/info.json": context deadline exceeded (Client.Timeout exceeded while awaiting headers))
server request failed: server request failed for endpoint https://171.76.87.229:30120/dynamic.json (Get "https://171.76.87.229:30120/dynamic.json": context deadline exceeded (Client.Timeout exceeded while awaiting headers)).
[22:24:22] [error] [citizen-server-i] Server list query returned an error: server request failed: server request failed for endpoint https://171.76.87.229:30120/players.json (Get "https://171.76.87.229:30120/players.json": context deadline exceeded (Client.Timeout exceeded while awaiting headers))
server request failed: server request failed for endpoint https://171.76.87.229:30120/info.json (Get "https://171.76.87.229:30120/info.json": context deadline exceeded (Client.Timeout exceeded while awaiting headers))
server request failed: server request failed for endpoint https://171.76.87.229:30120/dynamic.json (Get "https://171.76.87.229:30120/dynamic.json": context deadline exceeded (Client.Timeout exceeded while awaiting headers)).
[22:24:52] [error] [citizen-server-i] Server list query returned an error: server request failed: server request failed for endpoint https://171.76.87.229:30120/players.json (Get "https://171.76.87.229:30120/players.json": context deadline exceeded (Client.Timeout exceeded while awaiting headers))
server request failed: server request failed for endpoint https://171.76.87.229:30120/info.json (Get "https://171.76.87.229:30120/info.json": context deadline exceeded (Client.Timeout exceeded while awaiting headers))
server request failed: server request failed for endpoint https://171.76.87.229:30120/dynamic.json (Get "https://171.76.87.229:30120/dynamic.json": context deadline exceeded (Client.Timeout exceeded while awaiting headers)).
[22:25:23] [error] [citizen-server-i] Server list query returned an error: server request failed: server request failed for endpoint https://171.76.87.229:30120/players.json (Get "https://171.76.87.229:30120/players.json": context deadline exceeded (Client.Timeout exceeded while awaiting headers))
server request failed: server request failed for endpoint https://171.76.87.229:30120/info.json (Get "https://171.76.87.229:30120/info.json": context deadline exceeded (Client.Timeout exceeded while awaiting headers))
server request failed: server request failed for endpoint https://171.76.87.229:30120/dynamic.json (Get "https://171.76.87.229:30120/dynamic.json": context deadline exceeded (Client.Timeout exceeded while awaiting headers)).
[22:25:31] [ info] [        qbx_core] [qbx_core] [INFO] NotAGirl has created a character
[22:25:53] [error] [citizen-server-i] Server list query returned an error: server request failed: server request failed for endpoint https://171.76.87.229:30120/info.json (Get "https://171.76.87.229:30120/info.json": context deadline exceeded (Client.Timeout exceeded while awaiting headers))
server request failed: server request failed for endpoint https://171.76.87.229:30120/dynamic.json (Get "https://171.76.87.229:30120/dynamic.json": context deadline exceeded (Client.Timeout exceeded while awaiting headers))
server request failed: server request failed for endpoint https://171.76.87.229:30120/players.json (Get "https://171.76.87.229:30120/players.json": context deadline exceeded (Client.Timeout exceeded while awaiting headers)).
[22:26:23] [error] [citizen-server-i] Server list query returned an error: server request failed: server request failed for endpoint https://171.76.87.229:30120/info.json (Get "https://171.76.87.229:30120/info.json": context deadline exceeded (Client.Timeout exceeded while awaiting headers))
server request failed: server request failed for endpoint https://171.76.87.229:30120/dynamic.json (Get "https://171.76.87.229:30120/dynamic.json": context deadline exceeded (Client.Timeout exceeded while awaiting headers))
server request failed: server request failed for endpoint https://171.76.87.229:30120/players.json (Get "https://171.76.87.229:30120/players.json": context deadline exceeded (Client.Timeout exceeded while awaiting headers)).
[22:26:54] [error] [citizen-server-i] Server list query returned an error: server request failed: server request failed for endpoint https://171.76.87.229:30120/info.json (Get "https://171.76.87.229:30120/info.json": context deadline exceeded (Client.Timeout exceeded while awaiting headers))
server request failed: server request failed for endpoint https://171.76.87.229:30120/dynamic.json (Get "https://171.76.87.229:30120/dynamic.json": context deadline exceeded (Client.Timeout exceeded while awaiting headers))
server request failed: server request failed for endpoint https://171.76.87.229:30120/players.json (Get "https://171.76.87.229:30120/players.json": context deadline exceeded (Client.Timeout exceeded while awaiting headers)).
[22:27:24] [error] [citizen-server-i] Server list query returned an error: server request failed: server request failed for endpoint https://171.76.87.229:30120/info.json (Get "https://171.76.87.229:30120/info.json": context deadline exceeded (Client.Timeout exceeded while awaiting headers))
server request failed: server request failed for endpoint https://171.76.87.229:30120/dynamic.json (Get "https://171.76.87.229:30120/dynamic.json": context deadline exceeded (Client.Timeout exceeded while awaiting headers))
server request failed: server request failed for endpoint https://171.76.87.229:30120/players.json (Get "https://171.76.87.229:30120/players.json": context deadline exceeded (Client.Timeout exceeded while awaiting headers)).
[22:27:55] [error] [citizen-server-i] Server list query returned an error: server request failed: server request failed for endpoint https://171.76.87.229:30120/dynamic.json (Get "https://171.76.87.229:30120/dynamic.json": context deadline exceeded (Client.Timeout exceeded while awaiting headers))
server request failed: server request failed for endpoint https://171.76.87.229:30120/info.json (Get "https://171.76.87.229:30120/info.json": context deadline exceeded (Client.Timeout exceeded while awaiting headers))
server request failed: server request failed for endpoint https://171.76.87.229:30120/players.json (Get "https://171.76.87.229:30120/players.json": context deadline exceeded (Client.Timeout exceeded while awaiting headers)).
[22:28:25] [error] [citizen-server-i] Server list query returned an error: server request failed: server request failed for endpoint https://171.76.87.229:30120/dynamic.json (Get "https://171.76.87.229:30120/dynamic.json": context deadline exceeded (Client.Timeout exceeded while awaiting headers))
server request failed: server request failed for endpoint https://171.76.87.229:30120/info.json (Get "https://171.76.87.229:30120/info.json": context deadline exceeded (Client.Timeout exceeded while awaiting headers))
server request failed: server request failed for endpoint https://171.76.87.229:30120/players.json (Get "https://171.76.87.229:30120/players.json": context deadline exceeded (Client.Timeout exceeded while awaiting headers)).
[22:28:36] [fatal] [ qbx_vehicleshop] @qbx_core/modules/lib.lua:383: unable to successfully spawn vehicle after 3 attempts
> error
> spawnVehicle (qbx_core/modules/lib.lua:383)
> SpawnVehicle (qbx_vehicleshop/server/utils.lua:106)
> [global chunk] (qbx_vehicleshop/server/main.lua:147)

[22:28:55] [error] [citizen-server-i] Server list query returned an error: server request failed: server request failed for endpoint https://171.76.87.229:30120/dynamic.json (Get "https://171.76.87.229:30120/dynamic.json": context deadline exceeded (Client.Timeout exceeded while awaiting headers))
server request failed: server request failed for endpoint https://171.76.87.229:30120/info.json (Get "https://171.76.87.229:30120/info.json": context deadline exceeded (Client.Timeout exceeded while awaiting headers))
server request failed: server request failed for endpoint https://171.76.87.229:30120/players.json (Get "https://171.76.87.229:30120/players.json": context deadline exceeded (Client.Timeout exceeded while awaiting headers)).
[22:29:26] [error] [citizen-server-i] Server list query returned an error: server request failed: server request failed for endpoint https://171.76.87.229:30120/dynamic.json (Get "https://171.76.87.229:30120/dynamic.json": context deadline exceeded (Client.Timeout exceeded while awaiting headers))
server request failed: server request failed for endpoint https://171.76.87.229:30120/info.json (Get "https://171.76.87.229:30120/info.json": context deadline exceeded (Client.Timeout exceeded while awaiting headers))
server request failed: server request failed for endpoint https://171.76.87.229:30120/players.json (Get "https://171.76.87.229:30120/players.json": context deadline exceeded (Client.Timeout exceeded while awaiting headers)).
[22:29:56] [error] [citizen-server-i] Server list query returned an error: server request failed: server request failed for endpoint https://171.76.87.229:30120/players.json (Get "https://171.76.87.229:30120/players.json": context deadline exceeded (Client.Timeout exceeded while awaiting headers))
server request failed: server request failed for endpoint https://171.76.87.229:30120/dynamic.json (Get "https://171.76.87.229:30120/dynamic.json": context deadline exceeded (Client.Timeout exceeded while awaiting headers))
server request failed: server request failed for endpoint https://171.76.87.229:30120/info.json (Get "https://171.76.87.229:30120/info.json": context deadline exceeded (Client.Timeout exceeded while awaiting headers)).
[22:30:00] [ info] [    ox_inventory] [ox_inventory] [INFO] Saving 1 inventories to the database
[22:30:00] [ info] [    ox_inventory] [ox_inventory] [INFO] Saved 1/1 players (30.5467 ms)
[22:30:26] [error] [citizen-server-i] Server list query returned an error: server request failed: server request failed for endpoint https://171.76.87.229:30120/players.json (Get "https://171.76.87.229:30120/players.json": context deadline exceeded (Client.Timeout exceeded while awaiting headers))
server request failed: server request failed for endpoint https://171.76.87.229:30120/dynamic.json (Get "https://171.76.87.229:30120/dynamic.json": context deadline exceeded (Client.Timeout exceeded while awaiting headers))
server request failed: server request failed for endpoint https://171.76.87.229:30120/info.json (Get "https://171.76.87.229:30120/info.json": context deadline exceeded (Client.Timeout exceeded while awaiting headers)).
[22:30:57] [error] [citizen-server-i] Server list query returned an error: server request failed: server request failed for endpoint https://171.76.87.229:30120/players.json (Get "https://171.76.87.229:30120/players.json": context deadline exceeded (Client.Timeout exceeded while awaiting headers))
server request failed: server request failed for endpoint https://171.76.87.229:30120/dynamic.json (Get "https://171.76.87.229:30120/dynamic.json": context deadline exceeded (Client.Timeout exceeded while awaiting headers))
server request failed: server request failed for endpoint https://171.76.87.229:30120/info.json (Get "https://171.76.87.229:30120/info.json": context deadline exceeded (Client.Timeout exceeded while awaiting headers)).
[22:31:27] [error] [citizen-server-i] Server list query returned an error: server request failed: server request failed for endpoint https://171.76.87.229:30120/players.json (Get "https://171.76.87.229:30120/players.json": context deadline exceeded (Client.Timeout exceeded while awaiting headers))
server request failed: server request failed for endpoint https://171.76.87.229:30120/dynamic.json (Get "https://171.76.87.229:30120/dynamic.json": context deadline exceeded (Client.Timeout exceeded while awaiting headers))
server request failed: server request failed for endpoint https://171.76.87.229:30120/info.json (Get "https://171.76.87.229:30120/info.json": context deadline exceeded (Client.Timeout exceeded while awaiting headers)).
[22:31:57] [error] [citizen-server-i] Server list query returned an error: server request failed: server request failed for endpoint https://171.76.87.229:30120/players.json (Get "https://171.76.87.229:30120/players.json": context deadline exceeded (Client.Timeout exceeded while awaiting headers))
server request failed: server request failed for endpoint https://171.76.87.229:30120/dynamic.json (Get "https://171.76.87.229:30120/dynamic.json": context deadline exceeded (Client.Timeout exceeded while awaiting headers))
server request failed: server request failed for endpoint https://171.76.87.229:30120/info.json (Get "https://171.76.87.229:30120/info.json": context deadline exceeded (Client.Timeout exceeded while awaiting headers)).
[22:32:28] [error] [citizen-server-i] Server list query returned an error: server request failed: server request failed for endpoint https://171.76.87.229:30120/players.json (Get "https://171.76.87.229:30120/players.json": context deadline exceeded (Client.Timeout exceeded while awaiting headers))
server request failed: server request failed for endpoint https://171.76.87.229:30120/dynamic.json (Get "https://171.76.87.229:30120/dynamic.json": context deadline exceeded (Client.Timeout exceeded while awaiting headers))
server request failed: server request failed for endpoint https://171.76.87.229:30120/info.json (Get "https://171.76.87.229:30120/info.json": context deadline exceeded (Client.Timeout exceeded while awaiting headers)).
[22:32:58] [error] [citizen-server-i] Server list query returned an error: server request failed: server request failed for endpoint https://171.76.87.229:30120/players.json (Get "https://171.76.87.229:30120/players.json": context deadline exceeded (Client.Timeout exceeded while awaiting headers))
server request failed: server request failed for endpoint https://171.76.87.229:30120/dynamic.json (Get "https://171.76.87.229:30120/dynamic.json": context deadline exceeded (Client.Timeout exceeded while awaiting headers))
server request failed: server request failed for endpoint https://171.76.87.229:30120/info.json (Get "https://171.76.87.229:30120/info.json": context deadline exceeded (Client.Timeout exceeded while awaiting headers)).
[22:33:28] [error] [citizen-server-i] Server list query returned an error: server request failed: server request failed for endpoint https://171.76.87.229:30120/players.json (Get "https://171.76.87.229:30120/players.json": context deadline exceeded (Client.Timeout exceeded while awaiting headers))
server request failed: server request failed for endpoint https://171.76.87.229:30120/dynamic.json (Get "https://171.76.87.229:30120/dynamic.json": context deadline exceeded (Client.Timeout exceeded while awaiting headers))
server request failed: server request failed for endpoint https://171.76.87.229:30120/info.json (Get "https://171.76.87.229:30120/info.json": context deadline exceeded (Client.Timeout exceeded while awaiting headers)).
[22:33:59] [error] [citizen-server-i] Server list query returned an error: server request failed: server request failed for endpoint https://171.76.87.229:30120/info.json (Get "https://171.76.87.229:30120/info.json": context deadline exceeded (Client.Timeout exceeded while awaiting headers))
server request failed: server request failed for endpoint https://171.76.87.229:30120/dynamic.json (Get "https://171.76.87.229:30120/dynamic.json": context deadline exceeded (Client.Timeout exceeded while awaiting headers))
server request failed: server request failed for endpoint https://171.76.87.229:30120/players.json (Get "https://171.76.87.229:30120/players.json": context deadline exceeded (Client.Timeout exceeded while awaiting headers)).
[22:34:29] [error] [citizen-server-i] Server list query returned an error: server request failed: server request failed for endpoint https://171.76.87.229:30120/info.json (Get "https://171.76.87.229:30120/info.json": context deadline exceeded (Client.Timeout exceeded while awaiting headers))
server request failed: server request failed for endpoint https://171.76.87.229:30120/dynamic.json (Get "https://171.76.87.229:30120/dynamic.json": context deadline exceeded (Client.Timeout exceeded while awaiting headers))
server request failed: server request failed for endpoint https://171.76.87.229:30120/players.json (Get "https://171.76.87.229:30120/players.json": context deadline exceeded (Client.Timeout exceeded while awaiting headers)).
[22:34:59] [error] [citizen-server-i] Server list query returned an error: server request failed: server request failed for endpoint https://171.76.87.229:30120/info.json (Get "https://171.76.87.229:30120/info.json": context deadline exceeded (Client.Timeout exceeded while awaiting headers))
server request failed: server request failed for endpoint https://171.76.87.229:30120/dynamic.json (Get "https://171.76.87.229:30120/dynamic.json": context deadline exceeded (Client.Timeout exceeded while awaiting headers))
server request failed: server request failed for endpoint https://171.76.87.229:30120/players.json (Get "https://171.76.87.229:30120/players.json": context deadline exceeded (Client.Timeout exceeded while awaiting headers)).
[22:35:30] [error] [citizen-server-i] Server list query returned an error: server request failed: server request failed for endpoint https://171.76.87.229:30120/info.json (Get "https://171.76.87.229:30120/info.json": context deadline exceeded (Client.Timeout exceeded while awaiting headers))
server request failed: server request failed for endpoint https://171.76.87.229:30120/dynamic.json (Get "https://171.76.87.229:30120/dynamic.json": context deadline exceeded (Client.Timeout exceeded while awaiting headers))
server request failed: server request failed for endpoint https://171.76.87.229:30120/players.json (Get "https://171.76.87.229:30120/players.json": context deadline exceeded (Client.Timeout exceeded while awaiting headers)).
[22:36:00] [error] [citizen-server-i] Server list query returned an error: server request failed: server request failed for endpoint https://171.76.87.229:30120/info.json (Get "https://171.76.87.229:30120/info.json": context deadline exceeded (Client.Timeout exceeded while awaiting headers))
server request failed: server request failed for endpoint https://171.76.87.229:30120/dynamic.json (Get "https://171.76.87.229:30120/dynamic.json": context deadline exceeded (Client.Timeout exceeded while awaiting headers))
server request failed: server request failed for endpoint https://171.76.87.229:30120/players.json (Get "https://171.76.87.229:30120/players.json": context deadline exceeded (Client.Timeout exceeded while awaiting headers)).
[22:36:30] [error] [citizen-server-i] Server list query returned an error: server request failed: server request failed for endpoint https://171.76.87.229:30120/info.json (Get "https://171.76.87.229:30120/info.json": context deadline exceeded (Client.Timeout exceeded while awaiting headers))
server request failed: server request failed for endpoint https://171.76.87.229:30120/dynamic.json (Get "https://171.76.87.229:30120/dynamic.json": context deadline exceeded (Client.Timeout exceeded while awaiting headers))
server request failed: server request failed for endpoint https://171.76.87.229:30120/players.json (Get "https://171.76.87.229:30120/players.json": context deadline exceeded (Client.Timeout exceeded while awaiting headers)).
[22:37:01] [error] [citizen-server-i] Server list query returned an error: server request failed: server request failed for endpoint https://171.76.87.229:30120/info.json (Get "https://171.76.87.229:30120/info.json": context deadline exceeded (Client.Timeout exceeded while awaiting headers))
server request failed: server request failed for endpoint https://171.76.87.229:30120/dynamic.json (Get "https://171.76.87.229:30120/dynamic.json": context deadline exceeded (Client.Timeout exceeded while awaiting headers))
server request failed: server request failed for endpoint https://171.76.87.229:30120/players.json (Get "https://171.76.87.229:30120/players.json": context deadline exceeded (Client.Timeout exceeded while awaiting headers)).
[22:37:31] [error] [citizen-server-i] Server list query returned an error: server request failed: server request failed for endpoint https://171.76.87.229:30120/info.json (Get "https://171.76.87.229:30120/info.json": context deadline exceeded (Client.Timeout exceeded while awaiting headers))
server request failed: server request failed for endpoint https://171.76.87.229:30120/dynamic.json (Get "https://171.76.87.229:30120/dynamic.json": context deadline exceeded (Client.Timeout exceeded while awaiting headers))
server request failed: server request failed for endpoint https://171.76.87.229:30120/players.json (Get "https://171.76.87.229:30120/players.json": context deadline exceeded (Client.Timeout exceeded while awaiting headers)).
[22:38:02] [error] [citizen-server-i] Server list query returned an error: server request failed: server request failed for endpoint https://171.76.87.229:30120/info.json (Get "https://171.76.87.229:30120/info.json": context deadline exceeded (Client.Timeout exceeded while awaiting headers))
server request failed: server request failed for endpoint https://171.76.87.229:30120/dynamic.json (Get "https://171.76.87.229:30120/dynamic.json": context deadline exceeded (Client.Timeout exceeded while awaiting headers))
server request failed: server request failed for endpoint https://171.76.87.229:30120/players.json (Get "https://171.76.87.229:30120/players.json": context deadline exceeded (Client.Timeout exceeded while awaiting headers)).
[22:38:32] [error] [citizen-server-i] Server list query returned an error: server request failed: server request failed for endpoint https://171.76.87.229:30120/info.json (Get "https://171.76.87.229:30120/info.json": context deadline exceeded (Client.Timeout exceeded while awaiting headers))
server request failed: server request failed for endpoint https://171.76.87.229:30120/dynamic.json (Get "https://171.76.87.229:30120/dynamic.json": context deadline exceeded (Client.Timeout exceeded while awaiting headers))
server request failed: server request failed for endpoint https://171.76.87.229:30120/players.json (Get "https://171.76.87.229:30120/players.json": context deadline exceeded (Client.Timeout exceeded while awaiting headers)).
[22:39:02] [error] [citizen-server-i] Server list query returned an error: server request failed: server request failed for endpoint https://171.76.87.229:30120/info.json (Get "https://171.76.87.229:30120/info.json": context deadline exceeded (Client.Timeout exceeded while awaiting headers))
server request failed: server request failed for endpoint https://171.76.87.229:30120/dynamic.json (Get "https://171.76.87.229:30120/dynamic.json": context deadline exceeded (Client.Timeout exceeded while awaiting headers))
server request failed: server request failed for endpoint https://171.76.87.229:30120/players.json (Get "https://171.76.87.229:30120/players.json": context deadline exceeded (Client.Timeout exceeded while awaiting headers)).
[22:39:33] [error] [citizen-server-i] Server list query returned an error: server request failed: server request failed for endpoint https://171.76.87.229:30120/info.json (Get "https://171.76.87.229:30120/info.json": context deadline exceeded (Client.Timeout exceeded while awaiting headers))
server request failed: server request failed for endpoint https://171.76.87.229:30120/dynamic.json (Get "https://171.76.87.229:30120/dynamic.json": context deadline exceeded (Client.Timeout exceeded while awaiting headers))
server request failed: server request failed for endpoint https://171.76.87.229:30120/players.json (Get "https://171.76.87.229:30120/players.json": context deadline exceeded (Client.Timeout exceeded while awaiting headers)).
[22:40:03] [error] [citizen-server-i] Server list query returned an error: server request failed: server request failed for endpoint https://171.76.87.229:30120/players.json (Get "https://171.76.87.229:30120/players.json": read tcp 10.0.4.121:51192->171.76.87.229:30120: read: connection reset by peer)
server request failed: server request failed for endpoint https://171.76.87.229:30120/info.json (Get "https://171.76.87.229:30120/info.json": read tcp 10.0.4.121:51206->171.76.87.229:30120: read: connection reset by peer)
server request failed: server request failed for endpoint https://171.76.87.229:30120/dynamic.json (Get "https://171.76.87.229:30120/dynamic.json": read tcp 10.0.4.121:51182->171.76.87.229:30120: read: connection reset by peer).
[22:40:33] [error] [citizen-server-i] Server list query returned an error: server request failed: server request failed for endpoint https://171.76.87.229:30120/players.json (Get "https://171.76.87.229:30120/players.json": read tcp 10.0.4.121:51192->171.76.87.229:30120: read: connection reset by peer)
server request failed: server request failed for endpoint https://171.76.87.229:30120/info.json (Get "https://171.76.87.229:30120/info.json": read tcp 10.0.4.121:51206->171.76.87.229:30120: read: connection reset by peer)
server request failed: server request failed for endpoint https://171.76.87.229:30120/dynamic.json (Get "https://171.76.87.229:30120/dynamic.json": read tcp 10.0.4.121:51182->171.76.87.229:30120: read: connection reset by peer).
[22:41:04] [error] [citizen-server-i] Server list query returned an error: server request failed: server request failed for endpoint https://171.76.87.229:30120/players.json (Get "https://171.76.87.229:30120/players.json": read tcp 10.0.4.121:51192->171.76.87.229:30120: read: connection reset by peer)
server request failed: server request failed for endpoint https://171.76.87.229:30120/info.json (Get "https://171.76.87.229:30120/info.json": read tcp 10.0.4.121:51206->171.76.87.229:30120: read: connection reset by peer)
server request failed: server request failed for endpoint https://171.76.87.229:30120/dynamic.json (Get "https://171.76.87.229:30120/dynamic.json": read tcp 10.0.4.121:51182->171.76.87.229:30120: read: connection reset by peer).
[22:41:34] [error] [citizen-server-i] Server list query returned an error: server request failed: server request failed for endpoint https://171.76.87.229:30120/players.json (Get "https://171.76.87.229:30120/players.json": read tcp 10.0.4.121:51192->171.76.87.229:30120: read: connection reset by peer)
server request failed: server request failed for endpoint https://171.76.87.229:30120/info.json (Get "https://171.76.87.229:30120/info.json": read tcp 10.0.4.121:51206->171.76.87.229:30120: read: connection reset by peer)
server request failed: server request failed for endpoint https://171.76.87.229:30120/dynamic.json (Get "https://171.76.87.229:30120/dynamic.json": read tcp 10.0.4.121:51182->171.76.87.229:30120: read: connection reset by peer).
[22:42:04] [error] [citizen-server-i] Server list query returned an error: server request failed: server request failed for endpoint https://171.76.87.229:30120/players.json (Get "https://171.76.87.229:30120/players.json": context deadline exceeded (Client.Timeout exceeded while awaiting headers))
server request failed: server request failed for endpoint https://171.76.87.229:30120/dynamic.json (Get "https://171.76.87.229:30120/dynamic.json": context deadline exceeded (Client.Timeout exceeded while awaiting headers))
server request failed: server request failed for endpoint https://171.76.87.229:30120/info.json (Get "https://171.76.87.229:30120/info.json": context deadline exceeded (Client.Timeout exceeded while awaiting headers)).
║             TXADMIN║ txaEvent "serverShuttingDown" "{\"delay\":5000,\"author\":\"NotAGirl\",\"message\":\"Server restarting (admin request).\"}"
[22:42:10] [ info] [         txadmin] [txAdmin] Server shutting down. Kicking all players.

║             TXADMIN║ ================================================================
║             TXADMIN║ ======== [6992] FXServer Starting - 8/9/2026, 10:42:16 pm       
║             TXADMIN║ ================================================================
[22:42:18] [ info] [citizen-server-i] Scanning resources
[22:42:18] [ info] [citizen-server-i] Found 92 resources
[22:42:18] [ warn] [citizen-resource] Resource 'bob74_ipl' uses the deprecated 'stream/' folder. Please rename it to 'stream_enhanced/' for future compatibility.
[22:42:18] [ warn] [citizen-resource] Resource 'qbx_density' uses the deprecated 'stream/' folder. Please rename it to 'stream_enhanced/' for future compatibility.
[22:42:18] [ warn] [citizen-resource] Resource 'qbx_customs' uses the deprecated 'stream/' folder. Please rename it to 'stream_enhanced/' for future compatibility.
[22:42:18] [ warn] [citizen-resource] Resource 'qbx_hud' uses the deprecated 'stream/' folder. Please rename it to 'stream_enhanced/' for future compatibility.
[22:42:18] [ warn] [citizen-resource] Resource 'qbx_properties' uses the deprecated 'stream/' folder. Please rename it to 'stream_enhanced/' for future compatibility.
[22:42:18] [ warn] [citizen-resource] Resource 'ultra-voltlab' uses the deprecated 'stream/' folder. Please rename it to 'stream_enhanced/' for future compatibility.
[22:42:18] [ warn] [citizen-resource] Resource 'scully_emotemenu' uses the deprecated 'stream/' folder. Please rename it to 'stream_enhanced/' for future compatibility.
[22:42:18] [error] [           fivem] sv_enforceGameBuild is used with an invalid value 3258. Only 1 is supported to remove any game dlcs.
[22:42:19] [ info] [         txadmin] [txAdmin] Resource v9.0.0-beta-646aba9a threads and commands set up. All Ready.
[22:42:19] [ info] [citizen-server-i] Starting resource mapmanager
[22:42:19] [ info] [citizen-server-i] Started resource mapmanager
[22:42:19] [ info] [citizen-server-i] Starting resource spawnmanager
[22:42:19] [ info] [citizen-server-i] Started resource spawnmanager
[22:42:19] [error] [citizen-server-i] Failed to ensure resource sessionmanager. Error: Resource "sessionmanager" not found
[22:42:19] [ info] [citizen-server-i] Stopped resource basic-gamemode
[22:42:19] [error] [citizen-server-i] Failed to ensure resource hardcap. Error: Resource "hardcap" not found
[22:42:19] [ info] [citizen-server-i] Starting resource baseevents
[22:42:19] [ info] [citizen-server-i] Started resource baseevents
[22:42:19] [ info] [citizen-server-i] Starting resource ox_lib
[22:42:19] [ info] [citizen-server-i] Started resource ox_lib
[22:42:19] [ info] [citizen-server-i] Starting resource qbx_core
[22:42:19] [ info] [citizen-server-i] Started resource qbx_core
[22:42:19] [ info] [citizen-server-i] Starting resource ox_target
[22:42:19] [ info] [citizen-server-i] Started resource ox_target
[22:42:19] [ info] [citizen-server-i] Starting resource ox_doorlock
[22:42:19] [ info] [citizen-server-i] Started resource ox_doorlock
[22:42:19] [ info] [citizen-server-i] Starting resource ox_fuel
[22:42:19] [ info] [citizen-server-i] Started resource ox_fuel
[22:42:19] [ info] [citizen-server-i] Starting resource qbx_adminmenu
[22:42:19] [ info] [citizen-server-i] Started resource qbx_adminmenu
[22:42:19] [ info] [citizen-server-i] Starting resource qbx_ambulancejob
[22:42:19] [ info] [citizen-server-i] Started resource qbx_ambulancejob
[22:42:19] [ info] [citizen-server-i] Starting resource qbx_bankrobbery
[22:42:19] [ info] [citizen-server-i] Started resource qbx_bankrobbery
[22:42:19] [ info] [citizen-server-i] Starting resource qbx_binoculars
[22:42:19] [ info] [citizen-server-i] Started resource qbx_binoculars
[22:42:19] [ info] [citizen-server-i] Starting resource qbx_busjob
[22:42:19] [ info] [citizen-server-i] Started resource qbx_busjob
[22:42:19] [ info] [citizen-server-i] Starting resource qbx_carwash
[22:42:19] [ info] [citizen-server-i] Started resource qbx_carwash
[22:42:19] [ info] [citizen-server-i] Starting resource qbx_chat_theme
[22:42:19] [ info] [citizen-server-i] Started resource qbx_chat_theme
[22:42:19] [ info] [citizen-server-i] Starting resource qbx_cityhall
[22:42:19] [ info] [citizen-server-i] Started resource qbx_cityhall
[22:42:19] [ info] [citizen-server-i] Starting resource qbx_customs
[22:42:19] [ info] [citizen-server-i] Started resource qbx_customs
[22:42:19] [ info] [citizen-server-i] Starting resource qbx_density
[22:42:19] [ info] [citizen-server-i] Started resource qbx_density
[22:42:19] [ info] [citizen-server-i] Starting resource qbx_divegear
[22:42:19] [ info] [citizen-server-i] Started resource qbx_divegear
[22:42:19] [ info] [citizen-server-i] Starting resource qbx_diving
[22:42:19] [ info] [citizen-server-i] Started resource qbx_diving
[22:42:19] [ info] [citizen-server-i] Starting resource qbx_drugs
[22:42:19] [ info] [citizen-server-i] Started resource qbx_drugs
[22:42:19] [ info] [citizen-server-i] Starting resource qbx_fireworks
[22:42:19] [ info] [citizen-server-i] Started resource qbx_fireworks
[22:42:19] [ info] [citizen-server-i] Starting resource qbx_garages
[22:42:19] [ info] [citizen-server-i] Started resource qbx_garages
[22:42:19] [ info] [citizen-server-i] Starting resource qbx_garbagejob
[22:42:19] [ info] [citizen-server-i] Started resource qbx_garbagejob
[22:42:19] [ info] [citizen-server-i] Starting resource qbx_houserobbery
[22:42:19] [ info] [citizen-server-i] Started resource qbx_houserobbery
[22:42:19] [ info] [citizen-server-i] Starting resource qbx_hud
[22:42:19] [ info] [citizen-server-i] Started resource qbx_hud
[22:42:19] [ info] [citizen-server-i] Starting resource qbx_idcard
[22:42:19] [ info] [citizen-server-i] Started resource qbx_idcard
[22:42:19] [ info] [citizen-server-i] Starting resource qbx_jewelery
[22:42:19] [ info] [citizen-server-i] Started resource qbx_jewelery
[22:42:19] [ info] [citizen-server-i] Starting resource qbx_lapraces
[22:42:19] [ info] [citizen-server-i] Started resource qbx_lapraces
[22:42:19] [ info] [citizen-server-i] Starting resource qbx_management
[22:42:19] [ info] [citizen-server-i] Started resource qbx_management
[22:42:19] [ info] [citizen-server-i] Starting resource qbx_mechanicjob
[22:42:19] [ info] [citizen-server-i] Started resource qbx_mechanicjob
[22:42:19] [ info] [citizen-server-i] Starting resource qbx_newsjob
[22:42:19] [ info] [citizen-server-i] Started resource qbx_newsjob
[22:42:19] [ info] [citizen-server-i] Starting resource qbx_pawnshop
[22:42:19] [ info] [citizen-server-i] Started resource qbx_pawnshop
[22:42:19] [ info] [citizen-server-i] Starting resource qbx_police
[22:42:19] [ info] [citizen-server-i] Started resource qbx_police
[22:42:19] [ info] [citizen-server-i] Starting resource qbx_properties
[22:42:19] [ info] [citizen-server-i] Started resource qbx_properties
[22:42:19] [ info] [citizen-server-i] Starting resource qbx_radialmenu
[22:42:19] [ info] [citizen-server-i] Started resource qbx_radialmenu
[22:42:19] [ info] [citizen-server-i] Starting resource qbx_recyclejob
[22:42:19] [ info] [citizen-server-i] Started resource qbx_recyclejob
[22:42:19] [ info] [citizen-server-i] Starting resource qbx_scoreboard
[22:42:19] [ info] [citizen-server-i] Started resource qbx_scoreboard
[22:42:19] [ info] [citizen-server-i] Starting resource qbx_scrapyard
[22:42:19] [ info] [citizen-server-i] Started resource qbx_scrapyard
[22:42:19] [ info] [citizen-server-i] Starting resource qbx_seatbelt
[22:42:19] [ info] [citizen-server-i] Started resource qbx_seatbelt
[22:42:19] [ info] [citizen-server-i] Starting resource qbx_smallresources
[22:42:19] [ info] [qbx_smallresourc] [qbx_smallresources] [WARN] [qbx_entitiesblacklist] You have entity blacklist enabled, this means that any entity that is blacklisted in config.lua will not be able to spawn, you can change this in qbx_smallresource/qbx_entitiesblacklist/config.lua
[22:42:19] [ info] [citizen-server-i] Started resource qbx_smallresources
[22:42:19] [ info] [citizen-server-i] Starting resource qbx_spawn
[22:42:19] [ info] [citizen-server-i] Started resource qbx_spawn
[22:42:19] [ info] [citizen-server-i] Starting resource qbx_storerobbery
[22:42:19] [ info] [citizen-server-i] Started resource qbx_storerobbery
[22:42:19] [ info] [citizen-server-i] Starting resource qbx_streetraces
[22:42:19] [ info] [citizen-server-i] Started resource qbx_streetraces
[22:42:19] [ info] [citizen-server-i] Starting resource qbx_taxijob
[22:42:19] [ info] [citizen-server-i] Started resource qbx_taxijob
[22:42:19] [ info] [citizen-server-i] Starting resource qbx_towjob
[22:42:19] [ info] [citizen-server-i] Started resource qbx_towjob
[22:42:19] [ info] [citizen-server-i] Starting resource qbx_truckerjob
[22:42:19] [ info] [citizen-server-i] Started resource qbx_truckerjob
[22:42:19] [ info] [citizen-server-i] Starting resource qbx_truckrobbery
[22:42:19] [ info] [citizen-server-i] Started resource qbx_truckrobbery
[22:42:19] [ info] [citizen-server-i] Starting resource qbx_vehiclekeys
[22:42:19] [ info] [citizen-server-i] Started resource qbx_vehiclekeys
[22:42:19] [ info] [citizen-server-i] Starting resource qbx_vehicles
[22:42:19] [ info] [citizen-server-i] Started resource qbx_vehicles
[22:42:19] [ info] [citizen-server-i] Starting resource qbx_vehiclesales
[22:42:19] [ info] [citizen-server-i] Started resource qbx_vehiclesales
[22:42:19] [ info] [citizen-server-i] Starting resource qbx_vehicleshop
[22:42:19] [ info] [citizen-server-i] Started resource qbx_vehicleshop
[22:42:19] [ info] [citizen-server-i] Starting resource qbx_vineyard
[22:42:19] [ info] [citizen-server-i] Started resource qbx_vineyard
[22:42:19] [ info] [citizen-server-i] Starting resource qbx_weed
[22:42:19] [ info] [citizen-server-i] Started resource qbx_weed
[22:42:19] [ info] [citizen-server-i] Starting resource bob74_ipl
[22:42:19] [ info] [citizen-server-i] Started resource bob74_ipl
[22:42:19] [ info] [citizen-server-i] Starting resource illenium-appearance
[22:42:20] [ info] [citizen-server-i] Started resource illenium-appearance
[22:42:20] [ info] [citizen-server-i] Starting resource loadscreen
[22:42:20] [ info] [citizen-server-i] Started resource loadscreen
[22:42:20] [ info] [citizen-server-i] Starting resource mana_audio
[22:42:20] [ info] [citizen-server-i] Started resource mana_audio
[22:42:20] [ info] [citizen-server-i] Starting resource mhacking
[22:42:20] [ info] [citizen-server-i] Started resource mhacking
[22:42:20] [ info] [citizen-server-i] Starting resource Renewed-Banking
[22:42:20] [ info] [citizen-server-i] Started resource Renewed-Banking
[22:42:20] [ info] [citizen-server-i] Starting resource Renewed-Weathersync
[22:42:20] [ info] [citizen-server-i] Started resource Renewed-Weathersync
[22:42:20] [ info] [citizen-server-i] Starting resource safecracker
[22:42:20] [ info] [citizen-server-i] Started resource safecracker
[22:42:20] [ info] [citizen-server-i] Starting resource screencapture
[22:42:20] [ info] [citizen-server-i] Started resource screencapture
[22:42:20] [ info] [citizen-server-i] Starting resource scully_emotemenu
[22:42:20] [ info] [citizen-server-i] Started resource scully_emotemenu
[22:42:20] [ info] [citizen-server-i] Starting resource ultra-voltlab
[22:42:20] [ info] [citizen-server-i] Started resource ultra-voltlab
[22:42:20] [ info] [citizen-server-i] Starting resource vehiclehandler
[22:42:20] [ info] [citizen-server-i] Started resource vehiclehandler
[22:42:20] [ info] [citizen-server-i] Starting resource xt-prison
[22:42:20] [error] [extra-natives-fi] Command jail is already registered.
[22:42:20] [error] [extra-natives-fi] Command unjail is already registered.
[22:42:20] [ info] [citizen-server-i] Started resource xt-prison
[22:42:20] [ info] [citizen-server-i] Starting resource mm_radio
[22:42:20] [ info] [citizen-server-i] Started resource mm_radio
[22:42:20] [error] [citizen-server-i] No resources found for category [assets]
[22:42:20] [ info] [citizen-server-i] Starting resource npwd_qbx_garages
[22:42:20] [ info] [citizen-server-i] Started resource npwd_qbx_garages
[22:42:20] [ info] [citizen-server-i] Starting resource npwd_qbx_mail
[22:42:20] [ info] [citizen-server-i] Started resource npwd_qbx_mail
[22:42:20] [ info] [citizen-server-i] Starting resource qbx_npwd
[22:42:20] [ info] [citizen-server-i] Started resource qbx_npwd
[22:42:20] [ info] [citizen-server-i] Starting resource npwd
[22:42:20] [ info] [citizen-server-i] Started resource npwd
║              STDERR║ (node:6992) ExperimentalWarning: localStorage is not available because --localstorage-file was not provided.
║              STDERR║ (Use `node --trace-warnings ...` to show where the warning was created)
[22:42:21] [ warn] [              js] Unhandled promise rejection in resource npwd
[22:42:21] [ warn] [              js] Uncaught Error: Driver not found.
dist/game/server/server.js(5138,130): getDriver
dist/game/server/server.js(5199,28): 
node:internal/process/task_queues(104,5): processTicksAndRejections

[22:42:21] [ warn] [              js] Unhandled promise rejection in resource npwd
[22:42:21] [ warn] [              js] Uncaught Error: Driver not found.
dist/game/server/server.js(5138,130): getDriver
dist/game/server/server.js(5199,28): 
node:internal/process/task_queues(104,5): processTicksAndRejections

[22:42:21] [ warn] [              js] Unhandled promise rejection in resource npwd
[22:42:21] [ warn] [              js] Uncaught Error: No available storage method found.
dist/game/server/server.js(5207,27): 
node:internal/process/task_queues(104,5): processTicksAndRejections

[22:42:21] [error] [citizen-server-i] Server list query returned an error: server request failed: server request failed for endpoint https://171.76.87.229:30120/players.json (Get "https://171.76.87.229:30120/players.json": context deadline exceeded (Client.Timeout exceeded while awaiting headers))
server request failed: server request failed for endpoint https://171.76.87.229:30120/dynamic.json (Get "https://171.76.87.229:30120/dynamic.json": context deadline exceeded (Client.Timeout exceeded while awaiting headers))
server request failed: server request failed for endpoint https://171.76.87.229:30120/info.json (Get "https://171.76.87.229:30120/info.json": context deadline exceeded (Client.Timeout exceeded while awaiting headers)).
[22:42:22] [ warn] [citizen-server-i] ScheduleResourceTick: This native is deprecated. Script resources in FiveM for GTAV Enhanced are running on the same tick rate as the server main tick.
[22:42:22] [ info] [         oxmysql] [12.3.3-MariaDB] Database server connection established!
[22:42:22] [ info] [       xt-prison] [xt-prison] [INFO] Initializing Table: xt_prison
[22:42:22] [ info] [       xt-prison] [xt-prison] [INFO] Initializing Table: xt_prison_items
[22:42:22] [ info] [        qbx_core] [qbx_core] [INFO] Removed invalid groups from player_groups table
[22:42:22] [ info] [    ox_inventory] [ox_inventory] [INFO] Inventory has loaded 301 items
[22:42:22] [ info] [        qbx_core] 
Welcome to Qbox!
To learn more, please check out the documentation at https://docs.qbox.re/.
To turn this message off, set the qbx:acknowledge convar to true in your server.cfg file.

[22:42:22] [ info] [scully_emotemenu] [scully_emotemenu] You are currently running the latest version.
[22:42:51] [error] [citizen-server-i] Server list query returned an error: server request failed: server request failed for endpoint https://171.76.87.229:30120/players.json (Get "https://171.76.87.229:30120/players.json": context deadline exceeded (Client.Timeout exceeded while awaiting headers))
server request failed: server request failed for endpoint https://171.76.87.229:30120/dynamic.json (Get "https://171.76.87.229:30120/dynamic.json": context deadline exceeded (Client.Timeout exceeded while awaiting headers))
server request failed: server request failed for endpoint https://171.76.87.229:30120/info.json (Get "https://171.76.87.229:30120/info.json": context deadline exceeded (Client.Timeout exceeded while awaiting headers)).
[22:43:22] [error] [citizen-server-i] Server list query returned an error: server request failed: server request failed for endpoint https://171.76.87.229:30120/players.json (Get "https://171.76.87.229:30120/players.json": context deadline exceeded (Client.Timeout exceeded while awaiting headers))
server request failed: server request failed for endpoint https://171.76.87.229:30120/dynamic.json (Get "https://171.76.87.229:30120/dynamic.json": context deadline exceeded (Client.Timeout exceeded while awaiting headers))
server request failed: server request failed for endpoint https://171.76.87.229:30120/info.json (Get "https://171.76.87.229:30120/info.json": context deadline exceeded (Client.Timeout exceeded while awaiting headers)).
[22:44:15] [ info] [        qbx_core] [qbx_core] [INFO] NotAGirl (Citizen ID: N68429HO ID: 1) has successfully loaded!
[22:44:39] [ info] [ qbx_vehicleshop] [QBX VEHICLE DEBUG] vehicleId:	2
[22:44:39] [ info] [ qbx_vehicleshop] [QBX VEHICLE DEBUG] vehicle data:	{"depotPrice":0,"modelName":"impaler","state":0,"props":{"bodyHealth":1000,"fuelLevel":100,"plate":"945EN3CQ","engineHealth":1000,"model":-2096690334},"citizenid":"N68429HO","id":2}
[22:44:39] [ info] [ qbx_vehicleshop] [QBX VEHICLE DEBUG] modelName:	impaler
[22:44:39] [ info] [ qbx_vehicleshop] [QBX VEHICLE DEBUG] model:	nil
[22:44:42] [fatal] [ qbx_vehicleshop] @qbx_core/modules/lib.lua:383: unable to successfully spawn vehicle after 3 attempts
> error
> spawnVehicle (qbx_core/modules/lib.lua:383)
> SpawnVehicle (qbx_vehicleshop/server/utils.lua:110)
> [global chunk] (qbx_vehicleshop/server/main.lua:147)

[22:45:00] [ info] [    ox_inventory] [ox_inventory] [INFO] Saving 1 inventories to the database
[22:45:00] [ info] [    ox_inventory] [ox_inventory] [INFO] Saved 1/1 players (5.6728 ms)
║             TXADMIN║ txaEvent "serverShuttingDown" "{\"delay\":5000,\"author\":\"NotAGirl\",\"message\":\"Server restarting (admin request).\"}"
[22:48:26] [ info] [         txadmin] [txAdmin] Server shutting down. Kicking all players.

║             TXADMIN║ ================================================================
║             TXADMIN║ ======== [10876] FXServer Starting - 8/9/2026, 10:48:31 pm      
║             TXADMIN║ ================================================================
[22:48:32] [ info] [citizen-server-i] Scanning resources
[22:48:32] [ info] [citizen-server-i] Found 92 resources
[22:48:32] [ warn] [citizen-resource] Resource 'bob74_ipl' uses the deprecated 'stream/' folder. Please rename it to 'stream_enhanced/' for future compatibility.
[22:48:32] [ warn] [citizen-resource] Resource 'qbx_density' uses the deprecated 'stream/' folder. Please rename it to 'stream_enhanced/' for future compatibility.
[22:48:32] [ warn] [citizen-resource] Resource 'qbx_hud' uses the deprecated 'stream/' folder. Please rename it to 'stream_enhanced/' for future compatibility.
[22:48:32] [ warn] [citizen-resource] Resource 'qbx_customs' uses the deprecated 'stream/' folder. Please rename it to 'stream_enhanced/' for future compatibility.
[22:48:32] [ warn] [citizen-resource] Resource 'qbx_properties' uses the deprecated 'stream/' folder. Please rename it to 'stream_enhanced/' for future compatibility.
[22:48:32] [ warn] [citizen-resource] Resource 'ultra-voltlab' uses the deprecated 'stream/' folder. Please rename it to 'stream_enhanced/' for future compatibility.
[22:48:33] [ warn] [citizen-resource] Resource 'scully_emotemenu' uses the deprecated 'stream/' folder. Please rename it to 'stream_enhanced/' for future compatibility.
[22:48:33] [error] [           fivem] sv_enforceGameBuild is used with an invalid value 3258. Only 1 is supported to remove any game dlcs.
[22:48:33] [ info] [         txadmin] [txAdmin] Resource v9.0.0-beta-646aba9a threads and commands set up. All Ready.
[22:48:33] [ info] [citizen-server-i] Starting resource mapmanager
[22:48:33] [ info] [citizen-server-i] Started resource mapmanager
[22:48:33] [ info] [citizen-server-i] Starting resource spawnmanager
[22:48:33] [ info] [citizen-server-i] Started resource spawnmanager
[22:48:33] [error] [citizen-server-i] Failed to ensure resource sessionmanager. Error: Resource "sessionmanager" not found
[22:48:33] [ info] [citizen-server-i] Stopped resource basic-gamemode
[22:48:33] [error] [citizen-server-i] Failed to ensure resource hardcap. Error: Resource "hardcap" not found
[22:48:33] [ info] [citizen-server-i] Starting resource baseevents
[22:48:33] [ info] [citizen-server-i] Started resource baseevents
[22:48:33] [ info] [citizen-server-i] Starting resource ox_lib
[22:48:33] [ info] [citizen-server-i] Started resource ox_lib
[22:48:33] [ info] [citizen-server-i] Starting resource qbx_core
[22:48:34] [ info] [citizen-server-i] Started resource qbx_core
[22:48:34] [ info] [citizen-server-i] Starting resource ox_target
[22:48:34] [ info] [citizen-server-i] Started resource ox_target
[22:48:34] [ info] [citizen-server-i] Starting resource ox_doorlock
[22:48:34] [ info] [citizen-server-i] Started resource ox_doorlock
[22:48:34] [ info] [citizen-server-i] Starting resource ox_fuel
[22:48:34] [ info] [citizen-server-i] Started resource ox_fuel
[22:48:34] [ info] [citizen-server-i] Starting resource qbx_adminmenu
[22:48:34] [ info] [citizen-server-i] Started resource qbx_adminmenu
[22:48:34] [ info] [citizen-server-i] Starting resource qbx_ambulancejob
[22:48:34] [ info] [citizen-server-i] Started resource qbx_ambulancejob
[22:48:34] [ info] [citizen-server-i] Starting resource qbx_bankrobbery
[22:48:34] [ info] [citizen-server-i] Started resource qbx_bankrobbery
[22:48:34] [ info] [citizen-server-i] Starting resource qbx_binoculars
[22:48:34] [ info] [citizen-server-i] Started resource qbx_binoculars
[22:48:34] [ info] [citizen-server-i] Starting resource qbx_busjob
[22:48:34] [ info] [citizen-server-i] Started resource qbx_busjob
[22:48:34] [ info] [citizen-server-i] Starting resource qbx_carwash
[22:48:34] [ info] [citizen-server-i] Started resource qbx_carwash
[22:48:34] [ info] [citizen-server-i] Starting resource qbx_chat_theme
[22:48:34] [ info] [citizen-server-i] Started resource qbx_chat_theme
[22:48:34] [ info] [citizen-server-i] Starting resource qbx_cityhall
[22:48:34] [ info] [citizen-server-i] Started resource qbx_cityhall
[22:48:34] [ info] [citizen-server-i] Starting resource qbx_customs
[22:48:34] [ info] [citizen-server-i] Started resource qbx_customs
[22:48:34] [ info] [citizen-server-i] Starting resource qbx_density
[22:48:34] [ info] [citizen-server-i] Started resource qbx_density
[22:48:34] [ info] [citizen-server-i] Starting resource qbx_divegear
[22:48:34] [ info] [citizen-server-i] Started resource qbx_divegear
[22:48:34] [ info] [citizen-server-i] Starting resource qbx_diving
[22:48:34] [ info] [citizen-server-i] Started resource qbx_diving
[22:48:34] [ info] [citizen-server-i] Starting resource qbx_drugs
[22:48:34] [ info] [citizen-server-i] Started resource qbx_drugs
[22:48:34] [ info] [citizen-server-i] Starting resource qbx_fireworks
[22:48:34] [ info] [citizen-server-i] Started resource qbx_fireworks
[22:48:34] [ info] [citizen-server-i] Starting resource qbx_garages
[22:48:34] [ info] [citizen-server-i] Started resource qbx_garages
[22:48:34] [ info] [citizen-server-i] Starting resource qbx_garbagejob
[22:48:34] [ info] [citizen-server-i] Started resource qbx_garbagejob
[22:48:34] [ info] [citizen-server-i] Starting resource qbx_houserobbery
[22:48:34] [ info] [citizen-server-i] Started resource qbx_houserobbery
[22:48:34] [ info] [citizen-server-i] Starting resource qbx_hud
[22:48:34] [ info] [citizen-server-i] Started resource qbx_hud
[22:48:34] [ info] [citizen-server-i] Starting resource qbx_idcard
[22:48:34] [ info] [citizen-server-i] Started resource qbx_idcard
[22:48:34] [ info] [citizen-server-i] Starting resource qbx_jewelery
[22:48:34] [ info] [citizen-server-i] Started resource qbx_jewelery
[22:48:34] [ info] [citizen-server-i] Starting resource qbx_lapraces
[22:48:34] [ info] [citizen-server-i] Started resource qbx_lapraces
[22:48:34] [ info] [citizen-server-i] Starting resource qbx_management
[22:48:34] [ info] [citizen-server-i] Started resource qbx_management
[22:48:34] [ info] [citizen-server-i] Starting resource qbx_mechanicjob
[22:48:34] [ info] [citizen-server-i] Started resource qbx_mechanicjob
[22:48:34] [ info] [citizen-server-i] Starting resource qbx_newsjob
[22:48:34] [ info] [citizen-server-i] Started resource qbx_newsjob
[22:48:34] [ info] [citizen-server-i] Starting resource qbx_pawnshop
[22:48:34] [ info] [citizen-server-i] Started resource qbx_pawnshop
[22:48:34] [ info] [citizen-server-i] Starting resource qbx_police
[22:48:34] [ info] [citizen-server-i] Started resource qbx_police
[22:48:34] [ info] [citizen-server-i] Starting resource qbx_properties
[22:48:34] [ info] [citizen-server-i] Started resource qbx_properties
[22:48:34] [ info] [citizen-server-i] Starting resource qbx_radialmenu
[22:48:34] [ info] [citizen-server-i] Started resource qbx_radialmenu
[22:48:34] [ info] [citizen-server-i] Starting resource qbx_recyclejob
[22:48:34] [ info] [citizen-server-i] Started resource qbx_recyclejob
[22:48:34] [ info] [citizen-server-i] Starting resource qbx_scoreboard
[22:48:34] [ info] [citizen-server-i] Started resource qbx_scoreboard
[22:48:34] [ info] [citizen-server-i] Starting resource qbx_scrapyard
[22:48:34] [ info] [citizen-server-i] Started resource qbx_scrapyard
[22:48:34] [ info] [citizen-server-i] Starting resource qbx_seatbelt
[22:48:34] [ info] [citizen-server-i] Started resource qbx_seatbelt
[22:48:34] [ info] [citizen-server-i] Starting resource qbx_smallresources
[22:48:34] [ info] [qbx_smallresourc] [qbx_smallresources] [WARN] [qbx_entitiesblacklist] You have entity blacklist enabled, this means that any entity that is blacklisted in config.lua will not be able to spawn, you can change this in qbx_smallresource/qbx_entitiesblacklist/config.lua
[22:48:34] [ info] [citizen-server-i] Started resource qbx_smallresources
[22:48:34] [ info] [citizen-server-i] Starting resource qbx_spawn
[22:48:34] [ info] [citizen-server-i] Started resource qbx_spawn
[22:48:34] [ info] [citizen-server-i] Starting resource qbx_storerobbery
[22:48:34] [ info] [citizen-server-i] Started resource qbx_storerobbery
[22:48:34] [ info] [citizen-server-i] Starting resource qbx_streetraces
[22:48:34] [ info] [citizen-server-i] Started resource qbx_streetraces
[22:48:34] [ info] [citizen-server-i] Starting resource qbx_taxijob
[22:48:34] [ info] [citizen-server-i] Started resource qbx_taxijob
[22:48:34] [ info] [citizen-server-i] Starting resource qbx_towjob
[22:48:34] [ info] [citizen-server-i] Started resource qbx_towjob
[22:48:34] [ info] [citizen-server-i] Starting resource qbx_truckerjob
[22:48:34] [ info] [citizen-server-i] Started resource qbx_truckerjob
[22:48:34] [ info] [citizen-server-i] Starting resource qbx_truckrobbery
[22:48:34] [ info] [citizen-server-i] Started resource qbx_truckrobbery
[22:48:34] [ info] [citizen-server-i] Starting resource qbx_vehiclekeys
[22:48:35] [ info] [citizen-server-i] Started resource qbx_vehiclekeys
[22:48:35] [ info] [citizen-server-i] Starting resource qbx_vehicles
[22:48:35] [ info] [citizen-server-i] Started resource qbx_vehicles
[22:48:35] [ info] [citizen-server-i] Starting resource qbx_vehiclesales
[22:48:35] [ info] [citizen-server-i] Started resource qbx_vehiclesales
[22:48:35] [ info] [citizen-server-i] Starting resource qbx_vehicleshop
[22:48:35] [fatal] [ qbx_vehicleshop] Error loading buffer: @qbx_vehicleshop/server/utils.lua:112: '}' expected (to close '{' at line 110) near 'print'
[22:48:35] [error] [citizen-scriptin] Failed to load server/utils.lua in resource qbx_vehicleshop.
[22:48:35] [ info] [citizen-server-i] Started resource qbx_vehicleshop
[22:48:35] [ info] [citizen-server-i] Starting resource qbx_vineyard
[22:48:35] [ info] [citizen-server-i] Started resource qbx_vineyard
[22:48:35] [ info] [citizen-server-i] Starting resource qbx_weed
[22:48:35] [ info] [citizen-server-i] Started resource qbx_weed
[22:48:35] [ info] [citizen-server-i] Starting resource bob74_ipl
[22:48:35] [ info] [citizen-server-i] Started resource bob74_ipl
[22:48:35] [ info] [citizen-server-i] Starting resource illenium-appearance
[22:48:35] [ info] [citizen-server-i] Started resource illenium-appearance
[22:48:35] [ info] [citizen-server-i] Starting resource loadscreen
[22:48:35] [ info] [citizen-server-i] Started resource loadscreen
[22:48:35] [ info] [citizen-server-i] Starting resource mana_audio
[22:48:35] [ info] [citizen-server-i] Started resource mana_audio
[22:48:35] [ info] [citizen-server-i] Starting resource mhacking
[22:48:35] [ info] [citizen-server-i] Started resource mhacking
[22:48:35] [ info] [citizen-server-i] Starting resource Renewed-Banking
[22:48:35] [ info] [citizen-server-i] Started resource Renewed-Banking
[22:48:35] [ info] [citizen-server-i] Starting resource Renewed-Weathersync
[22:48:35] [ info] [citizen-server-i] Started resource Renewed-Weathersync
[22:48:35] [ info] [citizen-server-i] Starting resource safecracker
[22:48:35] [ info] [citizen-server-i] Started resource safecracker
[22:48:35] [ info] [citizen-server-i] Starting resource screencapture
[22:48:35] [ info] [citizen-server-i] Started resource screencapture
[22:48:35] [ info] [citizen-server-i] Starting resource scully_emotemenu
[22:48:35] [ info] [citizen-server-i] Started resource scully_emotemenu
[22:48:35] [ info] [citizen-server-i] Starting resource ultra-voltlab
[22:48:35] [ info] [citizen-server-i] Started resource ultra-voltlab
[22:48:35] [ info] [citizen-server-i] Starting resource vehiclehandler
[22:48:35] [ info] [citizen-server-i] Started resource vehiclehandler
[22:48:35] [ info] [citizen-server-i] Starting resource xt-prison
[22:48:35] [error] [extra-natives-fi] Command jail is already registered.
[22:48:35] [error] [extra-natives-fi] Command unjail is already registered.
[22:48:35] [ info] [citizen-server-i] Started resource xt-prison
[22:48:35] [ info] [citizen-server-i] Starting resource mm_radio
[22:48:35] [ info] [citizen-server-i] Started resource mm_radio
[22:48:35] [error] [citizen-server-i] No resources found for category [assets]
[22:48:35] [ info] [citizen-server-i] Starting resource npwd_qbx_garages
[22:48:35] [ info] [citizen-server-i] Started resource npwd_qbx_garages
[22:48:35] [ info] [citizen-server-i] Starting resource npwd_qbx_mail
[22:48:35] [ info] [citizen-server-i] Started resource npwd_qbx_mail
[22:48:35] [ info] [citizen-server-i] Starting resource qbx_npwd
[22:48:35] [ info] [citizen-server-i] Started resource qbx_npwd
[22:48:35] [ info] [citizen-server-i] Starting resource npwd
[22:48:36] [ info] [citizen-server-i] Started resource npwd
║              STDERR║ (node:10876) ExperimentalWarning: localStorage is not available because --localstorage-file was not provided.
║              STDERR║ (Use `node --trace-warnings ...` to show where the warning was created)
[22:48:36] [ warn] [              js] Unhandled promise rejection in resource npwd
[22:48:36] [ warn] [              js] Uncaught Error: Driver not found.
dist/game/server/server.js(5138,130): getDriver
dist/game/server/server.js(5199,28): 
node:internal/process/task_queues(104,5): processTicksAndRejections

[22:48:36] [ warn] [              js] Unhandled promise rejection in resource npwd
[22:48:36] [ warn] [              js] Uncaught Error: Driver not found.
dist/game/server/server.js(5138,130): getDriver
dist/game/server/server.js(5199,28): 
node:internal/process/task_queues(104,5): processTicksAndRejections

[22:48:36] [ warn] [              js] Unhandled promise rejection in resource npwd
[22:48:36] [ warn] [              js] Uncaught Error: No available storage method found.
dist/game/server/server.js(5207,27): 
node:internal/process/task_queues(104,5): processTicksAndRejections

[22:48:36] [error] [citizen-server-i] Server list query returned an error: server request failed: server request failed for endpoint https://171.76.87.229:30120/dynamic.json (Get "https://171.76.87.229:30120/dynamic.json": context deadline exceeded (Client.Timeout exceeded while awaiting headers))
server request failed: server request failed for endpoint https://171.76.87.229:30120/info.json (Get "https://171.76.87.229:30120/info.json": context deadline exceeded (Client.Timeout exceeded while awaiting headers))
server request failed: server request failed for endpoint https://171.76.87.229:30120/players.json (Get "https://171.76.87.229:30120/players.json": context deadline exceeded (Client.Timeout exceeded while awaiting headers)).
[22:48:37] [ warn] [citizen-server-i] ScheduleResourceTick: This native is deprecated. Script resources in FiveM for GTAV Enhanced are running on the same tick rate as the server main tick.
[22:48:37] [ info] [         oxmysql] [12.3.3-MariaDB] Database server connection established!
[22:48:37] [ info] [       xt-prison] [xt-prison] [INFO] Initializing Table: xt_prison
[22:48:37] [ info] [       xt-prison] [xt-prison] [INFO] Initializing Table: xt_prison_items
[22:48:37] [ info] [        qbx_core] [qbx_core] [INFO] Removed invalid groups from player_groups table
[22:48:37] [ info] [    ox_inventory] [ox_inventory] [INFO] Inventory has loaded 301 items
[22:48:37] [ info] [        qbx_core] 
Welcome to Qbox!
To learn more, please check out the documentation at https://docs.qbox.re/.
To turn this message off, set the qbx:acknowledge convar to true in your server.cfg file.

[22:48:37] [ info] [scully_emotemenu] [scully_emotemenu] You are currently running the latest version.
[22:50:39] [ info] [        qbx_core] [qbx_core] [INFO] NotAGirl (Citizen ID: N68429HO ID: 1) has successfully loaded!
[22:51:06] [fatal] [ qbx_vehicleshop] @qbx_vehicleshop/server/main.lua:121: attempt to call a nil value (global 'GetShopZone')
> [global chunk] (qbx_vehicleshop/server/main.lua:121)
> CreateThreadNow
> handler (scheduler.lua:172)
> [global chunk] (scheduler.lua:135)

[22:51:13] [fatal] [ qbx_vehicleshop] @qbx_vehicleshop/server/main.lua:121: attempt to call a nil value (global 'GetShopZone')
> [global chunk] (qbx_vehicleshop/server/main.lua:121)
> CreateThreadNow
> handler (scheduler.lua:172)
> [global chunk] (scheduler.lua:135)

[22:52:07] [error] [citizen-server-i] Server list query returned an error: server request failed: server request failed for endpoint https://171.76.87.229:30120/dynamic.json (Get "https://171.76.87.229:30120/dynamic.json": context deadline exceeded (Client.Timeout exceeded while awaiting headers))
server request failed: server request failed for endpoint https://171.76.87.229:30120/players.json (Get "https://171.76.87.229:30120/players.json": read tcp 10.0.19.193:42044->171.76.87.229:30120: read: connection reset by peer (Client.Timeout exceeded while awaiting headers))
server request failed: server request failed for endpoint https://171.76.87.229:30120/info.json (Get "https://171.76.87.229:30120/info.json": read tcp 10.0.19.193:42054->171.76.87.229:30120: read: connection reset by peer (Client.Timeout exceeded while awaiting headers)).
[22:52:37] [error] [citizen-server-i] Server list query returned an error: server request failed: server request failed for endpoint https://171.76.87.229:30120/players.json (Get "https://171.76.87.229:30120/players.json": context deadline exceeded (Client.Timeout exceeded while awaiting headers))
server request failed: server request failed for endpoint https://171.76.87.229:30120/dynamic.json (Get "https://171.76.87.229:30120/dynamic.json": context deadline exceeded (Client.Timeout exceeded while awaiting headers))
server request failed: server request failed for endpoint https://171.76.87.229:30120/info.json (Get "https://171.76.87.229:30120/info.json": context deadline exceeded (Client.Timeout exceeded while awaiting headers)).
[22:53:08] [error] [citizen-server-i] Server list query returned an error: server request failed: server request failed for endpoint https://171.76.87.229:30120/players.json (Get "https://171.76.87.229:30120/players.json": context deadline exceeded (Client.Timeout exceeded while awaiting headers))
server request failed: server request failed for endpoint https://171.76.87.229:30120/dynamic.json (Get "https://171.76.87.229:30120/dynamic.json": context deadline exceeded (Client.Timeout exceeded while awaiting headers))
server request failed: server request failed for endpoint https://171.76.87.229:30120/info.json (Get "https://171.76.87.229:30120/info.json": context deadline exceeded (Client.Timeout exceeded while awaiting headers)).
[22:53:38] [error] [citizen-server-i] Server list query returned an error: server request failed: server request failed for endpoint https://171.76.87.229:30120/players.json (Get "https://171.76.87.229:30120/players.json": context deadline exceeded (Client.Timeout exceeded while awaiting headers))
server request failed: server request failed for endpoint https://171.76.87.229:30120/dynamic.json (Get "https://171.76.87.229:30120/dynamic.json": context deadline exceeded (Client.Timeout exceeded while awaiting headers))
server request failed: server request failed for endpoint https://171.76.87.229:30120/info.json (Get "https://171.76.87.229:30120/info.json": context deadline exceeded (Client.Timeout exceeded while awaiting headers)).
[22:54:08] [error] [citizen-server-i] Server list query returned an error: server request failed: server request failed for endpoint https://171.76.87.229:30120/players.json (Get "https://171.76.87.229:30120/players.json": context deadline exceeded (Client.Timeout exceeded while awaiting headers))
server request failed: server request failed for endpoint https://171.76.87.229:30120/dynamic.json (Get "https://171.76.87.229:30120/dynamic.json": context deadline exceeded (Client.Timeout exceeded while awaiting headers))
server request failed: server request failed for endpoint https://171.76.87.229:30120/info.json (Get "https://171.76.87.229:30120/info.json": context deadline exceeded (Client.Timeout exceeded while awaiting headers)).
[22:54:39] [error] [citizen-server-i] Server list query returned an error: server request failed: server request failed for endpoint https://171.76.87.229:30120/dynamic.json (Get "https://171.76.87.229:30120/dynamic.json": context deadline exceeded (Client.Timeout exceeded while awaiting headers))
server request failed: server request failed for endpoint https://171.76.87.229:30120/players.json (Get "https://171.76.87.229:30120/players.json": context deadline exceeded (Client.Timeout exceeded while awaiting headers))
server request failed: server request failed for endpoint https://171.76.87.229:30120/info.json (Get "https://171.76.87.229:30120/info.json": context deadline exceeded (Client.Timeout exceeded while awaiting headers)).
[22:55:09] [error] [citizen-server-i] Server list query returned an error: server request failed: server request failed for endpoint https://171.76.87.229:30120/dynamic.json (Get "https://171.76.87.229:30120/dynamic.json": context deadline exceeded (Client.Timeout exceeded while awaiting headers))
server request failed: server request failed for endpoint https://171.76.87.229:30120/players.json (Get "https://171.76.87.229:30120/players.json": context deadline exceeded (Client.Timeout exceeded while awaiting headers))
server request failed: server request failed for endpoint https://171.76.87.229:30120/info.json (Get "https://171.76.87.229:30120/info.json": context deadline exceeded (Client.Timeout exceeded while awaiting headers)).
[22:55:39] [error] [citizen-server-i] Server list query returned an error: server request failed: server request failed for endpoint https://171.76.87.229:30120/dynamic.json (Get "https://171.76.87.229:30120/dynamic.json": context deadline exceeded (Client.Timeout exceeded while awaiting headers))
server request failed: server request failed for endpoint https://171.76.87.229:30120/players.json (Get "https://171.76.87.229:30120/players.json": context deadline exceeded (Client.Timeout exceeded while awaiting headers))
server request failed: server request failed for endpoint https://171.76.87.229:30120/info.json (Get "https://171.76.87.229:30120/info.json": context deadline exceeded (Client.Timeout exceeded while awaiting headers)).
[22:56:09] [error] [citizen-server-i] Server list query returned an error: server request failed: server request failed for endpoint https://171.76.87.229:30120/dynamic.json (Get "https://171.76.87.229:30120/dynamic.json": context deadline exceeded (Client.Timeout exceeded while awaiting headers))
server request failed: server request failed for endpoint https://171.76.87.229:30120/players.json (Get "https://171.76.87.229:30120/players.json": context deadline exceeded (Client.Timeout exceeded while awaiting headers))
server request failed: server request failed for endpoint https://171.76.87.229:30120/info.json (Get "https://171.76.87.229:30120/info.json": context deadline exceeded (Client.Timeout exceeded while awaiting headers)).
[22:56:40] [error] [citizen-server-i] Server list query returned an error: server request failed: server request failed for endpoint https://171.76.87.229:30120/dynamic.json (Get "https://171.76.87.229:30120/dynamic.json": context deadline exceeded (Client.Timeout exceeded while awaiting headers))
server request failed: server request failed for endpoint https://171.76.87.229:30120/info.json (Get "https://171.76.87.229:30120/info.json": read tcp 10.0.5.199:59550->171.76.87.229:30120: read: connection reset by peer)
server request failed: server request failed for endpoint https://171.76.87.229:30120/players.json (Get "https://171.76.87.229:30120/players.json": context deadline exceeded (Client.Timeout exceeded while awaiting headers)).
[22:57:10] [error] [citizen-server-i] Server list query returned an error: server request failed: server request failed for endpoint https://171.76.87.229:30120/dynamic.json (Get "https://171.76.87.229:30120/dynamic.json": context deadline exceeded (Client.Timeout exceeded while awaiting headers))
server request failed: server request failed for endpoint https://171.76.87.229:30120/info.json (Get "https://171.76.87.229:30120/info.json": read tcp 10.0.5.199:59550->171.76.87.229:30120: read: connection reset by peer)
server request failed: server request failed for endpoint https://171.76.87.229:30120/players.json (Get "https://171.76.87.229:30120/players.json": context deadline exceeded (Client.Timeout exceeded while awaiting headers)).
[22:57:41] [error] [citizen-server-i] Server list query returned an error: server request failed: server request failed for endpoint https://171.76.87.229:30120/dynamic.json (Get "https://171.76.87.229:30120/dynamic.json": context deadline exceeded (Client.Timeout exceeded while awaiting headers))
server request failed: server request failed for endpoint https://171.76.87.229:30120/info.json (Get "https://171.76.87.229:30120/info.json": read tcp 10.0.5.199:59550->171.76.87.229:30120: read: connection reset by peer)
server request failed: server request failed for endpoint https://171.76.87.229:30120/players.json (Get "https://171.76.87.229:30120/players.json": context deadline exceeded (Client.Timeout exceeded while awaiting headers)).
[22:58:11] [error] [citizen-server-i] Server list query returned an error: server request failed: server request failed for endpoint https://171.76.87.229:30120/dynamic.json (Get "https://171.76.87.229:30120/dynamic.json": context deadline exceeded (Client.Timeout exceeded while awaiting headers))
server request failed: server request failed for endpoint https://171.76.87.229:30120/info.json (Get "https://171.76.87.229:30120/info.json": read tcp 10.0.5.199:59550->171.76.87.229:30120: read: connection reset by peer)
server request failed: server request failed for endpoint https://171.76.87.229:30120/players.json (Get "https://171.76.87.229:30120/players.json": context deadline exceeded (Client.Timeout exceeded while awaiting headers)).
[22:58:41] [error] [citizen-server-i] Server list query returned an error: server request failed: server request failed for endpoint https://171.76.87.229:30120/info.json (Get "https://171.76.87.229:30120/info.json": context deadline exceeded (Client.Timeout exceeded while awaiting headers))
server request failed: server request failed for endpoint https://171.76.87.229:30120/players.json (Get "https://171.76.87.229:30120/players.json": context deadline exceeded (Client.Timeout exceeded while awaiting headers))
server request failed: server request failed for endpoint https://171.76.87.229:30120/dynamic.json (Get "https://171.76.87.229:30120/dynamic.json": context deadline exceeded (Client.Timeout exceeded while awaiting headers)).
[22:59:11] [error] [citizen-server-i] Server list query returned an error: server request failed: server request failed for endpoint https://171.76.87.229:30120/info.json (Get "https://171.76.87.229:30120/info.json": context deadline exceeded (Client.Timeout exceeded while awaiting headers))
server request failed: server request failed for endpoint https://171.76.87.229:30120/players.json (Get "https://171.76.87.229:30120/players.json": context deadline exceeded (Client.Timeout exceeded while awaiting headers))
server request failed: server request failed for endpoint https://171.76.87.229:30120/dynamic.json (Get "https://171.76.87.229:30120/dynamic.json": context deadline exceeded (Client.Timeout exceeded while awaiting headers)).
[22:59:42] [error] [citizen-server-i] Server list query returned an error: server request failed: server request failed for endpoint https://171.76.87.229:30120/info.json (Get "https://171.76.87.229:30120/info.json": context deadline exceeded (Client.Timeout exceeded while awaiting headers))
server request failed: server request failed for endpoint https://171.76.87.229:30120/players.json (Get "https://171.76.87.229:30120/players.json": context deadline exceeded (Client.Timeout exceeded while awaiting headers))
server request failed: server request failed for endpoint https://171.76.87.229:30120/dynamic.json (Get "https://171.76.87.229:30120/dynamic.json": context deadline exceeded (Client.Timeout exceeded while awaiting headers)).
[23:00:12] [error] [citizen-server-i] Server list query returned an error: server request failed: server request failed for endpoint https://171.76.87.229:30120/info.json (Get "https://171.76.87.229:30120/info.json": context deadline exceeded (Client.Timeout exceeded while awaiting headers))
server request failed: server request failed for endpoint https://171.76.87.229:30120/players.json (Get "https://171.76.87.229:30120/players.json": context deadline exceeded (Client.Timeout exceeded while awaiting headers))
server request failed: server request failed for endpoint https://171.76.87.229:30120/dynamic.json (Get "https://171.76.87.229:30120/dynamic.json": context deadline exceeded (Client.Timeout exceeded while awaiting headers)).
[23:00:43] [error] [citizen-server-i] Server list query returned an error: server request failed: server request failed for endpoint https://171.76.87.229:30120/dynamic.json (Get "https://171.76.87.229:30120/dynamic.json": context deadline exceeded (Client.Timeout exceeded while awaiting headers))
server request failed: server request failed for endpoint https://171.76.87.229:30120/info.json (Get "https://171.76.87.229:30120/info.json": context deadline exceeded (Client.Timeout exceeded while awaiting headers))
server request failed: server request failed for endpoint https://171.76.87.229:30120/players.json (Get "https://171.76.87.229:30120/players.json": context deadline exceeded (Client.Timeout exceeded while awaiting headers)).
[23:01:13] [error] [citizen-server-i] Server list query returned an error: server request failed: server request failed for endpoint https://171.76.87.229:30120/dynamic.json (Get "https://171.76.87.229:30120/dynamic.json": context deadline exceeded (Client.Timeout exceeded while awaiting headers))
server request failed: server request failed for endpoint https://171.76.87.229:30120/info.json (Get "https://171.76.87.229:30120/info.json": context deadline exceeded (Client.Timeout exceeded while awaiting headers))
server request failed: server request failed for endpoint https://171.76.87.229:30120/players.json (Get "https://171.76.87.229:30120/players.json": context deadline exceeded (Client.Timeout exceeded while awaiting headers)).
[23:01:44] [error] [citizen-server-i] Server list query returned an error: server request failed: server request failed for endpoint https://171.76.87.229:30120/dynamic.json (Get "https://171.76.87.229:30120/dynamic.json": context deadline exceeded (Client.Timeout exceeded while awaiting headers))
server request failed: server request failed for endpoint https://171.76.87.229:30120/info.json (Get "https://171.76.87.229:30120/info.json": context deadline exceeded (Client.Timeout exceeded while awaiting headers))
server request failed: server request failed for endpoint https://171.76.87.229:30120/players.json (Get "https://171.76.87.229:30120/players.json": context deadline exceeded (Client.Timeout exceeded while awaiting headers)).
[23:02:14] [error] [citizen-server-i] Server list query returned an error: server request failed: server request failed for endpoint https://171.76.87.229:30120/dynamic.json (Get "https://171.76.87.229:30120/dynamic.json": context deadline exceeded (Client.Timeout exceeded while awaiting headers))
server request failed: server request failed for endpoint https://171.76.87.229:30120/info.json (Get "https://171.76.87.229:30120/info.json": context deadline exceeded (Client.Timeout exceeded while awaiting headers))
server request failed: server request failed for endpoint https://171.76.87.229:30120/players.json (Get "https://171.76.87.229:30120/players.json": context deadline exceeded (Client.Timeout exceeded while awaiting headers)).
[23:02:44] [error] [citizen-server-i] Server list query returned an error: server request failed: server request failed for endpoint https://171.76.87.229:30120/dynamic.json (Get "https://171.76.87.229:30120/dynamic.json": context deadline exceeded (Client.Timeout exceeded while awaiting headers))
server request failed: server request failed for endpoint https://171.76.87.229:30120/info.json (Get "https://171.76.87.229:30120/info.json": context deadline exceeded (Client.Timeout exceeded while awaiting headers))
server request failed: server request failed for endpoint https://171.76.87.229:30120/players.json (Get "https://171.76.87.229:30120/players.json": context deadline exceeded (Client.Timeout exceeded while awaiting headers)).
[23:03:15] [error] [citizen-server-i] Server list query returned an error: server request failed: server request failed for endpoint https://171.76.87.229:30120/dynamic.json (Get "https://171.76.87.229:30120/dynamic.json": context deadline exceeded (Client.Timeout exceeded while awaiting headers))
server request failed: server request failed for endpoint https://171.76.87.229:30120/info.json (Get "https://171.76.87.229:30120/info.json": context deadline exceeded (Client.Timeout exceeded while awaiting headers))
server request failed: server request failed for endpoint https://171.76.87.229:30120/players.json (Get "https://171.76.87.229:30120/players.json": context deadline exceeded (Client.Timeout exceeded while awaiting headers)).
[23:03:45] [error] [citizen-server-i] Server list query returned an error: server request failed: server request failed for endpoint https://171.76.87.229:30120/dynamic.json (Get "https://171.76.87.229:30120/dynamic.json": context deadline exceeded (Client.Timeout exceeded while awaiting headers))
server request failed: server request failed for endpoint https://171.76.87.229:30120/info.json (Get "https://171.76.87.229:30120/info.json": context deadline exceeded (Client.Timeout exceeded while awaiting headers))
server request failed: server request failed for endpoint https://171.76.87.229:30120/players.json (Get "https://171.76.87.229:30120/players.json": context deadline exceeded (Client.Timeout exceeded while awaiting headers)).
[23:07:16] [error] [citizen-server-i] Server list query returned an error: server request failed: server request failed for endpoint https://171.76.87.229:30120/dynamic.json (Get "https://171.76.87.229:30120/dynamic.json": context deadline exceeded (Client.Timeout exceeded while awaiting headers))
server request failed: server request failed for endpoint https://171.76.87.229:30120/players.json (Get "https://171.76.87.229:30120/players.json": context deadline exceeded (Client.Timeout exceeded while awaiting headers))
server request failed: server request failed for endpoint https://171.76.87.229:30120/info.json (Get "https://171.76.87.229:30120/info.json": context deadline exceeded (Client.Timeout exceeded while awaiting headers)).
[23:07:46] [error] [citizen-server-i] Server list query returned an error: server request failed: server request failed for endpoint https://171.76.87.229:30120/dynamic.json (Get "https://171.76.87.229:30120/dynamic.json": context deadline exceeded (Client.Timeout exceeded while awaiting headers))
server request failed: server request failed for endpoint https://171.76.87.229:30120/players.json (Get "https://171.76.87.229:30120/players.json": context deadline exceeded (Client.Timeout exceeded while awaiting headers))
server request failed: server request failed for endpoint https://171.76.87.229:30120/info.json (Get "https://171.76.87.229:30120/info.json": context deadline exceeded (Client.Timeout exceeded while awaiting headers)).
[23:08:17] [error] [citizen-server-i] Server list query returned an error: server request failed: server request failed for endpoint https://171.76.87.229:30120/dynamic.json (Get "https://171.76.87.229:30120/dynamic.json": context deadline exceeded (Client.Timeout exceeded while awaiting headers))
server request failed: server request failed for endpoint https://171.76.87.229:30120/players.json (Get "https://171.76.87.229:30120/players.json": context deadline exceeded (Client.Timeout exceeded while awaiting headers))
server request failed: server request failed for endpoint https://171.76.87.229:30120/info.json (Get "https://171.76.87.229:30120/info.json": context deadline exceeded (Client.Timeout exceeded while awaiting headers)).
[23:08:47] [error] [citizen-server-i] Server list query returned an error: server request failed: server request failed for endpoint https://171.76.87.229:30120/dynamic.json (Get "https://171.76.87.229:30120/dynamic.json": context deadline exceeded (Client.Timeout exceeded while awaiting headers))
server request failed: server request failed for endpoint https://171.76.87.229:30120/players.json (Get "https://171.76.87.229:30120/players.json": context deadline exceeded (Client.Timeout exceeded while awaiting headers))
server request failed: server request failed for endpoint https://171.76.87.229:30120/info.json (Get "https://171.76.87.229:30120/info.json": context deadline exceeded (Client.Timeout exceeded while awaiting headers)).
║             TXADMIN║ txaEvent "serverShuttingDown" "{\"delay\":5000,\"author\":\"NotAGirl\",\"message\":\"Server restarting (admin request).\"}"
[23:10:53] [ info] [         txadmin] [txAdmin] Server shutting down. Kicking all players.

║             TXADMIN║ ================================================================
║             TXADMIN║ ======== [10644] FXServer Starting - 8/9/2026, 11:10:58 pm      
║             TXADMIN║ ================================================================
[23:11:01] [ info] [citizen-server-i] Scanning resources
[23:11:01] [ info] [citizen-server-i] Found 92 resources
[23:11:01] [ warn] [citizen-resource] Resource 'bob74_ipl' uses the deprecated 'stream/' folder. Please rename it to 'stream_enhanced/' for future compatibility.
[23:11:01] [ warn] [citizen-resource] Resource 'qbx_customs' uses the deprecated 'stream/' folder. Please rename it to 'stream_enhanced/' for future compatibility.
[23:11:01] [ warn] [citizen-resource] Resource 'qbx_properties' uses the deprecated 'stream/' folder. Please rename it to 'stream_enhanced/' for future compatibility.
[23:11:01] [ warn] [citizen-resource] Resource 'qbx_hud' uses the deprecated 'stream/' folder. Please rename it to 'stream_enhanced/' for future compatibility.
[23:11:01] [ warn] [citizen-resource] Resource 'qbx_density' uses the deprecated 'stream/' folder. Please rename it to 'stream_enhanced/' for future compatibility.
[23:11:01] [ warn] [citizen-resource] Resource 'ultra-voltlab' uses the deprecated 'stream/' folder. Please rename it to 'stream_enhanced/' for future compatibility.
[23:11:01] [ warn] [citizen-resource] Resource 'scully_emotemenu' uses the deprecated 'stream/' folder. Please rename it to 'stream_enhanced/' for future compatibility.
[23:11:01] [error] [           fivem] sv_enforceGameBuild is used with an invalid value 3258. Only 1 is supported to remove any game dlcs.
[23:11:05] [ info] [         txadmin] [txAdmin] Resource v9.0.0-beta-646aba9a threads and commands set up. All Ready.
[23:11:05] [ info] [citizen-server-i] Starting resource mapmanager
[23:11:05] [ info] [citizen-server-i] Started resource mapmanager
[23:11:05] [ info] [citizen-server-i] Starting resource spawnmanager
[23:11:05] [ info] [citizen-server-i] Started resource spawnmanager
[23:11:05] [error] [citizen-server-i] Failed to ensure resource sessionmanager. Error: Resource "sessionmanager" not found
[23:11:05] [ info] [citizen-server-i] Stopped resource basic-gamemode
[23:11:05] [error] [citizen-server-i] Failed to ensure resource hardcap. Error: Resource "hardcap" not found
[23:11:05] [ info] [citizen-server-i] Starting resource baseevents
[23:11:05] [ info] [citizen-server-i] Started resource baseevents
[23:11:05] [ info] [citizen-server-i] Starting resource ox_lib
[23:11:06] [ info] [citizen-server-i] Started resource ox_lib
[23:11:06] [ info] [citizen-server-i] Starting resource qbx_core
[23:11:07] [ info] [citizen-server-i] Started resource qbx_core
[23:11:07] [ info] [citizen-server-i] Starting resource ox_target
[23:11:08] [ info] [citizen-server-i] Started resource ox_target
[23:11:08] [ info] [citizen-server-i] Starting resource ox_doorlock
[23:11:08] [ info] [citizen-server-i] Started resource ox_doorlock
[23:11:08] [ info] [citizen-server-i] Starting resource ox_fuel
[23:11:10] [ info] [citizen-server-i] Started resource ox_fuel
[23:11:10] [ info] [citizen-server-i] Starting resource qbx_adminmenu
[23:11:10] [ info] [citizen-server-i] Started resource qbx_adminmenu
[23:11:10] [ info] [citizen-server-i] Starting resource qbx_ambulancejob
[23:11:11] [ info] [citizen-server-i] Started resource qbx_ambulancejob
[23:11:11] [ info] [citizen-server-i] Starting resource qbx_bankrobbery
[23:11:11] [ info] [citizen-server-i] Started resource qbx_bankrobbery
[23:11:11] [ info] [citizen-server-i] Starting resource qbx_binoculars
[23:11:11] [ info] [citizen-server-i] Started resource qbx_binoculars
[23:11:11] [ info] [citizen-server-i] Starting resource qbx_busjob
[23:11:11] [ info] [citizen-server-i] Started resource qbx_busjob
[23:11:11] [ info] [citizen-server-i] Starting resource qbx_carwash
[23:11:11] [ info] [citizen-server-i] Started resource qbx_carwash
[23:11:11] [ info] [citizen-server-i] Starting resource qbx_chat_theme
[23:11:11] [ info] [citizen-server-i] Started resource qbx_chat_theme
[23:11:11] [ info] [citizen-server-i] Starting resource qbx_cityhall
[23:11:11] [ info] [citizen-server-i] Started resource qbx_cityhall
[23:11:11] [ info] [citizen-server-i] Starting resource qbx_customs
[23:11:12] [ info] [citizen-server-i] Started resource qbx_customs
[23:11:12] [ info] [citizen-server-i] Starting resource qbx_density
[23:11:12] [ info] [citizen-server-i] Started resource qbx_density
[23:11:12] [ info] [citizen-server-i] Starting resource qbx_divegear
[23:11:12] [ info] [citizen-server-i] Started resource qbx_divegear
[23:11:12] [ info] [citizen-server-i] Starting resource qbx_diving
[23:11:12] [ info] [citizen-server-i] Started resource qbx_diving
[23:11:12] [ info] [citizen-server-i] Starting resource qbx_drugs
[23:11:12] [ info] [citizen-server-i] Started resource qbx_drugs
[23:11:12] [ info] [citizen-server-i] Starting resource qbx_fireworks
[23:11:12] [ info] [citizen-server-i] Started resource qbx_fireworks
[23:11:12] [ info] [citizen-server-i] Starting resource qbx_garages
[23:11:12] [ info] [citizen-server-i] Started resource qbx_garages
[23:11:12] [ info] [citizen-server-i] Starting resource qbx_garbagejob
[23:11:13] [ info] [citizen-server-i] Started resource qbx_garbagejob
[23:11:13] [ info] [citizen-server-i] Starting resource qbx_houserobbery
[23:11:13] [ info] [citizen-server-i] Started resource qbx_houserobbery
[23:11:13] [ info] [citizen-server-i] Starting resource qbx_hud
[23:11:13] [ info] [citizen-server-i] Started resource qbx_hud
[23:11:13] [ info] [citizen-server-i] Starting resource qbx_idcard
[23:11:13] [ info] [citizen-server-i] Started resource qbx_idcard
[23:11:13] [ info] [citizen-server-i] Starting resource qbx_jewelery
[23:11:13] [ info] [citizen-server-i] Started resource qbx_jewelery
[23:11:13] [ info] [citizen-server-i] Starting resource qbx_lapraces
[23:11:14] [ info] [citizen-server-i] Started resource qbx_lapraces
[23:11:14] [ info] [citizen-server-i] Starting resource qbx_management
[23:11:14] [ info] [citizen-server-i] Started resource qbx_management
[23:11:14] [ info] [citizen-server-i] Starting resource qbx_mechanicjob
[23:11:14] [ info] [citizen-server-i] Started resource qbx_mechanicjob
[23:11:14] [ info] [citizen-server-i] Starting resource qbx_newsjob
[23:11:14] [ info] [citizen-server-i] Started resource qbx_newsjob
[23:11:14] [ info] [citizen-server-i] Starting resource qbx_pawnshop
[23:11:14] [ info] [citizen-server-i] Started resource qbx_pawnshop
[23:11:14] [ info] [citizen-server-i] Starting resource qbx_police
[23:11:14] [ info] [citizen-server-i] Started resource qbx_police
[23:11:14] [ info] [citizen-server-i] Starting resource qbx_properties
[23:11:15] [ info] [citizen-server-i] Started resource qbx_properties
[23:11:15] [ info] [citizen-server-i] Starting resource qbx_radialmenu
[23:11:15] [ info] [citizen-server-i] Started resource qbx_radialmenu
[23:11:15] [ info] [citizen-server-i] Starting resource qbx_recyclejob
[23:11:15] [ info] [citizen-server-i] Started resource qbx_recyclejob
[23:11:15] [ info] [citizen-server-i] Starting resource qbx_scoreboard
[23:11:15] [ info] [citizen-server-i] Started resource qbx_scoreboard
[23:11:15] [ info] [citizen-server-i] Starting resource qbx_scrapyard
[23:11:15] [ info] [citizen-server-i] Started resource qbx_scrapyard
[23:11:15] [ info] [citizen-server-i] Starting resource qbx_seatbelt
[23:11:15] [ info] [citizen-server-i] Started resource qbx_seatbelt
[23:11:15] [ info] [citizen-server-i] Starting resource qbx_smallresources
[23:11:16] [ info] [qbx_smallresourc] [qbx_smallresources] [WARN] [qbx_entitiesblacklist] You have entity blacklist enabled, this means that any entity that is blacklisted in config.lua will not be able to spawn, you can change this in qbx_smallresource/qbx_entitiesblacklist/config.lua
[23:11:16] [ info] [citizen-server-i] Started resource qbx_smallresources
[23:11:16] [ info] [citizen-server-i] Starting resource qbx_spawn
[23:11:16] [ info] [citizen-server-i] Started resource qbx_spawn
[23:11:16] [ info] [citizen-server-i] Starting resource qbx_storerobbery
[23:11:16] [ info] [citizen-server-i] Started resource qbx_storerobbery
[23:11:16] [ info] [citizen-server-i] Starting resource qbx_streetraces
[23:11:16] [ info] [citizen-server-i] Started resource qbx_streetraces
[23:11:16] [ info] [citizen-server-i] Starting resource qbx_taxijob
[23:11:16] [ info] [citizen-server-i] Started resource qbx_taxijob
[23:11:16] [ info] [citizen-server-i] Starting resource qbx_towjob
[23:11:16] [ info] [citizen-server-i] Started resource qbx_towjob
[23:11:16] [ info] [citizen-server-i] Starting resource qbx_truckerjob
[23:11:16] [ info] [citizen-server-i] Started resource qbx_truckerjob
[23:11:16] [ info] [citizen-server-i] Starting resource qbx_truckrobbery
[23:11:16] [ info] [citizen-server-i] Started resource qbx_truckrobbery
[23:11:16] [ info] [citizen-server-i] Starting resource qbx_vehiclekeys
[23:11:17] [ info] [citizen-server-i] Started resource qbx_vehiclekeys
[23:11:17] [ info] [citizen-server-i] Starting resource qbx_vehicles
[23:11:17] [ info] [citizen-server-i] Started resource qbx_vehicles
[23:11:17] [ info] [citizen-server-i] Starting resource qbx_vehiclesales
[23:11:17] [ info] [citizen-server-i] Started resource qbx_vehiclesales
[23:11:17] [ info] [citizen-server-i] Starting resource qbx_vehicleshop
[23:11:17] [fatal] [ qbx_vehicleshop] Error loading buffer: @qbx_vehicleshop/server/utils.lua:112: '}' expected (to close '{' at line 110) near 'print'
[23:11:17] [error] [citizen-scriptin] Failed to load server/utils.lua in resource qbx_vehicleshop.
[23:11:17] [ info] [citizen-server-i] Started resource qbx_vehicleshop
[23:11:17] [ info] [citizen-server-i] Starting resource qbx_vineyard
[23:11:17] [ info] [citizen-server-i] Started resource qbx_vineyard
[23:11:17] [ info] [citizen-server-i] Starting resource qbx_weed
[23:11:17] [ info] [citizen-server-i] Started resource qbx_weed
[23:11:17] [ info] [citizen-server-i] Starting resource bob74_ipl
[23:11:18] [ info] [citizen-server-i] Started resource bob74_ipl
[23:11:18] [ info] [citizen-server-i] Starting resource illenium-appearance
[23:11:19] [ info] [citizen-server-i] Started resource illenium-appearance
[23:11:19] [ info] [citizen-server-i] Starting resource loadscreen
[23:11:19] [ info] [citizen-server-i] Started resource loadscreen
[23:11:19] [ info] [citizen-server-i] Starting resource mana_audio
[23:11:19] [ info] [citizen-server-i] Started resource mana_audio
[23:11:19] [ info] [citizen-server-i] Starting resource mhacking
[23:11:19] [ info] [citizen-server-i] Started resource mhacking
[23:11:19] [ info] [citizen-server-i] Starting resource Renewed-Banking
[23:11:20] [ info] [citizen-server-i] Started resource Renewed-Banking
[23:11:20] [ info] [citizen-server-i] Starting resource Renewed-Weathersync
[23:11:20] [ info] [citizen-server-i] Started resource Renewed-Weathersync
[23:11:20] [ info] [citizen-server-i] Starting resource safecracker
[23:11:20] [ info] [citizen-server-i] Started resource safecracker
[23:11:20] [ info] [citizen-server-i] Starting resource screencapture
[23:11:20] [ info] [citizen-server-i] Started resource screencapture
[23:11:20] [ info] [citizen-server-i] Starting resource scully_emotemenu
[23:11:22] [ info] [citizen-server-i] Started resource scully_emotemenu
[23:11:22] [ info] [citizen-server-i] Starting resource ultra-voltlab
[23:11:22] [ info] [citizen-server-i] Started resource ultra-voltlab
[23:11:22] [ info] [citizen-server-i] Starting resource vehiclehandler
[23:11:22] [ info] [citizen-server-i] Started resource vehiclehandler
[23:11:22] [ info] [citizen-server-i] Starting resource xt-prison
[23:11:22] [error] [extra-natives-fi] Command jail is already registered.
[23:11:22] [error] [extra-natives-fi] Command unjail is already registered.
[23:11:22] [ info] [citizen-server-i] Started resource xt-prison
[23:11:22] [ info] [citizen-server-i] Starting resource mm_radio
[23:11:23] [ info] [citizen-server-i] Started resource mm_radio
[23:11:23] [error] [citizen-server-i] No resources found for category [assets]
[23:11:23] [ info] [citizen-server-i] Starting resource npwd_qbx_garages
[23:11:23] [ info] [citizen-server-i] Started resource npwd_qbx_garages
[23:11:23] [ info] [citizen-server-i] Starting resource npwd_qbx_mail
[23:11:24] [ info] [citizen-server-i] Started resource npwd_qbx_mail
[23:11:24] [ info] [citizen-server-i] Starting resource qbx_npwd
[23:11:24] [ info] [citizen-server-i] Started resource qbx_npwd
[23:11:24] [ info] [citizen-server-i] Starting resource npwd
[23:11:25] [ info] [citizen-server-i] Started resource npwd
║              STDERR║ (node:10644) ExperimentalWarning: localStorage is not available because --localstorage-file was not provided.
║              STDERR║ (Use `node --trace-warnings ...` to show where the warning was created)
[23:11:26] [ warn] [              js] Unhandled promise rejection in resource npwd
[23:11:26] [ warn] [              js] Uncaught Error: Driver not found.
dist/game/server/server.js(5138,130): getDriver
dist/game/server/server.js(5199,28): 
node:internal/process/task_queues(104,5): processTicksAndRejections

[23:11:26] [ warn] [              js] Unhandled promise rejection in resource npwd
[23:11:26] [ warn] [              js] Uncaught Error: Driver not found.
dist/game/server/server.js(5138,130): getDriver
dist/game/server/server.js(5199,28): 
node:internal/process/task_queues(104,5): processTicksAndRejections

[23:11:26] [ warn] [              js] Unhandled promise rejection in resource npwd
[23:11:26] [ warn] [              js] Uncaught Error: No available storage method found.
dist/game/server/server.js(5207,27): 
node:internal/process/task_queues(104,5): processTicksAndRejections

[23:11:26] [error] [citizen-server-i] Server list query returned an error: server request failed: server request failed for endpoint https://171.76.87.229:30120/players.json (Get "https://171.76.87.229:30120/players.json": context deadline exceeded (Client.Timeout exceeded while awaiting headers))
server request failed: server request failed for endpoint https://171.76.87.229:30120/dynamic.json (Get "https://171.76.87.229:30120/dynamic.json": context deadline exceeded (Client.Timeout exceeded while awaiting headers))
server request failed: server request failed for endpoint https://171.76.87.229:30120/info.json (Get "https://171.76.87.229:30120/info.json": context deadline exceeded (Client.Timeout exceeded while awaiting headers)).
[23:11:27] [ warn] [citizen-server-i] ScheduleResourceTick: This native is deprecated. Script resources in FiveM for GTAV Enhanced are running on the same tick rate as the server main tick.
[23:11:27] [ info] [         oxmysql] [12.3.3-MariaDB] Database server connection established!
[23:11:27] [ info] [       xt-prison] [xt-prison] [INFO] Initializing Table: xt_prison
[23:11:27] [ info] [       xt-prison] [xt-prison] [INFO] Initializing Table: xt_prison_items
[23:11:27] [ info] [        qbx_core] [qbx_core] [INFO] Removed invalid groups from player_groups table
[23:11:27] [ info] [        qbx_core] 
Welcome to Qbox!
To learn more, please check out the documentation at https://docs.qbox.re/.
To turn this message off, set the qbx:acknowledge convar to true in your server.cfg file.

[23:11:27] [ info] [    ox_inventory] [ox_inventory] [INFO] Inventory has loaded 301 items
[23:11:27] [ info] [scully_emotemenu] [scully_emotemenu] You are currently running the latest version.
[23:11:57] [error] [citizen-server-i] Server list query returned an error: server request failed: server request failed for endpoint https://171.76.87.229:30120/players.json (Get "https://171.76.87.229:30120/players.json": context deadline exceeded (Client.Timeout exceeded while awaiting headers))
server request failed: server request failed for endpoint https://171.76.87.229:30120/dynamic.json (Get "https://171.76.87.229:30120/dynamic.json": context deadline exceeded (Client.Timeout exceeded while awaiting headers))
server request failed: server request failed for endpoint https://171.76.87.229:30120/info.json (Get "https://171.76.87.229:30120/info.json": context deadline exceeded (Client.Timeout exceeded while awaiting headers)).
[23:12:27] [error] [citizen-server-i] Server list query returned an error: server request failed: server request failed for endpoint https://171.76.87.229:30120/players.json (Get "https://171.76.87.229:30120/players.json": context deadline exceeded (Client.Timeout exceeded while awaiting headers))
server request failed: server request failed for endpoint https://171.76.87.229:30120/dynamic.json (Get "https://171.76.87.229:30120/dynamic.json": context deadline exceeded (Client.Timeout exceeded while awaiting headers))
server request failed: server request failed for endpoint https://171.76.87.229:30120/info.json (Get "https://171.76.87.229:30120/info.json": context deadline exceeded (Client.Timeout exceeded while awaiting headers)).
[23:12:58] [error] [citizen-server-i] Server list query returned an error: server request failed: server request failed for endpoint https://171.76.87.229:30120/players.json (Get "https://171.76.87.229:30120/players.json": context deadline exceeded (Client.Timeout exceeded while awaiting headers))
server request failed: server request failed for endpoint https://171.76.87.229:30120/dynamic.json (Get "https://171.76.87.229:30120/dynamic.json": context deadline exceeded (Client.Timeout exceeded while awaiting headers))
server request failed: server request failed for endpoint https://171.76.87.229:30120/info.json (Get "https://171.76.87.229:30120/info.json": context deadline exceeded (Client.Timeout exceeded while awaiting headers)).
║             TXADMIN║ txaEvent "serverShuttingDown" "{\"delay\":5000,\"author\":\"NotAGirl\",\"message\":\"Server restarting (admin request).\"}"
[23:13:59] [ info] [         txadmin] [txAdmin] Server shutting down. Kicking all players.

║             TXADMIN║ ================================================================
║             TXADMIN║ ======== [10564] FXServer Starting - 8/9/2026, 11:14:05 pm      
║             TXADMIN║ ================================================================
[23:14:06] [ info] [citizen-server-i] Scanning resources
[23:14:06] [ info] [citizen-server-i] Found 92 resources
[23:14:06] [ warn] [citizen-resource] Resource 'bob74_ipl' uses the deprecated 'stream/' folder. Please rename it to 'stream_enhanced/' for future compatibility.
[23:14:06] [ warn] [citizen-resource] Resource 'qbx_density' uses the deprecated 'stream/' folder. Please rename it to 'stream_enhanced/' for future compatibility.
[23:14:06] [ warn] [citizen-resource] Resource 'qbx_customs' uses the deprecated 'stream/' folder. Please rename it to 'stream_enhanced/' for future compatibility.
[23:14:06] [ warn] [citizen-resource] Resource 'qbx_hud' uses the deprecated 'stream/' folder. Please rename it to 'stream_enhanced/' for future compatibility.
[23:14:06] [ warn] [citizen-resource] Resource 'qbx_properties' uses the deprecated 'stream/' folder. Please rename it to 'stream_enhanced/' for future compatibility.
[23:14:06] [ warn] [citizen-resource] Resource 'ultra-voltlab' uses the deprecated 'stream/' folder. Please rename it to 'stream_enhanced/' for future compatibility.
[23:14:06] [ warn] [citizen-resource] Resource 'scully_emotemenu' uses the deprecated 'stream/' folder. Please rename it to 'stream_enhanced/' for future compatibility.
[23:14:06] [error] [           fivem] sv_enforceGameBuild is used with an invalid value 3258. Only 1 is supported to remove any game dlcs.
[23:14:07] [ info] [         txadmin] [txAdmin] Resource v9.0.0-beta-646aba9a threads and commands set up. All Ready.
[23:14:07] [ info] [citizen-server-i] Starting resource mapmanager
[23:14:07] [ info] [citizen-server-i] Started resource mapmanager
[23:14:07] [ info] [citizen-server-i] Starting resource spawnmanager
[23:14:07] [ info] [citizen-server-i] Started resource spawnmanager
[23:14:07] [error] [citizen-server-i] Failed to ensure resource sessionmanager. Error: Resource "sessionmanager" not found
[23:14:07] [ info] [citizen-server-i] Stopped resource basic-gamemode
[23:14:07] [error] [citizen-server-i] Failed to ensure resource hardcap. Error: Resource "hardcap" not found
[23:14:07] [ info] [citizen-server-i] Starting resource baseevents
[23:14:07] [ info] [citizen-server-i] Started resource baseevents
[23:14:07] [ info] [citizen-server-i] Starting resource ox_lib
[23:14:07] [ info] [citizen-server-i] Started resource ox_lib
[23:14:07] [ info] [citizen-server-i] Starting resource qbx_core
[23:14:07] [ info] [citizen-server-i] Started resource qbx_core
[23:14:07] [ info] [citizen-server-i] Starting resource ox_target
[23:14:07] [ info] [citizen-server-i] Started resource ox_target
[23:14:07] [ info] [citizen-server-i] Starting resource ox_doorlock
[23:14:07] [ info] [citizen-server-i] Started resource ox_doorlock
[23:14:07] [ info] [citizen-server-i] Starting resource ox_fuel
[23:14:07] [ info] [citizen-server-i] Started resource ox_fuel
[23:14:07] [ info] [citizen-server-i] Starting resource qbx_adminmenu
[23:14:07] [ info] [citizen-server-i] Started resource qbx_adminmenu
[23:14:07] [ info] [citizen-server-i] Starting resource qbx_ambulancejob
[23:14:07] [ info] [citizen-server-i] Started resource qbx_ambulancejob
[23:14:07] [ info] [citizen-server-i] Starting resource qbx_bankrobbery
[23:14:07] [ info] [citizen-server-i] Started resource qbx_bankrobbery
[23:14:07] [ info] [citizen-server-i] Starting resource qbx_binoculars
[23:14:07] [ info] [citizen-server-i] Started resource qbx_binoculars
[23:14:07] [ info] [citizen-server-i] Starting resource qbx_busjob
[23:14:07] [ info] [citizen-server-i] Started resource qbx_busjob
[23:14:07] [ info] [citizen-server-i] Starting resource qbx_carwash
[23:14:07] [ info] [citizen-server-i] Started resource qbx_carwash
[23:14:07] [ info] [citizen-server-i] Starting resource qbx_chat_theme
[23:14:07] [ info] [citizen-server-i] Started resource qbx_chat_theme
[23:14:07] [ info] [citizen-server-i] Starting resource qbx_cityhall
[23:14:07] [ info] [citizen-server-i] Started resource qbx_cityhall
[23:14:07] [ info] [citizen-server-i] Starting resource qbx_customs
[23:14:07] [ info] [citizen-server-i] Started resource qbx_customs
[23:14:07] [ info] [citizen-server-i] Starting resource qbx_density
[23:14:08] [ info] [citizen-server-i] Started resource qbx_density
[23:14:08] [ info] [citizen-server-i] Starting resource qbx_divegear
[23:14:08] [ info] [citizen-server-i] Started resource qbx_divegear
[23:14:08] [ info] [citizen-server-i] Starting resource qbx_diving
[23:14:08] [ info] [citizen-server-i] Started resource qbx_diving
[23:14:08] [ info] [citizen-server-i] Starting resource qbx_drugs
[23:14:08] [ info] [citizen-server-i] Started resource qbx_drugs
[23:14:08] [ info] [citizen-server-i] Starting resource qbx_fireworks
[23:14:08] [ info] [citizen-server-i] Started resource qbx_fireworks
[23:14:08] [ info] [citizen-server-i] Starting resource qbx_garages
[23:14:08] [ info] [citizen-server-i] Started resource qbx_garages
[23:14:08] [ info] [citizen-server-i] Starting resource qbx_garbagejob
[23:14:08] [ info] [citizen-server-i] Started resource qbx_garbagejob
[23:14:08] [ info] [citizen-server-i] Starting resource qbx_houserobbery
[23:14:08] [ info] [citizen-server-i] Started resource qbx_houserobbery
[23:14:08] [ info] [citizen-server-i] Starting resource qbx_hud
[23:14:08] [ info] [citizen-server-i] Started resource qbx_hud
[23:14:08] [ info] [citizen-server-i] Starting resource qbx_idcard
[23:14:08] [ info] [citizen-server-i] Started resource qbx_idcard
[23:14:08] [ info] [citizen-server-i] Starting resource qbx_jewelery
[23:14:08] [ info] [citizen-server-i] Started resource qbx_jewelery
[23:14:08] [ info] [citizen-server-i] Starting resource qbx_lapraces
[23:14:08] [ info] [citizen-server-i] Started resource qbx_lapraces
[23:14:08] [ info] [citizen-server-i] Starting resource qbx_management
[23:14:08] [ info] [citizen-server-i] Started resource qbx_management
[23:14:08] [ info] [citizen-server-i] Starting resource qbx_mechanicjob
[23:14:08] [ info] [citizen-server-i] Started resource qbx_mechanicjob
[23:14:08] [ info] [citizen-server-i] Starting resource qbx_newsjob
[23:14:08] [ info] [citizen-server-i] Started resource qbx_newsjob
[23:14:08] [ info] [citizen-server-i] Starting resource qbx_pawnshop
[23:14:08] [ info] [citizen-server-i] Started resource qbx_pawnshop
[23:14:08] [ info] [citizen-server-i] Starting resource qbx_police
[23:14:08] [ info] [citizen-server-i] Started resource qbx_police
[23:14:08] [ info] [citizen-server-i] Starting resource qbx_properties
[23:14:08] [ info] [citizen-server-i] Started resource qbx_properties
[23:14:08] [ info] [citizen-server-i] Starting resource qbx_radialmenu
[23:14:08] [ info] [citizen-server-i] Started resource qbx_radialmenu
[23:14:08] [ info] [citizen-server-i] Starting resource qbx_recyclejob
[23:14:08] [ info] [citizen-server-i] Started resource qbx_recyclejob
[23:14:08] [ info] [citizen-server-i] Starting resource qbx_scoreboard
[23:14:08] [ info] [citizen-server-i] Started resource qbx_scoreboard
[23:14:08] [ info] [citizen-server-i] Starting resource qbx_scrapyard
[23:14:08] [ info] [citizen-server-i] Started resource qbx_scrapyard
[23:14:08] [ info] [citizen-server-i] Starting resource qbx_seatbelt
[23:14:08] [ info] [citizen-server-i] Started resource qbx_seatbelt
[23:14:08] [ info] [citizen-server-i] Starting resource qbx_smallresources
[23:14:08] [ info] [qbx_smallresourc] [qbx_smallresources] [WARN] [qbx_entitiesblacklist] You have entity blacklist enabled, this means that any entity that is blacklisted in config.lua will not be able to spawn, you can change this in qbx_smallresource/qbx_entitiesblacklist/config.lua
[23:14:08] [ info] [citizen-server-i] Started resource qbx_smallresources
[23:14:08] [ info] [citizen-server-i] Starting resource qbx_spawn
[23:14:08] [ info] [citizen-server-i] Started resource qbx_spawn
[23:14:08] [ info] [citizen-server-i] Starting resource qbx_storerobbery
[23:14:08] [ info] [citizen-server-i] Started resource qbx_storerobbery
[23:14:08] [ info] [citizen-server-i] Starting resource qbx_streetraces
[23:14:08] [ info] [citizen-server-i] Started resource qbx_streetraces
[23:14:08] [ info] [citizen-server-i] Starting resource qbx_taxijob
[23:14:08] [ info] [citizen-server-i] Started resource qbx_taxijob
[23:14:08] [ info] [citizen-server-i] Starting resource qbx_towjob
[23:14:08] [ info] [citizen-server-i] Started resource qbx_towjob
[23:14:08] [ info] [citizen-server-i] Starting resource qbx_truckerjob
[23:14:08] [ info] [citizen-server-i] Started resource qbx_truckerjob
[23:14:08] [ info] [citizen-server-i] Starting resource qbx_truckrobbery
[23:14:08] [ info] [citizen-server-i] Started resource qbx_truckrobbery
[23:14:08] [ info] [citizen-server-i] Starting resource qbx_vehiclekeys
[23:14:08] [ info] [citizen-server-i] Started resource qbx_vehiclekeys
[23:14:08] [ info] [citizen-server-i] Starting resource qbx_vehicles
[23:14:08] [ info] [citizen-server-i] Started resource qbx_vehicles
[23:14:08] [ info] [citizen-server-i] Starting resource qbx_vehiclesales
[23:14:08] [ info] [citizen-server-i] Started resource qbx_vehiclesales
[23:14:08] [ info] [citizen-server-i] Starting resource qbx_vehicleshop
[23:14:08] [ info] [citizen-server-i] Started resource qbx_vehicleshop
[23:14:08] [ info] [citizen-server-i] Starting resource qbx_vineyard
[23:14:08] [ info] [citizen-server-i] Started resource qbx_vineyard
[23:14:08] [ info] [citizen-server-i] Starting resource qbx_weed
[23:14:08] [ info] [citizen-server-i] Started resource qbx_weed
[23:14:08] [ info] [citizen-server-i] Starting resource bob74_ipl
[23:14:08] [ info] [citizen-server-i] Started resource bob74_ipl
[23:14:08] [ info] [citizen-server-i] Starting resource illenium-appearance
[23:14:08] [ info] [citizen-server-i] Started resource illenium-appearance
[23:14:08] [ info] [citizen-server-i] Starting resource loadscreen
[23:14:08] [ info] [citizen-server-i] Started resource loadscreen
[23:14:08] [ info] [citizen-server-i] Starting resource mana_audio
[23:14:08] [ info] [citizen-server-i] Started resource mana_audio
[23:14:08] [ info] [citizen-server-i] Starting resource mhacking
[23:14:08] [ info] [citizen-server-i] Started resource mhacking
[23:14:08] [ info] [citizen-server-i] Starting resource Renewed-Banking
[23:14:08] [ info] [citizen-server-i] Started resource Renewed-Banking
[23:14:08] [ info] [citizen-server-i] Starting resource Renewed-Weathersync
[23:14:08] [ info] [citizen-server-i] Started resource Renewed-Weathersync
[23:14:08] [ info] [citizen-server-i] Starting resource safecracker
[23:14:08] [ info] [citizen-server-i] Started resource safecracker
[23:14:08] [ info] [citizen-server-i] Starting resource screencapture
[23:14:08] [ info] [citizen-server-i] Started resource screencapture
[23:14:08] [ info] [citizen-server-i] Starting resource scully_emotemenu
[23:14:08] [ info] [citizen-server-i] Started resource scully_emotemenu
[23:14:08] [ info] [citizen-server-i] Starting resource ultra-voltlab
[23:14:08] [ info] [citizen-server-i] Started resource ultra-voltlab
[23:14:08] [ info] [citizen-server-i] Starting resource vehiclehandler
[23:14:08] [ info] [citizen-server-i] Started resource vehiclehandler
[23:14:08] [ info] [citizen-server-i] Starting resource xt-prison
[23:14:08] [error] [extra-natives-fi] Command jail is already registered.
[23:14:08] [error] [extra-natives-fi] Command unjail is already registered.
[23:14:08] [ info] [citizen-server-i] Started resource xt-prison
[23:14:08] [ info] [citizen-server-i] Starting resource mm_radio
[23:14:08] [ info] [citizen-server-i] Started resource mm_radio
[23:14:08] [error] [citizen-server-i] No resources found for category [assets]
[23:14:08] [ info] [citizen-server-i] Starting resource npwd_qbx_garages
[23:14:08] [ info] [citizen-server-i] Started resource npwd_qbx_garages
[23:14:08] [ info] [citizen-server-i] Starting resource npwd_qbx_mail
[23:14:08] [ info] [citizen-server-i] Started resource npwd_qbx_mail
[23:14:08] [ info] [citizen-server-i] Starting resource qbx_npwd
[23:14:08] [ info] [citizen-server-i] Started resource qbx_npwd
[23:14:08] [ info] [citizen-server-i] Starting resource npwd
[23:14:09] [ info] [citizen-server-i] Started resource npwd
║              STDERR║ (node:10564) ExperimentalWarning: localStorage is not available because --localstorage-file was not provided.
║              STDERR║ (Use `node --trace-warnings ...` to show where the warning was created)
[23:14:09] [ warn] [              js] Unhandled promise rejection in resource npwd
[23:14:09] [ warn] [              js] Uncaught Error: Driver not found.
dist/game/server/server.js(5138,130): getDriver
dist/game/server/server.js(5199,28): 
node:internal/process/task_queues(104,5): processTicksAndRejections

[23:14:09] [ warn] [              js] Unhandled promise rejection in resource npwd
[23:14:09] [ warn] [              js] Uncaught Error: Driver not found.
dist/game/server/server.js(5138,130): getDriver
dist/game/server/server.js(5199,28): 
node:internal/process/task_queues(104,5): processTicksAndRejections

[23:14:09] [ warn] [              js] Unhandled promise rejection in resource npwd
[23:14:09] [ warn] [              js] Uncaught Error: No available storage method found.
dist/game/server/server.js(5207,27): 
node:internal/process/task_queues(104,5): processTicksAndRejections

[23:14:10] [error] [citizen-server-i] Server list query returned an error: server request failed: server request failed for endpoint https://171.76.87.229:30120/players.json (Get "https://171.76.87.229:30120/players.json": context deadline exceeded (Client.Timeout exceeded while awaiting headers))
server request failed: server request failed for endpoint https://171.76.87.229:30120/dynamic.json (Get "https://171.76.87.229:30120/dynamic.json": context deadline exceeded (Client.Timeout exceeded while awaiting headers))
server request failed: server request failed for endpoint https://171.76.87.229:30120/info.json (Get "https://171.76.87.229:30120/info.json": context deadline exceeded (Client.Timeout exceeded while awaiting headers)).
[23:14:10] [ warn] [citizen-server-i] ScheduleResourceTick: This native is deprecated. Script resources in FiveM for GTAV Enhanced are running on the same tick rate as the server main tick.
[23:14:10] [ info] [         oxmysql] [12.3.3-MariaDB] Database server connection established!
[23:14:10] [ info] [        qbx_core] 
Welcome to Qbox!
To learn more, please check out the documentation at https://docs.qbox.re/.
To turn this message off, set the qbx:acknowledge convar to true in your server.cfg file.

[23:14:10] [ info] [       xt-prison] [xt-prison] [INFO] Initializing Table: xt_prison
[23:14:10] [ info] [       xt-prison] [xt-prison] [INFO] Initializing Table: xt_prison_items
[23:14:10] [ info] [        qbx_core] [qbx_core] [INFO] Removed invalid groups from player_groups table
[23:14:10] [ info] [    ox_inventory] [ox_inventory] [INFO] Inventory has loaded 301 items
[23:14:10] [ info] [scully_emotemenu] [scully_emotemenu] You are currently running the latest version.
[23:14:40] [error] [citizen-server-i] Server list query returned an error: server request failed: server request failed for endpoint https://171.76.87.229:30120/players.json (Get "https://171.76.87.229:30120/players.json": context deadline exceeded (Client.Timeout exceeded while awaiting headers))
server request failed: server request failed for endpoint https://171.76.87.229:30120/dynamic.json (Get "https://171.76.87.229:30120/dynamic.json": context deadline exceeded (Client.Timeout exceeded while awaiting headers))
server request failed: server request failed for endpoint https://171.76.87.229:30120/info.json (Get "https://171.76.87.229:30120/info.json": context deadline exceeded (Client.Timeout exceeded while awaiting headers)).
[23:15:11] [error] [citizen-server-i] Server list query returned an error: server request failed: server request failed for endpoint https://171.76.87.229:30120/players.json (Get "https://171.76.87.229:30120/players.json": context deadline exceeded (Client.Timeout exceeded while awaiting headers))
server request failed: server request failed for endpoint https://171.76.87.229:30120/dynamic.json (Get "https://171.76.87.229:30120/dynamic.json": context deadline exceeded (Client.Timeout exceeded while awaiting headers))
server request failed: server request failed for endpoint https://171.76.87.229:30120/info.json (Get "https://171.76.87.229:30120/info.json": context deadline exceeded (Client.Timeout exceeded while awaiting headers)).
[23:16:56] [ info] [        qbx_core] [qbx_core] [INFO] NotAGirl (Citizen ID: N68429HO ID: 1) has successfully loaded!
[23:17:04] [ info] [ qbx_vehicleshop] [QBX VEHICLE DEBUG] vehicleId: 3
[23:17:04] [ info] [ qbx_vehicleshop] [QBX VEHICLE DEBUG] vehicle data: {"id":3,"citizenid":"N68429HO","modelName":"impaler","props":{"bodyHealth":1000,"model":-2096690334,"fuelLevel":100,"plate":"KCXKZ5U7","engineHealth":1000},"state":0,"depotPrice":0}
[23:17:04] [ info] [ qbx_vehicleshop] [QBX VEHICLE DEBUG] modelName: impaler
[23:17:04] [ info] [ qbx_vehicleshop] [QBX VEHICLE DEBUG] model: nil
[23:17:04] [ info] [ qbx_vehicleshop] [QBX SPAWN TEST] model: impaler
[23:17:04] [ info] [ qbx_vehicleshop] [QBX SPAWN TEST] hash: -2096690334
[23:17:04] [fatal] [ qbx_vehicleshop] @qbx_vehicleshop/server/utils.lua:124: attempt to call a nil value (global 'IsModelInCdimage')
> SpawnVehicle (qbx_vehicleshop/server/utils.lua:124)
> [global chunk] (qbx_vehicleshop/server/main.lua:147)
> [global chunk]
> pcall
> nonpromisecb (deferred.lua:76)
> promise (deferred.lua:57)
> fire (deferred.lua:66)
> [global chunk] (deferred.lua:112)
> finish (deferred.lua:22)
> nonpromisecb (deferred.lua:102)
> promise (deferred.lua:57)
> nonpromisecb (deferred.lua:97)
> promise (deferred.lua:57)
> fire (deferred.lua:66)
> [global chunk] (deferred.lua:112)
> func (scheduler.lua:439)
> [global chunk] (scheduler.lua:365)
> pcall
> [global chunk] (scheduler.lua:364)
> CreateThreadNow
> [global chunk] (scheduler.lua:363)
> InvokeFunctionReference
> cb (scheduler.lua:430)
> [global chunk] (scheduler.lua:373)
> [global chunk]
> pcall
> nonpromisecb (deferred.lua:76)
> promise (deferred.lua:57)
> fire (deferred.lua:66)
> [global chunk] (deferred.lua:112)
> finish (deferred.lua:22)
> nonpromisecb (deferred.lua:102)
> promise (deferred.lua:57)
> nonpromisecb (deferred.lua:97)
> promise (deferred.lua:57)
> fire (deferred.lua:66)
> [global chunk] (deferred.lua:112)
> func (oxmysql/lib/MySQL.lua:23)
> [global chunk] (scheduler.lua:365)
> pcall
> [global chunk] (scheduler.lua:364)
> CreateThreadNow
> [global chunk] (scheduler.lua:363)

[23:17:18] [ info] [ qbx_vehicleshop] [QBX VEHICLE DEBUG] vehicleId: 4
[23:17:18] [ info] [ qbx_vehicleshop] [QBX VEHICLE DEBUG] vehicle data: {"id":4,"citizenid":"N68429HO","modelName":"greenwood","props":{"bodyHealth":1000,"model":40817712,"fuelLevel":100,"plate":"GA5UFTW7","engineHealth":1000},"state":0,"depotPrice":0}
[23:17:18] [ info] [ qbx_vehicleshop] [QBX VEHICLE DEBUG] modelName: greenwood
[23:17:18] [ info] [ qbx_vehicleshop] [QBX VEHICLE DEBUG] model: nil
[23:17:18] [ info] [ qbx_vehicleshop] [QBX SPAWN TEST] model: greenwood
[23:17:18] [ info] [ qbx_vehicleshop] [QBX SPAWN TEST] hash: 40817712
[23:17:18] [fatal] [ qbx_vehicleshop] @qbx_vehicleshop/server/utils.lua:124: attempt to call a nil value (global 'IsModelInCdimage')
> SpawnVehicle (qbx_vehicleshop/server/utils.lua:124)
> [global chunk] (qbx_vehicleshop/server/main.lua:147)
> [global chunk]
> pcall
> nonpromisecb (deferred.lua:76)
> promise (deferred.lua:57)
> fire (deferred.lua:66)
> [global chunk] (deferred.lua:112)
> finish (deferred.lua:22)
> nonpromisecb (deferred.lua:102)
> promise (deferred.lua:57)
> nonpromisecb (deferred.lua:97)
> promise (deferred.lua:57)
> fire (deferred.lua:66)
> [global chunk] (deferred.lua:112)
> func (scheduler.lua:439)
> [global chunk] (scheduler.lua:365)
> pcall
> [global chunk] (scheduler.lua:364)
> CreateThreadNow
> [global chunk] (scheduler.lua:363)
> InvokeFunctionReference
> cb (scheduler.lua:430)
> [global chunk] (scheduler.lua:373)
> [global chunk]
> pcall
> nonpromisecb (deferred.lua:76)
> promise (deferred.lua:57)
> fire (deferred.lua:66)
> [global chunk] (deferred.lua:112)
> finish (deferred.lua:22)
> nonpromisecb (deferred.lua:102)
> promise (deferred.lua:57)
> nonpromisecb (deferred.lua:97)
> promise (deferred.lua:57)
> fire (deferred.lua:66)
> [global chunk] (deferred.lua:112)
> func (oxmysql/lib/MySQL.lua:23)
> [global chunk] (scheduler.lua:365)
> pcall
> [global chunk] (scheduler.lua:364)
> CreateThreadNow
> [global chunk] (scheduler.lua:363)
> UnpackedFunction (oxmysql/funcrefs.js:15:30)
> rawQuery (oxmysql/dist/build.js:27039:9)
> processTicksAndRejections (oxmysql/node:internal/process/task_queues:104:5)

[23:17:53] [ info] [     qbx_garages] SCRIPT ERROR: @qbx_core/modules/lib.lua:383: unable to successfully spawn vehicle after 3 attempts
> [global chunk]
> InvokeNative
> callbackResponse (ox_lib/imports/callback/server.lua:101)
> [global chunk] (ox_lib/imports/callback/server.lua:122)

[23:18:42] [error] [citizen-server-i] Server list query returned an error: server request failed: server request failed for endpoint https://171.76.87.229:30120/players.json (Get "https://171.76.87.229:30120/players.json": context deadline exceeded (Client.Timeout exceeded while awaiting headers))
server request failed: server request failed for endpoint https://171.76.87.229:30120/dynamic.json (Get "https://171.76.87.229:30120/dynamic.json": context deadline exceeded (Client.Timeout exceeded while awaiting headers))
server request failed: server request failed for endpoint https://171.76.87.229:30120/info.json (Get "https://171.76.87.229:30120/info.json": context deadline exceeded (Client.Timeout exceeded while awaiting headers)).
[23:19:12] [error] [citizen-server-i] Server list query returned an error: server request failed: server request failed for endpoint https://171.76.87.229:30120/players.json (Get "https://171.76.87.229:30120/players.json": context deadline exceeded (Client.Timeout exceeded while awaiting headers))
server request failed: server request failed for endpoint https://171.76.87.229:30120/info.json (Get "https://171.76.87.229:30120/info.json": context deadline exceeded (Client.Timeout exceeded while awaiting headers))
server request failed: server request failed for endpoint https://171.76.87.229:30120/dynamic.json (Get "https://171.76.87.229:30120/dynamic.json": context deadline exceeded (Client.Timeout exceeded while awaiting headers)).
[23:19:42] [error] [citizen-server-i] Server list query returned an error: server request failed: server request failed for endpoint https://171.76.87.229:30120/players.json (Get "https://171.76.87.229:30120/players.json": context deadline exceeded (Client.Timeout exceeded while awaiting headers))
server request failed: server request failed for endpoint https://171.76.87.229:30120/info.json (Get "https://171.76.87.229:30120/info.json": context deadline exceeded (Client.Timeout exceeded while awaiting headers))
server request failed: server request failed for endpoint https://171.76.87.229:30120/dynamic.json (Get "https://171.76.87.229:30120/dynamic.json": context deadline exceeded (Client.Timeout exceeded while awaiting headers)).
[23:20:13] [error] [citizen-server-i] Server list query returned an error: server request failed: server request failed for endpoint https://171.76.87.229:30120/players.json (Get "https://171.76.87.229:30120/players.json": context deadline exceeded (Client.Timeout exceeded while awaiting headers))
server request failed: server request failed for endpoint https://171.76.87.229:30120/info.json (Get "https://171.76.87.229:30120/info.json": context deadline exceeded (Client.Timeout exceeded while awaiting headers))
server request failed: server request failed for endpoint https://171.76.87.229:30120/dynamic.json (Get "https://171.76.87.229:30120/dynamic.json": context deadline exceeded (Client.Timeout exceeded while awaiting headers)).
[23:20:43] [error] [citizen-server-i] Server list query returned an error: server request failed: server request failed for endpoint https://171.76.87.229:30120/players.json (Get "https://171.76.87.229:30120/players.json": context deadline exceeded (Client.Timeout exceeded while awaiting headers))
server request failed: server request failed for endpoint https://171.76.87.229:30120/info.json (Get "https://171.76.87.229:30120/info.json": context deadline exceeded (Client.Timeout exceeded while awaiting headers))
server request failed: server request failed for endpoint https://171.76.87.229:30120/dynamic.json (Get "https://171.76.87.229:30120/dynamic.json": context deadline exceeded (Client.Timeout exceeded while awaiting headers)).
[23:21:13] [error] [citizen-server-i] Server list query returned an error: server request failed: server request failed for endpoint https://171.76.87.229:30120/players.json (Get "https://171.76.87.229:30120/players.json": context deadline exceeded (Client.Timeout exceeded while awaiting headers))
server request failed: server request failed for endpoint https://171.76.87.229:30120/info.json (Get "https://171.76.87.229:30120/info.json": context deadline exceeded (Client.Timeout exceeded while awaiting headers))
server request failed: server request failed for endpoint https://171.76.87.229:30120/dynamic.json (Get "https://171.76.87.229:30120/dynamic.json": context deadline exceeded (Client.Timeout exceeded while awaiting headers)).
[23:21:43] [error] [citizen-server-i] Server list query returned an error: server request failed: server request failed for endpoint https://171.76.87.229:30120/players.json (Get "https://171.76.87.229:30120/players.json": context deadline exceeded (Client.Timeout exceeded while awaiting headers))
server request failed: server request failed for endpoint https://171.76.87.229:30120/info.json (Get "https://171.76.87.229:30120/info.json": context deadline exceeded (Client.Timeout exceeded while awaiting headers))
server request failed: server request failed for endpoint https://171.76.87.229:30120/dynamic.json (Get "https://171.76.87.229:30120/dynamic.json": context deadline exceeded (Client.Timeout exceeded while awaiting headers)).
[23:22:14] [error] [citizen-server-i] Server list query returned an error: server request failed: server request failed for endpoint https://171.76.87.229:30120/players.json (Get "https://171.76.87.229:30120/players.json": context deadline exceeded (Client.Timeout exceeded while awaiting headers))
server request failed: server request failed for endpoint https://171.76.87.229:30120/info.json (Get "https://171.76.87.229:30120/info.json": context deadline exceeded (Client.Timeout exceeded while awaiting headers))
server request failed: server request failed for endpoint https://171.76.87.229:30120/dynamic.json (Get "https://171.76.87.229:30120/dynamic.json": context deadline exceeded (Client.Timeout exceeded while awaiting headers)).
[23:22:44] [error] [citizen-server-i] Server list query returned an error: server request failed: server request failed for endpoint https://171.76.87.229:30120/players.json (Get "https://171.76.87.229:30120/players.json": context deadline exceeded (Client.Timeout exceeded while awaiting headers))
server request failed: server request failed for endpoint https://171.76.87.229:30120/info.json (Get "https://171.76.87.229:30120/info.json": context deadline exceeded (Client.Timeout exceeded while awaiting headers))
server request failed: server request failed for endpoint https://171.76.87.229:30120/dynamic.json (Get "https://171.76.87.229:30120/dynamic.json": context deadline exceeded (Client.Timeout exceeded while awaiting headers)).
[23:23:14] [error] [citizen-server-i] Server list query returned an error: server request failed: server request failed for endpoint https://171.76.87.229:30120/players.json (Get "https://171.76.87.229:30120/players.json": read tcp 10.0.5.199:43642->171.76.87.229:30120: read: connection reset by peer (Client.Timeout exceeded while awaiting headers))
server request failed: server request failed for endpoint https://171.76.87.229:30120/dynamic.json (Get "https://171.76.87.229:30120/dynamic.json": context deadline exceeded (Client.Timeout exceeded while awaiting headers))
server request failed: server request failed for endpoint https://171.76.87.229:30120/info.json (Get "https://171.76.87.229:30120/info.json": context deadline exceeded (Client.Timeout exceeded while awaiting headers)).
[23:23:45] [error] [citizen-server-i] Server list query returned an error: server request failed: server request failed for endpoint https://171.76.87.229:30120/players.json (Get "https://171.76.87.229:30120/players.json": read tcp 10.0.5.199:43642->171.76.87.229:30120: read: connection reset by peer (Client.Timeout exceeded while awaiting headers))
server request failed: server request failed for endpoint https://171.76.87.229:30120/dynamic.json (Get "https://171.76.87.229:30120/dynamic.json": context deadline exceeded (Client.Timeout exceeded while awaiting headers))
server request failed: server request failed for endpoint https://171.76.87.229:30120/info.json (Get "https://171.76.87.229:30120/info.json": context deadline exceeded (Client.Timeout exceeded while awaiting headers)).
[23:24:15] [error] [citizen-server-i] Server list query returned an error: server request failed: server request failed for endpoint https://171.76.87.229:30120/players.json (Get "https://171.76.87.229:30120/players.json": read tcp 10.0.5.199:43642->171.76.87.229:30120: read: connection reset by peer (Client.Timeout exceeded while awaiting headers))
server request failed: server request failed for endpoint https://171.76.87.229:30120/dynamic.json (Get "https://171.76.87.229:30120/dynamic.json": context deadline exceeded (Client.Timeout exceeded while awaiting headers))
server request failed: server request failed for endpoint https://171.76.87.229:30120/info.json (Get "https://171.76.87.229:30120/info.json": context deadline exceeded (Client.Timeout exceeded while awaiting headers)).
[23:24:45] [error] [citizen-server-i] Server list query returned an error: server request failed: server request failed for endpoint https://171.76.87.229:30120/players.json (Get "https://171.76.87.229:30120/players.json": read tcp 10.0.5.199:43642->171.76.87.229:30120: read: connection reset by peer (Client.Timeout exceeded while awaiting headers))
server request failed: server request failed for endpoint https://171.76.87.229:30120/dynamic.json (Get "https://171.76.87.229:30120/dynamic.json": context deadline exceeded (Client.Timeout exceeded while awaiting headers))
server request failed: server request failed for endpoint https://171.76.87.229:30120/info.json (Get "https://171.76.87.229:30120/info.json": context deadline exceeded (Client.Timeout exceeded while awaiting headers)).
[23:25:16] [error] [citizen-server-i] Server list query returned an error: server request failed: server request failed for endpoint https://171.76.87.229:30120/players.json (Get "https://171.76.87.229:30120/players.json": context deadline exceeded (Client.Timeout exceeded while awaiting headers))
server request failed: server request failed for endpoint https://171.76.87.229:30120/dynamic.json (Get "https://171.76.87.229:30120/dynamic.json": read tcp 10.0.2.65:49012->171.76.87.229:30120: read: connection reset by peer (Client.Timeout exceeded while awaiting headers))
server request failed: server request failed for endpoint https://171.76.87.229:30120/info.json (Get "https://171.76.87.229:30120/info.json": context deadline exceeded (Client.Timeout exceeded while awaiting headers)).
[23:25:46] [error] [citizen-server-i] Server list query returned an error: server request failed: server request failed for endpoint https://171.76.87.229:30120/players.json (Get "https://171.76.87.229:30120/players.json": context deadline exceeded (Client.Timeout exceeded while awaiting headers))
server request failed: server request failed for endpoint https://171.76.87.229:30120/dynamic.json (Get "https://171.76.87.229:30120/dynamic.json": read tcp 10.0.2.65:49012->171.76.87.229:30120: read: connection reset by peer (Client.Timeout exceeded while awaiting headers))
server request failed: server request failed for endpoint https://171.76.87.229:30120/info.json (Get "https://171.76.87.229:30120/info.json": context deadline exceeded (Client.Timeout exceeded while awaiting headers)).
[23:26:16] [error] [citizen-server-i] Server list query returned an error: server request failed: server request failed for endpoint https://171.76.87.229:30120/players.json (Get "https://171.76.87.229:30120/players.json": context deadline exceeded (Client.Timeout exceeded while awaiting headers))
server request failed: server request failed for endpoint https://171.76.87.229:30120/dynamic.json (Get "https://171.76.87.229:30120/dynamic.json": read tcp 10.0.2.65:49012->171.76.87.229:30120: read: connection reset by peer (Client.Timeout exceeded while awaiting headers))
server request failed: server request failed for endpoint https://171.76.87.229:30120/info.json (Get "https://171.76.87.229:30120/info.json": context deadline exceeded (Client.Timeout exceeded while awaiting headers)).
[23:26:47] [error] [citizen-server-i] Server list query returned an error: server request failed: server request failed for endpoint https://171.76.87.229:30120/players.json (Get "https://171.76.87.229:30120/players.json": context deadline exceeded (Client.Timeout exceeded while awaiting headers))
server request failed: server request failed for endpoint https://171.76.87.229:30120/dynamic.json (Get "https://171.76.87.229:30120/dynamic.json": read tcp 10.0.2.65:49012->171.76.87.229:30120: read: connection reset by peer (Client.Timeout exceeded while awaiting headers))
server request failed: server request failed for endpoint https://171.76.87.229:30120/info.json (Get "https://171.76.87.229:30120/info.json": context deadline exceeded (Client.Timeout exceeded while awaiting headers)).
[23:27:17] [error] [citizen-server-i] Server list query returned an error: server request failed: server request failed for endpoint https://171.76.87.229:30120/info.json (Get "https://171.76.87.229:30120/info.json": context deadline exceeded (Client.Timeout exceeded while awaiting headers))
server request failed: server request failed for endpoint https://171.76.87.229:30120/players.json (Get "https://171.76.87.229:30120/players.json": context deadline exceeded (Client.Timeout exceeded while awaiting headers))
server request failed: server request failed for endpoint https://171.76.87.229:30120/dynamic.json (Get "https://171.76.87.229:30120/dynamic.json": context deadline exceeded (Client.Timeout exceeded while awaiting headers)).
[23:27:47] [error] [citizen-server-i] Server list query returned an error: server request failed: server request failed for endpoint https://171.76.87.229:30120/info.json (Get "https://171.76.87.229:30120/info.json": context deadline exceeded (Client.Timeout exceeded while awaiting headers))
server request failed: server request failed for endpoint https://171.76.87.229:30120/players.json (Get "https://171.76.87.229:30120/players.json": context deadline exceeded (Client.Timeout exceeded while awaiting headers))
server request failed: server request failed for endpoint https://171.76.87.229:30120/dynamic.json (Get "https://171.76.87.229:30120/dynamic.json": context deadline exceeded (Client.Timeout exceeded while awaiting headers)).
[23:28:17] [error] [citizen-server-i] Server list query returned an error: server request failed: server request failed for endpoint https://171.76.87.229:30120/info.json (Get "https://171.76.87.229:30120/info.json": context deadline exceeded (Client.Timeout exceeded while awaiting headers))
server request failed: server request failed for endpoint https://171.76.87.229:30120/players.json (Get "https://171.76.87.229:30120/players.json": context deadline exceeded (Client.Timeout exceeded while awaiting headers))
server request failed: server request failed for endpoint https://171.76.87.229:30120/dynamic.json (Get "https://171.76.87.229:30120/dynamic.json": context deadline exceeded (Client.Timeout exceeded while awaiting headers)).
[23:28:48] [error] [citizen-server-i] Server list query returned an error: server request failed: server request failed for endpoint https://171.76.87.229:30120/info.json (Get "https://171.76.87.229:30120/info.json": context deadline exceeded (Client.Timeout exceeded while awaiting headers))
server request failed: server request failed for endpoint https://171.76.87.229:30120/players.json (Get "https://171.76.87.229:30120/players.json": context deadline exceeded (Client.Timeout exceeded while awaiting headers))
server request failed: server request failed for endpoint https://171.76.87.229:30120/dynamic.json (Get "https://171.76.87.229:30120/dynamic.json": context deadline exceeded (Client.Timeout exceeded while awaiting headers)).
[23:29:18] [error] [citizen-server-i] Server list query returned an error: server request failed: server request failed for endpoint https://171.76.87.229:30120/dynamic.json (Get "https://171.76.87.229:30120/dynamic.json": context deadline exceeded (Client.Timeout exceeded while awaiting headers))
server request failed: server request failed for endpoint https://171.76.87.229:30120/info.json (Get "https://171.76.87.229:30120/info.json": context deadline exceeded (Client.Timeout exceeded while awaiting headers))
server request failed: server request failed for endpoint https://171.76.87.229:30120/players.json (Get "https://171.76.87.229:30120/players.json": context deadline exceeded (Client.Timeout exceeded while awaiting headers)).
[23:29:49] [error] [citizen-server-i] Server list query returned an error: server request failed: server request failed for endpoint https://171.76.87.229:30120/dynamic.json (Get "https://171.76.87.229:30120/dynamic.json": context deadline exceeded (Client.Timeout exceeded while awaiting headers))
server request failed: server request failed for endpoint https://171.76.87.229:30120/info.json (Get "https://171.76.87.229:30120/info.json": context deadline exceeded (Client.Timeout exceeded while awaiting headers))
server request failed: server request failed for endpoint https://171.76.87.229:30120/players.json (Get "https://171.76.87.229:30120/players.json": context deadline exceeded (Client.Timeout exceeded while awaiting headers)).
[23:30:19] [error] [citizen-server-i] Server list query returned an error: server request failed: server request failed for endpoint https://171.76.87.229:30120/dynamic.json (Get "https://171.76.87.229:30120/dynamic.json": context deadline exceeded (Client.Timeout exceeded while awaiting headers))
server request failed: server request failed for endpoint https://171.76.87.229:30120/info.json (Get "https://171.76.87.229:30120/info.json": context deadline exceeded (Client.Timeout exceeded while awaiting headers))
server request failed: server request failed for endpoint https://171.76.87.229:30120/players.json (Get "https://171.76.87.229:30120/players.json": context deadline exceeded (Client.Timeout exceeded while awaiting headers)).
[23:30:49] [error] [citizen-server-i] Server list query returned an error: server request failed: server request failed for endpoint https://171.76.87.229:30120/dynamic.json (Get "https://171.76.87.229:30120/dynamic.json": context deadline exceeded (Client.Timeout exceeded while awaiting headers))
server request failed: server request failed for endpoint https://171.76.87.229:30120/info.json (Get "https://171.76.87.229:30120/info.json": context deadline exceeded (Client.Timeout exceeded while awaiting headers))
server request failed: server request failed for endpoint https://171.76.87.229:30120/players.json (Get "https://171.76.87.229:30120/players.json": context deadline exceeded (Client.Timeout exceeded while awaiting headers)).
[23:31:20] [error] [citizen-server-i] Server list query returned an error: server request failed: server request failed for endpoint https://171.76.87.229:30120/dynamic.json (Get "https://171.76.87.229:30120/dynamic.json": context deadline exceeded (Client.Timeout exceeded while awaiting headers))
server request failed: server request failed for endpoint https://171.76.87.229:30120/players.json (Get "https://171.76.87.229:30120/players.json": context deadline exceeded (Client.Timeout exceeded while awaiting headers))
server request failed: server request failed for endpoint https://171.76.87.229:30120/info.json (Get "https://171.76.87.229:30120/info.json": read tcp 10.0.2.65:59520->171.76.87.229:30120: read: connection reset by peer (Client.Timeout exceeded while awaiting headers)).
[23:31:50] [error] [citizen-server-i] Server list query returned an error: server request failed: server request failed for endpoint https://171.76.87.229:30120/dynamic.json (Get "https://171.76.87.229:30120/dynamic.json": context deadline exceeded (Client.Timeout exceeded while awaiting headers))
server request failed: server request failed for endpoint https://171.76.87.229:30120/players.json (Get "https://171.76.87.229:30120/players.json": context deadline exceeded (Client.Timeout exceeded while awaiting headers))
server request failed: server request failed for endpoint https://171.76.87.229:30120/info.json (Get "https://171.76.87.229:30120/info.json": read tcp 10.0.2.65:59520->171.76.87.229:30120: read: connection reset by peer (Client.Timeout exceeded while awaiting headers)).
[23:32:20] [error] [citizen-server-i] Server list query returned an error: server request failed: server request failed for endpoint https://171.76.87.229:30120/dynamic.json (Get "https://171.76.87.229:30120/dynamic.json": context deadline exceeded (Client.Timeout exceeded while awaiting headers))
server request failed: server request failed for endpoint https://171.76.87.229:30120/players.json (Get "https://171.76.87.229:30120/players.json": context deadline exceeded (Client.Timeout exceeded while awaiting headers))
server request failed: server request failed for endpoint https://171.76.87.229:30120/info.json (Get "https://171.76.87.229:30120/info.json": read tcp 10.0.2.65:59520->171.76.87.229:30120: read: connection reset by peer (Client.Timeout exceeded while awaiting headers)).
[23:32:51] [error] [citizen-server-i] Server list query returned an error: server request failed: server request failed for endpoint https://171.76.87.229:30120/dynamic.json (Get "https://171.76.87.229:30120/dynamic.json": context deadline exceeded (Client.Timeout exceeded while awaiting headers))
server request failed: server request failed for endpoint https://171.76.87.229:30120/players.json (Get "https://171.76.87.229:30120/players.json": context deadline exceeded (Client.Timeout exceeded while awaiting headers))
server request failed: server request failed for endpoint https://171.76.87.229:30120/info.json (Get "https://171.76.87.229:30120/info.json": read tcp 10.0.2.65:59520->171.76.87.229:30120: read: connection reset by peer (Client.Timeout exceeded while awaiting headers)).
[23:33:21] [error] [citizen-server-i] Server list query returned an error: server request failed: server request failed for endpoint https://171.76.87.229:30120/players.json (Get "https://171.76.87.229:30120/players.json": context deadline exceeded (Client.Timeout exceeded while awaiting headers))
server request failed: server request failed for endpoint https://171.76.87.229:30120/info.json (Get "https://171.76.87.229:30120/info.json": context deadline exceeded (Client.Timeout exceeded while awaiting headers))
server request failed: server request failed for endpoint https://171.76.87.229:30120/dynamic.json (Get "https://171.76.87.229:30120/dynamic.json": context deadline exceeded (Client.Timeout exceeded while awaiting headers)).
[23:33:51] [error] [citizen-server-i] Server list query returned an error: server request failed: server request failed for endpoint https://171.76.87.229:30120/players.json (Get "https://171.76.87.229:30120/players.json": context deadline exceeded (Client.Timeout exceeded while awaiting headers))
server request failed: server request failed for endpoint https://171.76.87.229:30120/info.json (Get "https://171.76.87.229:30120/info.json": context deadline exceeded (Client.Timeout exceeded while awaiting headers))
server request failed: server request failed for endpoint https://171.76.87.229:30120/dynamic.json (Get "https://171.76.87.229:30120/dynamic.json": context deadline exceeded (Client.Timeout exceeded while awaiting headers)).
[23:34:22] [error] [citizen-server-i] Server list query returned an error: server request failed: server request failed for endpoint https://171.76.87.229:30120/players.json (Get "https://171.76.87.229:30120/players.json": context deadline exceeded (Client.Timeout exceeded while awaiting headers))
server request failed: server request failed for endpoint https://171.76.87.229:30120/info.json (Get "https://171.76.87.229:30120/info.json": context deadline exceeded (Client.Timeout exceeded while awaiting headers))
server request failed: server request failed for endpoint https://171.76.87.229:30120/dynamic.json (Get "https://171.76.87.229:30120/dynamic.json": context deadline exceeded (Client.Timeout exceeded while awaiting headers)).
[23:34:52] [error] [citizen-server-i] Server list query returned an error: server request failed: server request failed for endpoint https://171.76.87.229:30120/players.json (Get "https://171.76.87.229:30120/players.json": context deadline exceeded (Client.Timeout exceeded while awaiting headers))
server request failed: server request failed for endpoint https://171.76.87.229:30120/info.json (Get "https://171.76.87.229:30120/info.json": context deadline exceeded (Client.Timeout exceeded while awaiting headers))
server request failed: server request failed for endpoint https://171.76.87.229:30120/dynamic.json (Get "https://171.76.87.229:30120/dynamic.json": context deadline exceeded (Client.Timeout exceeded while awaiting headers)).
[23:35:22] [error] [citizen-server-i] Server list query returned an error: server request failed: server request failed for endpoint https://171.76.87.229:30120/info.json (Get "https://171.76.87.229:30120/info.json": context deadline exceeded (Client.Timeout exceeded while awaiting headers))
server request failed: server request failed for endpoint https://171.76.87.229:30120/players.json (Get "https://171.76.87.229:30120/players.json": context deadline exceeded (Client.Timeout exceeded while awaiting headers))
server request failed: server request failed for endpoint https://171.76.87.229:30120/dynamic.json (Get "https://171.76.87.229:30120/dynamic.json": context deadline exceeded (Client.Timeout exceeded while awaiting headers)).
[23:35:53] [error] [citizen-server-i] Server list query returned an error: server request failed: server request failed for endpoint https://171.76.87.229:30120/info.json (Get "https://171.76.87.229:30120/info.json": context deadline exceeded (Client.Timeout exceeded while awaiting headers))
server request failed: server request failed for endpoint https://171.76.87.229:30120/players.json (Get "https://171.76.87.229:30120/players.json": context deadline exceeded (Client.Timeout exceeded while awaiting headers))
server request failed: server request failed for endpoint https://171.76.87.229:30120/dynamic.json (Get "https://171.76.87.229:30120/dynamic.json": context deadline exceeded (Client.Timeout exceeded while awaiting headers)).
║             TXADMIN║ txaEvent "serverShuttingDown" "{\"delay\":5000,\"author\":\"NotAGirl\",\"message\":\"Server restarting (admin request).\"}"
[23:36:12] [ info] [         txadmin] [txAdmin] Server shutting down. Kicking all players.

║             TXADMIN║ ================================================================
║             TXADMIN║ ======== [4944] FXServer Starting - 8/9/2026, 11:36:18 pm       
║             TXADMIN║ ================================================================
[23:36:19] [ info] [citizen-server-i] Scanning resources
[23:36:19] [ info] [citizen-server-i] Found 92 resources
[23:36:19] [ warn] [citizen-resource] Resource 'bob74_ipl' uses the deprecated 'stream/' folder. Please rename it to 'stream_enhanced/' for future compatibility.
[23:36:19] [ warn] [citizen-resource] Resource 'qbx_density' uses the deprecated 'stream/' folder. Please rename it to 'stream_enhanced/' for future compatibility.
[23:36:19] [ warn] [citizen-resource] Resource 'qbx_hud' uses the deprecated 'stream/' folder. Please rename it to 'stream_enhanced/' for future compatibility.
[23:36:19] [ warn] [citizen-resource] Resource 'qbx_properties' uses the deprecated 'stream/' folder. Please rename it to 'stream_enhanced/' for future compatibility.
[23:36:19] [ warn] [citizen-resource] Resource 'qbx_customs' uses the deprecated 'stream/' folder. Please rename it to 'stream_enhanced/' for future compatibility.
[23:36:19] [ warn] [citizen-resource] Resource 'ultra-voltlab' uses the deprecated 'stream/' folder. Please rename it to 'stream_enhanced/' for future compatibility.
[23:36:19] [ warn] [citizen-resource] Resource 'scully_emotemenu' uses the deprecated 'stream/' folder. Please rename it to 'stream_enhanced/' for future compatibility.
[23:36:20] [error] [           fivem] sv_enforceGameBuild is used with an invalid value 3258. Only 1 is supported to remove any game dlcs.
[23:36:20] [ info] [         txadmin] [txAdmin] Resource v9.0.0-beta-646aba9a threads and commands set up. All Ready.
[23:36:20] [ info] [citizen-server-i] Starting resource mapmanager
[23:36:20] [ info] [citizen-server-i] Started resource mapmanager
[23:36:20] [ info] [citizen-server-i] Starting resource spawnmanager
[23:36:20] [ info] [citizen-server-i] Started resource spawnmanager
[23:36:20] [error] [citizen-server-i] Failed to ensure resource sessionmanager. Error: Resource "sessionmanager" not found
[23:36:20] [ info] [citizen-server-i] Stopped resource basic-gamemode
[23:36:20] [error] [citizen-server-i] Failed to ensure resource hardcap. Error: Resource "hardcap" not found
[23:36:20] [ info] [citizen-server-i] Starting resource baseevents
[23:36:20] [ info] [citizen-server-i] Started resource baseevents
[23:36:20] [ info] [citizen-server-i] Starting resource ox_lib
[23:36:20] [ info] [citizen-server-i] Started resource ox_lib
[23:36:20] [ info] [citizen-server-i] Starting resource qbx_core
[23:36:21] [ info] [citizen-server-i] Started resource qbx_core
[23:36:21] [ info] [citizen-server-i] Starting resource ox_target
[23:36:21] [ info] [citizen-server-i] Started resource ox_target
[23:36:21] [ info] [citizen-server-i] Starting resource ox_doorlock
[23:36:21] [ info] [citizen-server-i] Started resource ox_doorlock
[23:36:21] [ info] [citizen-server-i] Starting resource ox_fuel
[23:36:21] [ info] [citizen-server-i] Started resource ox_fuel
[23:36:21] [ info] [citizen-server-i] Starting resource qbx_adminmenu
[23:36:21] [ info] [citizen-server-i] Started resource qbx_adminmenu
[23:36:21] [ info] [citizen-server-i] Starting resource qbx_ambulancejob
[23:36:21] [ info] [citizen-server-i] Started resource qbx_ambulancejob
[23:36:21] [ info] [citizen-server-i] Starting resource qbx_bankrobbery
[23:36:21] [ info] [citizen-server-i] Started resource qbx_bankrobbery
[23:36:21] [ info] [citizen-server-i] Starting resource qbx_binoculars
[23:36:21] [ info] [citizen-server-i] Started resource qbx_binoculars
[23:36:21] [ info] [citizen-server-i] Starting resource qbx_busjob
[23:36:21] [ info] [citizen-server-i] Started resource qbx_busjob
[23:36:21] [ info] [citizen-server-i] Starting resource qbx_carwash
[23:36:21] [ info] [citizen-server-i] Started resource qbx_carwash
[23:36:21] [ info] [citizen-server-i] Starting resource qbx_chat_theme
[23:36:21] [ info] [citizen-server-i] Started resource qbx_chat_theme
[23:36:21] [ info] [citizen-server-i] Starting resource qbx_cityhall
[23:36:21] [ info] [citizen-server-i] Started resource qbx_cityhall
[23:36:21] [ info] [citizen-server-i] Starting resource qbx_customs
[23:36:21] [ info] [citizen-server-i] Started resource qbx_customs
[23:36:21] [ info] [citizen-server-i] Starting resource qbx_density
[23:36:21] [ info] [citizen-server-i] Started resource qbx_density
[23:36:21] [ info] [citizen-server-i] Starting resource qbx_divegear
[23:36:21] [ info] [citizen-server-i] Started resource qbx_divegear
[23:36:21] [ info] [citizen-server-i] Starting resource qbx_diving
[23:36:21] [ info] [citizen-server-i] Started resource qbx_diving
[23:36:21] [ info] [citizen-server-i] Starting resource qbx_drugs
[23:36:21] [ info] [citizen-server-i] Started resource qbx_drugs
[23:36:21] [ info] [citizen-server-i] Starting resource qbx_fireworks
[23:36:21] [ info] [citizen-server-i] Started resource qbx_fireworks
[23:36:21] [ info] [citizen-server-i] Starting resource qbx_garages
[23:36:21] [ info] [citizen-server-i] Started resource qbx_garages
[23:36:21] [ info] [citizen-server-i] Starting resource qbx_garbagejob
[23:36:21] [ info] [citizen-server-i] Started resource qbx_garbagejob
[23:36:21] [ info] [citizen-server-i] Starting resource qbx_houserobbery
[23:36:21] [ info] [citizen-server-i] Started resource qbx_houserobbery
[23:36:21] [ info] [citizen-server-i] Starting resource qbx_hud
[23:36:21] [ info] [citizen-server-i] Started resource qbx_hud
[23:36:21] [ info] [citizen-server-i] Starting resource qbx_idcard
[23:36:21] [ info] [citizen-server-i] Started resource qbx_idcard
[23:36:21] [ info] [citizen-server-i] Starting resource qbx_jewelery
[23:36:21] [ info] [citizen-server-i] Started resource qbx_jewelery
[23:36:21] [ info] [citizen-server-i] Starting resource qbx_lapraces
[23:36:21] [ info] [citizen-server-i] Started resource qbx_lapraces
[23:36:21] [ info] [citizen-server-i] Starting resource qbx_management
[23:36:21] [ info] [citizen-server-i] Started resource qbx_management
[23:36:21] [ info] [citizen-server-i] Starting resource qbx_mechanicjob
[23:36:21] [ info] [citizen-server-i] Started resource qbx_mechanicjob
[23:36:21] [ info] [citizen-server-i] Starting resource qbx_newsjob
[23:36:21] [ info] [citizen-server-i] Started resource qbx_newsjob
[23:36:21] [ info] [citizen-server-i] Starting resource qbx_pawnshop
[23:36:21] [ info] [citizen-server-i] Started resource qbx_pawnshop
[23:36:21] [ info] [citizen-server-i] Starting resource qbx_police
[23:36:21] [ info] [citizen-server-i] Started resource qbx_police
[23:36:21] [ info] [citizen-server-i] Starting resource qbx_properties
[23:36:21] [ info] [citizen-server-i] Started resource qbx_properties
[23:36:21] [ info] [citizen-server-i] Starting resource qbx_radialmenu
[23:36:21] [ info] [citizen-server-i] Started resource qbx_radialmenu
[23:36:21] [ info] [citizen-server-i] Starting resource qbx_recyclejob
[23:36:21] [ info] [citizen-server-i] Started resource qbx_recyclejob
[23:36:21] [ info] [citizen-server-i] Starting resource qbx_scoreboard
[23:36:21] [ info] [citizen-server-i] Started resource qbx_scoreboard
[23:36:21] [ info] [citizen-server-i] Starting resource qbx_scrapyard
[23:36:21] [ info] [citizen-server-i] Started resource qbx_scrapyard
[23:36:21] [ info] [citizen-server-i] Starting resource qbx_seatbelt
[23:36:21] [ info] [citizen-server-i] Started resource qbx_seatbelt
[23:36:21] [ info] [citizen-server-i] Starting resource qbx_smallresources
[23:36:21] [ info] [qbx_smallresourc] [qbx_smallresources] [WARN] [qbx_entitiesblacklist] You have entity blacklist enabled, this means that any entity that is blacklisted in config.lua will not be able to spawn, you can change this in qbx_smallresource/qbx_entitiesblacklist/config.lua
[23:36:21] [ info] [citizen-server-i] Started resource qbx_smallresources
[23:36:21] [ info] [citizen-server-i] Starting resource qbx_spawn
[23:36:21] [ info] [citizen-server-i] Started resource qbx_spawn
[23:36:21] [ info] [citizen-server-i] Starting resource qbx_storerobbery
[23:36:21] [ info] [citizen-server-i] Started resource qbx_storerobbery
[23:36:21] [ info] [citizen-server-i] Starting resource qbx_streetraces
[23:36:21] [ info] [citizen-server-i] Started resource qbx_streetraces
[23:36:21] [ info] [citizen-server-i] Starting resource qbx_taxijob
[23:36:21] [ info] [citizen-server-i] Started resource qbx_taxijob
[23:36:21] [ info] [citizen-server-i] Starting resource qbx_towjob
[23:36:21] [ info] [citizen-server-i] Started resource qbx_towjob
[23:36:21] [ info] [citizen-server-i] Starting resource qbx_truckerjob
[23:36:21] [ info] [citizen-server-i] Started resource qbx_truckerjob
[23:36:21] [ info] [citizen-server-i] Starting resource qbx_truckrobbery
[23:36:21] [ info] [citizen-server-i] Started resource qbx_truckrobbery
[23:36:21] [ info] [citizen-server-i] Starting resource qbx_vehiclekeys
[23:36:21] [ info] [citizen-server-i] Started resource qbx_vehiclekeys
[23:36:21] [ info] [citizen-server-i] Starting resource qbx_vehicles
[23:36:21] [ info] [citizen-server-i] Started resource qbx_vehicles
[23:36:21] [ info] [citizen-server-i] Starting resource qbx_vehiclesales
[23:36:21] [ info] [citizen-server-i] Started resource qbx_vehiclesales
[23:36:21] [ info] [citizen-server-i] Starting resource qbx_vehicleshop
[23:36:22] [ info] [citizen-server-i] Started resource qbx_vehicleshop
[23:36:22] [ info] [citizen-server-i] Starting resource qbx_vineyard
[23:36:22] [ info] [citizen-server-i] Started resource qbx_vineyard
[23:36:22] [ info] [citizen-server-i] Starting resource qbx_weed
[23:36:22] [ info] [citizen-server-i] Started resource qbx_weed
[23:36:22] [ info] [citizen-server-i] Starting resource bob74_ipl
[23:36:22] [ info] [citizen-server-i] Started resource bob74_ipl
[23:36:22] [ info] [citizen-server-i] Starting resource illenium-appearance
[23:36:22] [ info] [citizen-server-i] Started resource illenium-appearance
[23:36:22] [ info] [citizen-server-i] Starting resource loadscreen
[23:36:22] [ info] [citizen-server-i] Started resource loadscreen
[23:36:22] [ info] [citizen-server-i] Starting resource mana_audio
[23:36:22] [ info] [citizen-server-i] Started resource mana_audio
[23:36:22] [ info] [citizen-server-i] Starting resource mhacking
[23:36:22] [ info] [citizen-server-i] Started resource mhacking
[23:36:22] [ info] [citizen-server-i] Starting resource Renewed-Banking
[23:36:22] [ info] [citizen-server-i] Started resource Renewed-Banking
[23:36:22] [ info] [citizen-server-i] Starting resource Renewed-Weathersync
[23:36:22] [ info] [citizen-server-i] Started resource Renewed-Weathersync
[23:36:22] [ info] [citizen-server-i] Starting resource safecracker
[23:36:22] [ info] [citizen-server-i] Started resource safecracker
[23:36:22] [ info] [citizen-server-i] Starting resource screencapture
[23:36:22] [ info] [citizen-server-i] Started resource screencapture
[23:36:22] [ info] [citizen-server-i] Starting resource scully_emotemenu
[23:36:22] [ info] [citizen-server-i] Started resource scully_emotemenu
[23:36:22] [ info] [citizen-server-i] Starting resource ultra-voltlab
[23:36:22] [ info] [citizen-server-i] Started resource ultra-voltlab
[23:36:22] [ info] [citizen-server-i] Starting resource vehiclehandler
[23:36:22] [ info] [citizen-server-i] Started resource vehiclehandler
[23:36:22] [ info] [citizen-server-i] Starting resource xt-prison
[23:36:22] [error] [extra-natives-fi] Command jail is already registered.
[23:36:22] [error] [extra-natives-fi] Command unjail is already registered.
[23:36:22] [ info] [citizen-server-i] Started resource xt-prison
[23:36:22] [ info] [citizen-server-i] Starting resource mm_radio
[23:36:22] [ info] [citizen-server-i] Started resource mm_radio
[23:36:22] [error] [citizen-server-i] No resources found for category [assets]
[23:36:22] [ info] [citizen-server-i] Starting resource npwd_qbx_garages
[23:36:22] [ info] [citizen-server-i] Started resource npwd_qbx_garages
[23:36:22] [ info] [citizen-server-i] Starting resource npwd_qbx_mail
[23:36:22] [ info] [citizen-server-i] Started resource npwd_qbx_mail
[23:36:22] [ info] [citizen-server-i] Starting resource qbx_npwd
[23:36:22] [ info] [citizen-server-i] Started resource qbx_npwd
[23:36:22] [ info] [citizen-server-i] Starting resource npwd
[23:36:23] [ info] [citizen-server-i] Started resource npwd
║              STDERR║ (node:4944) ExperimentalWarning: localStorage is not available because --localstorage-file was not provided.
║              STDERR║ (Use `node --trace-warnings ...` to show where the warning was created)
[23:36:23] [ warn] [              js] Unhandled promise rejection in resource npwd
[23:36:23] [ warn] [              js] Uncaught Error: Driver not found.
dist/game/server/server.js(5138,130): getDriver
dist/game/server/server.js(5199,28): 
node:internal/process/task_queues(104,5): processTicksAndRejections

[23:36:23] [ warn] [              js] Unhandled promise rejection in resource npwd
[23:36:23] [ warn] [              js] Uncaught Error: Driver not found.
dist/game/server/server.js(5138,130): getDriver
dist/game/server/server.js(5199,28): 
node:internal/process/task_queues(104,5): processTicksAndRejections

[23:36:23] [ warn] [              js] Unhandled promise rejection in resource npwd
[23:36:23] [ warn] [              js] Uncaught Error: No available storage method found.
dist/game/server/server.js(5207,27): 
node:internal/process/task_queues(104,5): processTicksAndRejections

[23:36:23] [error] [citizen-server-i] Server list query returned an error: server request failed: server request failed for endpoint https://171.76.87.229:30120/info.json (Get "https://171.76.87.229:30120/info.json": context deadline exceeded (Client.Timeout exceeded while awaiting headers))
server request failed: server request failed for endpoint https://171.76.87.229:30120/players.json (Get "https://171.76.87.229:30120/players.json": context deadline exceeded (Client.Timeout exceeded while awaiting headers))
server request failed: server request failed for endpoint https://171.76.87.229:30120/dynamic.json (Get "https://171.76.87.229:30120/dynamic.json": context deadline exceeded (Client.Timeout exceeded while awaiting headers)).
[23:36:23] [ warn] [citizen-server-i] ScheduleResourceTick: This native is deprecated. Script resources in FiveM for GTAV Enhanced are running on the same tick rate as the server main tick.
[23:36:24] [ info] [         oxmysql] [12.3.3-MariaDB] Database server connection established!
[23:36:24] [ info] [       xt-prison] [xt-prison] [INFO] Initializing Table: xt_prison
[23:36:24] [ info] [       xt-prison] [xt-prison] [INFO] Initializing Table: xt_prison_items
[23:36:24] [ info] [        qbx_core] [qbx_core] [INFO] Removed invalid groups from player_groups table
[23:36:24] [ info] [        qbx_core] 
Welcome to Qbox!
To learn more, please check out the documentation at https://docs.qbox.re/.
To turn this message off, set the qbx:acknowledge convar to true in your server.cfg file.

[23:36:24] [ info] [    ox_inventory] [ox_inventory] [INFO] Inventory has loaded 301 items
[23:36:24] [ info] [scully_emotemenu] [scully_emotemenu] You are currently running the latest version.
║             TXADMIN║ txaEvent "serverShuttingDown" "{\"delay\":5000,\"author\":\"NotAGirl\",\"message\":\"Server restarting (admin request).\"}"
[23:36:29] [ info] [         txadmin] [txAdmin] Server shutting down. Kicking all players.

║             TXADMIN║ ================================================================
║             TXADMIN║ ======== [23216] FXServer Starting - 8/9/2026, 11:36:34 pm      
║             TXADMIN║ ================================================================
[23:36:36] [ info] [citizen-server-i] Scanning resources
[23:36:36] [ info] [citizen-server-i] Found 92 resources
[23:36:36] [ warn] [citizen-resource] Resource 'bob74_ipl' uses the deprecated 'stream/' folder. Please rename it to 'stream_enhanced/' for future compatibility.
[23:36:36] [ warn] [citizen-resource] Resource 'qbx_density' uses the deprecated 'stream/' folder. Please rename it to 'stream_enhanced/' for future compatibility.
[23:36:36] [ warn] [citizen-resource] Resource 'qbx_hud' uses the deprecated 'stream/' folder. Please rename it to 'stream_enhanced/' for future compatibility.
[23:36:36] [ warn] [citizen-resource] Resource 'qbx_customs' uses the deprecated 'stream/' folder. Please rename it to 'stream_enhanced/' for future compatibility.
[23:36:36] [ warn] [citizen-resource] Resource 'qbx_properties' uses the deprecated 'stream/' folder. Please rename it to 'stream_enhanced/' for future compatibility.
[23:36:36] [ warn] [citizen-resource] Resource 'ultra-voltlab' uses the deprecated 'stream/' folder. Please rename it to 'stream_enhanced/' for future compatibility.
[23:36:36] [ warn] [citizen-resource] Resource 'scully_emotemenu' uses the deprecated 'stream/' folder. Please rename it to 'stream_enhanced/' for future compatibility.
[23:36:36] [error] [           fivem] sv_enforceGameBuild is used with an invalid value 3258. Only 1 is supported to remove any game dlcs.
[23:36:36] [ info] [         txadmin] [txAdmin] Resource v9.0.0-beta-646aba9a threads and commands set up. All Ready.
[23:36:36] [ info] [citizen-server-i] Starting resource mapmanager
[23:36:36] [ info] [citizen-server-i] Started resource mapmanager
[23:36:36] [ info] [citizen-server-i] Starting resource spawnmanager
[23:36:36] [ info] [citizen-server-i] Started resource spawnmanager
[23:36:36] [error] [citizen-server-i] Failed to ensure resource sessionmanager. Error: Resource "sessionmanager" not found
[23:36:36] [ info] [citizen-server-i] Stopped resource basic-gamemode
[23:36:36] [error] [citizen-server-i] Failed to ensure resource hardcap. Error: Resource "hardcap" not found
[23:36:36] [ info] [citizen-server-i] Starting resource baseevents
[23:36:36] [ info] [citizen-server-i] Started resource baseevents
[23:36:36] [ info] [citizen-server-i] Starting resource ox_lib
[23:36:36] [ info] [citizen-server-i] Started resource ox_lib
[23:36:36] [ info] [citizen-server-i] Starting resource qbx_core
[23:36:37] [ info] [citizen-server-i] Started resource qbx_core
[23:36:37] [ info] [citizen-server-i] Starting resource ox_target
[23:36:37] [ info] [citizen-server-i] Started resource ox_target
[23:36:37] [ info] [citizen-server-i] Starting resource ox_doorlock
[23:36:37] [ info] [citizen-server-i] Started resource ox_doorlock
[23:36:37] [ info] [citizen-server-i] Starting resource ox_fuel
[23:36:37] [ info] [citizen-server-i] Started resource ox_fuel
[23:36:37] [ info] [citizen-server-i] Starting resource qbx_adminmenu
[23:36:37] [ info] [citizen-server-i] Started resource qbx_adminmenu
[23:36:37] [ info] [citizen-server-i] Starting resource qbx_ambulancejob
[23:36:37] [ info] [citizen-server-i] Started resource qbx_ambulancejob
[23:36:37] [ info] [citizen-server-i] Starting resource qbx_bankrobbery
[23:36:37] [ info] [citizen-server-i] Started resource qbx_bankrobbery
[23:36:37] [ info] [citizen-server-i] Starting resource qbx_binoculars
[23:36:37] [ info] [citizen-server-i] Started resource qbx_binoculars
[23:36:37] [ info] [citizen-server-i] Starting resource qbx_busjob
[23:36:37] [ info] [citizen-server-i] Started resource qbx_busjob
[23:36:37] [ info] [citizen-server-i] Starting resource qbx_carwash
[23:36:37] [ info] [citizen-server-i] Started resource qbx_carwash
[23:36:37] [ info] [citizen-server-i] Starting resource qbx_chat_theme
[23:36:37] [ info] [citizen-server-i] Started resource qbx_chat_theme
[23:36:37] [ info] [citizen-server-i] Starting resource qbx_cityhall
[23:36:37] [ info] [citizen-server-i] Started resource qbx_cityhall
[23:36:37] [ info] [citizen-server-i] Starting resource qbx_customs
[23:36:37] [ info] [citizen-server-i] Started resource qbx_customs
[23:36:37] [ info] [citizen-server-i] Starting resource qbx_density
[23:36:37] [ info] [citizen-server-i] Started resource qbx_density
[23:36:37] [ info] [citizen-server-i] Starting resource qbx_divegear
[23:36:37] [ info] [citizen-server-i] Started resource qbx_divegear
[23:36:37] [ info] [citizen-server-i] Starting resource qbx_diving
[23:36:37] [ info] [citizen-server-i] Started resource qbx_diving
[23:36:37] [ info] [citizen-server-i] Starting resource qbx_drugs
[23:36:37] [ info] [citizen-server-i] Started resource qbx_drugs
[23:36:37] [ info] [citizen-server-i] Starting resource qbx_fireworks
[23:36:37] [ info] [citizen-server-i] Started resource qbx_fireworks
[23:36:37] [ info] [citizen-server-i] Starting resource qbx_garages
[23:36:37] [ info] [citizen-server-i] Started resource qbx_garages
[23:36:37] [ info] [citizen-server-i] Starting resource qbx_garbagejob
[23:36:37] [ info] [citizen-server-i] Started resource qbx_garbagejob
[23:36:37] [ info] [citizen-server-i] Starting resource qbx_houserobbery
[23:36:37] [ info] [citizen-server-i] Started resource qbx_houserobbery
[23:36:37] [ info] [citizen-server-i] Starting resource qbx_hud
[23:36:37] [ info] [citizen-server-i] Started resource qbx_hud
[23:36:37] [ info] [citizen-server-i] Starting resource qbx_idcard
[23:36:37] [ info] [citizen-server-i] Started resource qbx_idcard
[23:36:37] [ info] [citizen-server-i] Starting resource qbx_jewelery
[23:36:37] [ info] [citizen-server-i] Started resource qbx_jewelery
[23:36:37] [ info] [citizen-server-i] Starting resource qbx_lapraces
[23:36:37] [ info] [citizen-server-i] Started resource qbx_lapraces
[23:36:37] [ info] [citizen-server-i] Starting resource qbx_management
[23:36:37] [ info] [citizen-server-i] Started resource qbx_management
[23:36:37] [ info] [citizen-server-i] Starting resource qbx_mechanicjob
[23:36:37] [ info] [citizen-server-i] Started resource qbx_mechanicjob
[23:36:37] [ info] [citizen-server-i] Starting resource qbx_newsjob
[23:36:37] [ info] [citizen-server-i] Started resource qbx_newsjob
[23:36:37] [ info] [citizen-server-i] Starting resource qbx_pawnshop
[23:36:37] [ info] [citizen-server-i] Started resource qbx_pawnshop
[23:36:37] [ info] [citizen-server-i] Starting resource qbx_police
[23:36:37] [ info] [citizen-server-i] Started resource qbx_police
[23:36:37] [ info] [citizen-server-i] Starting resource qbx_properties
[23:36:37] [ info] [citizen-server-i] Started resource qbx_properties
[23:36:37] [ info] [citizen-server-i] Starting resource qbx_radialmenu
[23:36:37] [ info] [citizen-server-i] Started resource qbx_radialmenu
[23:36:37] [ info] [citizen-server-i] Starting resource qbx_recyclejob
[23:36:37] [ info] [citizen-server-i] Started resource qbx_recyclejob
[23:36:37] [ info] [citizen-server-i] Starting resource qbx_scoreboard
[23:36:37] [ info] [citizen-server-i] Started resource qbx_scoreboard
[23:36:37] [ info] [citizen-server-i] Starting resource qbx_scrapyard
[23:36:37] [ info] [citizen-server-i] Started resource qbx_scrapyard
[23:36:37] [ info] [citizen-server-i] Starting resource qbx_seatbelt
[23:36:37] [ info] [citizen-server-i] Started resource qbx_seatbelt
[23:36:37] [ info] [citizen-server-i] Starting resource qbx_smallresources
[23:36:37] [ info] [qbx_smallresourc] [qbx_smallresources] [WARN] [qbx_entitiesblacklist] You have entity blacklist enabled, this means that any entity that is blacklisted in config.lua will not be able to spawn, you can change this in qbx_smallresource/qbx_entitiesblacklist/config.lua
[23:36:37] [ info] [citizen-server-i] Started resource qbx_smallresources
[23:36:37] [ info] [citizen-server-i] Starting resource qbx_spawn
[23:36:37] [ info] [citizen-server-i] Started resource qbx_spawn
[23:36:37] [ info] [citizen-server-i] Starting resource qbx_storerobbery
[23:36:37] [ info] [citizen-server-i] Started resource qbx_storerobbery
[23:36:37] [ info] [citizen-server-i] Starting resource qbx_streetraces
[23:36:37] [ info] [citizen-server-i] Started resource qbx_streetraces
[23:36:37] [ info] [citizen-server-i] Starting resource qbx_taxijob
[23:36:37] [ info] [citizen-server-i] Started resource qbx_taxijob
[23:36:37] [ info] [citizen-server-i] Starting resource qbx_towjob
[23:36:37] [ info] [citizen-server-i] Started resource qbx_towjob
[23:36:37] [ info] [citizen-server-i] Starting resource qbx_truckerjob
[23:36:37] [ info] [citizen-server-i] Started resource qbx_truckerjob
[23:36:37] [ info] [citizen-server-i] Starting resource qbx_truckrobbery
[23:36:37] [ info] [citizen-server-i] Started resource qbx_truckrobbery
[23:36:37] [ info] [citizen-server-i] Starting resource qbx_vehiclekeys
[23:36:37] [ info] [citizen-server-i] Started resource qbx_vehiclekeys
[23:36:37] [ info] [citizen-server-i] Starting resource qbx_vehicles
[23:36:37] [ info] [citizen-server-i] Started resource qbx_vehicles
[23:36:37] [ info] [citizen-server-i] Starting resource qbx_vehiclesales
[23:36:37] [ info] [citizen-server-i] Started resource qbx_vehiclesales
[23:36:37] [ info] [citizen-server-i] Starting resource qbx_vehicleshop
[23:36:37] [ info] [citizen-server-i] Started resource qbx_vehicleshop
[23:36:37] [ info] [citizen-server-i] Starting resource qbx_vineyard
[23:36:37] [ info] [citizen-server-i] Started resource qbx_vineyard
[23:36:37] [ info] [citizen-server-i] Starting resource qbx_weed
[23:36:37] [ info] [citizen-server-i] Started resource qbx_weed
[23:36:37] [ info] [citizen-server-i] Starting resource bob74_ipl
[23:36:37] [ info] [citizen-server-i] Started resource bob74_ipl
[23:36:37] [ info] [citizen-server-i] Starting resource illenium-appearance
[23:36:37] [ info] [citizen-server-i] Started resource illenium-appearance
[23:36:37] [ info] [citizen-server-i] Starting resource loadscreen
[23:36:37] [ info] [citizen-server-i] Started resource loadscreen
[23:36:37] [ info] [citizen-server-i] Starting resource mana_audio
[23:36:37] [ info] [citizen-server-i] Started resource mana_audio
[23:36:37] [ info] [citizen-server-i] Starting resource mhacking
[23:36:37] [ info] [citizen-server-i] Started resource mhacking
[23:36:37] [ info] [citizen-server-i] Starting resource Renewed-Banking
[23:36:37] [ info] [citizen-server-i] Started resource Renewed-Banking
[23:36:37] [ info] [citizen-server-i] Starting resource Renewed-Weathersync
[23:36:37] [ info] [citizen-server-i] Started resource Renewed-Weathersync
[23:36:37] [ info] [citizen-server-i] Starting resource safecracker
[23:36:37] [ info] [citizen-server-i] Started resource safecracker
[23:36:37] [ info] [citizen-server-i] Starting resource screencapture
[23:36:38] [ info] [citizen-server-i] Started resource screencapture
[23:36:38] [ info] [citizen-server-i] Starting resource scully_emotemenu
[23:36:38] [ info] [citizen-server-i] Started resource scully_emotemenu
[23:36:38] [ info] [citizen-server-i] Starting resource ultra-voltlab
[23:36:38] [ info] [citizen-server-i] Started resource ultra-voltlab
[23:36:38] [ info] [citizen-server-i] Starting resource vehiclehandler
[23:36:38] [ info] [citizen-server-i] Started resource vehiclehandler
[23:36:38] [ info] [citizen-server-i] Starting resource xt-prison
[23:36:38] [error] [extra-natives-fi] Command jail is already registered.
[23:36:38] [error] [extra-natives-fi] Command unjail is already registered.
[23:36:38] [ info] [citizen-server-i] Started resource xt-prison
[23:36:38] [ info] [citizen-server-i] Starting resource mm_radio
[23:36:38] [ info] [citizen-server-i] Started resource mm_radio
[23:36:38] [error] [citizen-server-i] No resources found for category [assets]
[23:36:38] [ info] [citizen-server-i] Starting resource npwd_qbx_garages
[23:36:38] [ info] [citizen-server-i] Started resource npwd_qbx_garages
[23:36:38] [ info] [citizen-server-i] Starting resource npwd_qbx_mail
[23:36:38] [ info] [citizen-server-i] Started resource npwd_qbx_mail
[23:36:38] [ info] [citizen-server-i] Starting resource qbx_npwd
[23:36:38] [ info] [citizen-server-i] Started resource qbx_npwd
[23:36:38] [ info] [citizen-server-i] Starting resource npwd
[23:36:38] [ info] [citizen-server-i] Started resource npwd
║              STDERR║ (node:23216) ExperimentalWarning: localStorage is not available because --localstorage-file was not provided.
║              STDERR║ (Use `node --trace-warnings ...` to show where the warning was created)
[23:36:38] [ warn] [              js] Unhandled promise rejection in resource npwd
[23:36:38] [ warn] [              js] Uncaught Error: Driver not found.
dist/game/server/server.js(5138,130): getDriver
dist/game/server/server.js(5199,28): 
node:internal/process/task_queues(104,5): processTicksAndRejections

[23:36:38] [ warn] [              js] Unhandled promise rejection in resource npwd
[23:36:38] [ warn] [              js] Uncaught Error: Driver not found.
dist/game/server/server.js(5138,130): getDriver
dist/game/server/server.js(5199,28): 
node:internal/process/task_queues(104,5): processTicksAndRejections

[23:36:38] [ warn] [              js] Unhandled promise rejection in resource npwd
[23:36:38] [ warn] [              js] Uncaught Error: No available storage method found.
dist/game/server/server.js(5207,27): 
node:internal/process/task_queues(104,5): processTicksAndRejections

[23:36:38] [error] [citizen-server-i] Server list query returned an error: server request failed: server request failed for endpoint https://171.76.87.229:30120/info.json (Get "https://171.76.87.229:30120/info.json": context deadline exceeded (Client.Timeout exceeded while awaiting headers))
server request failed: server request failed for endpoint https://171.76.87.229:30120/players.json (Get "https://171.76.87.229:30120/players.json": context deadline exceeded (Client.Timeout exceeded while awaiting headers))
server request failed: server request failed for endpoint https://171.76.87.229:30120/dynamic.json (Get "https://171.76.87.229:30120/dynamic.json": context deadline exceeded (Client.Timeout exceeded while awaiting headers)).
[23:36:39] [ warn] [citizen-server-i] ScheduleResourceTick: This native is deprecated. Script resources in FiveM for GTAV Enhanced are running on the same tick rate as the server main tick.
[23:36:39] [ info] [         oxmysql] [12.3.3-MariaDB] Database server connection established!
[23:36:39] [ info] [       xt-prison] [xt-prison] [INFO] Initializing Table: xt_prison
[23:36:39] [ info] [       xt-prison] [xt-prison] [INFO] Initializing Table: xt_prison_items
[23:36:39] [ info] [        qbx_core] 
Welcome to Qbox!
To learn more, please check out the documentation at https://docs.qbox.re/.
To turn this message off, set the qbx:acknowledge convar to true in your server.cfg file.

[23:36:39] [ info] [        qbx_core] [qbx_core] [INFO] Removed invalid groups from player_groups table
[23:36:39] [ info] [    ox_inventory] [ox_inventory] [INFO] Inventory has loaded 301 items
[23:36:39] [ info] [scully_emotemenu] [scully_emotemenu] You are currently running the latest version.
[23:37:09] [error] [citizen-server-i] Server list query returned an error: server request failed: server request failed for endpoint https://171.76.87.229:30120/info.json (Get "https://171.76.87.229:30120/info.json": context deadline exceeded (Client.Timeout exceeded while awaiting headers))
server request failed: server request failed for endpoint https://171.76.87.229:30120/players.json (Get "https://171.76.87.229:30120/players.json": context deadline exceeded (Client.Timeout exceeded while awaiting headers))
server request failed: server request failed for endpoint https://171.76.87.229:30120/dynamic.json (Get "https://171.76.87.229:30120/dynamic.json": context deadline exceeded (Client.Timeout exceeded while awaiting headers)).
[23:37:39] [error] [citizen-server-i] Server list query returned an error: server request failed: server request failed for endpoint https://171.76.87.229:30120/dynamic.json (Get "https://171.76.87.229:30120/dynamic.json": context deadline exceeded (Client.Timeout exceeded while awaiting headers))
server request failed: server request failed for endpoint https://171.76.87.229:30120/players.json (Get "https://171.76.87.229:30120/players.json": context deadline exceeded (Client.Timeout exceeded while awaiting headers))
server request failed: server request failed for endpoint https://171.76.87.229:30120/info.json (Get "https://171.76.87.229:30120/info.json": context deadline exceeded (Client.Timeout exceeded while awaiting headers)).
[23:38:09] [error] [citizen-server-i] Server list query returned an error: server request failed: server request failed for endpoint https://171.76.87.229:30120/dynamic.json (Get "https://171.76.87.229:30120/dynamic.json": context deadline exceeded (Client.Timeout exceeded while awaiting headers))
server request failed: server request failed for endpoint https://171.76.87.229:30120/players.json (Get "https://171.76.87.229:30120/players.json": context deadline exceeded (Client.Timeout exceeded while awaiting headers))
server request failed: server request failed for endpoint https://171.76.87.229:30120/info.json (Get "https://171.76.87.229:30120/info.json": context deadline exceeded (Client.Timeout exceeded while awaiting headers)).
[23:38:40] [error] [citizen-server-i] Server list query returned an error: server request failed: server request failed for endpoint https://171.76.87.229:30120/dynamic.json (Get "https://171.76.87.229:30120/dynamic.json": context deadline exceeded (Client.Timeout exceeded while awaiting headers))
server request failed: server request failed for endpoint https://171.76.87.229:30120/players.json (Get "https://171.76.87.229:30120/players.json": context deadline exceeded (Client.Timeout exceeded while awaiting headers))
server request failed: server request failed for endpoint https://171.76.87.229:30120/info.json (Get "https://171.76.87.229:30120/info.json": context deadline exceeded (Client.Timeout exceeded while awaiting headers)).
[23:39:10] [error] [citizen-server-i] Server list query returned an error: server request failed: server request failed for endpoint https://171.76.87.229:30120/dynamic.json (Get "https://171.76.87.229:30120/dynamic.json": context deadline exceeded (Client.Timeout exceeded while awaiting headers))
server request failed: server request failed for endpoint https://171.76.87.229:30120/players.json (Get "https://171.76.87.229:30120/players.json": context deadline exceeded (Client.Timeout exceeded while awaiting headers))
server request failed: server request failed for endpoint https://171.76.87.229:30120/info.json (Get "https://171.76.87.229:30120/info.json": context deadline exceeded (Client.Timeout exceeded while awaiting headers)).
[23:39:32] [ info] [        qbx_core] [qbx_core] [INFO] NotAGirl (Citizen ID: N68429HO ID: 1) has successfully loaded!
[23:39:40] [error] [citizen-server-i] Server list query returned an error: server request failed: server request failed for endpoint https://171.76.87.229:30120/info.json (Get "https://171.76.87.229:30120/info.json": context deadline exceeded (Client.Timeout exceeded while awaiting headers))
server request failed: server request failed for endpoint https://171.76.87.229:30120/players.json (Get "https://171.76.87.229:30120/players.json": context deadline exceeded (Client.Timeout exceeded while awaiting headers))
server request failed: server request failed for endpoint https://171.76.87.229:30120/dynamic.json (Get "https://171.76.87.229:30120/dynamic.json": context deadline exceeded (Client.Timeout exceeded while awaiting headers)).
[23:40:00] [ info] [    ox_inventory] [ox_inventory] [INFO] Saving 1 inventories to the database
[23:40:00] [ info] [    ox_inventory] [ox_inventory] [INFO] Saved 1/1 players (30.4801 ms)
[23:40:11] [error] [citizen-server-i] Server list query returned an error: server request failed: server request failed for endpoint https://171.76.87.229:30120/info.json (Get "https://171.76.87.229:30120/info.json": context deadline exceeded (Client.Timeout exceeded while awaiting headers))
server request failed: server request failed for endpoint https://171.76.87.229:30120/players.json (Get "https://171.76.87.229:30120/players.json": context deadline exceeded (Client.Timeout exceeded while awaiting headers))
server request failed: server request failed for endpoint https://171.76.87.229:30120/dynamic.json (Get "https://171.76.87.229:30120/dynamic.json": context deadline exceeded (Client.Timeout exceeded while awaiting headers)).
[23:40:18] [ info] [ qbx_vehicleshop] [QBX VEHICLE DEBUG] vehicleId: 5
[23:40:18] [ info] [ qbx_vehicleshop] [QBX VEHICLE DEBUG] vehicle data: {"state":0,"depotPrice":0,"id":5,"modelName":"asbo","props":{"fuelLevel":100,"bodyHealth":1000,"engineHealth":1000,"plate":"P6E9P737","model":1118611807},"citizenid":"N68429HO"}
[23:40:18] [ info] [ qbx_vehicleshop] [QBX VEHICLE DEBUG] modelName: asbo
[23:40:18] [ info] [ qbx_vehicleshop] [QBX VEHICLE DEBUG] model: nil
[23:40:41] [error] [citizen-server-i] Server list query returned an error: server request failed: server request failed for endpoint https://171.76.87.229:30120/info.json (Get "https://171.76.87.229:30120/info.json": context deadline exceeded (Client.Timeout exceeded while awaiting headers))
server request failed: server request failed for endpoint https://171.76.87.229:30120/players.json (Get "https://171.76.87.229:30120/players.json": context deadline exceeded (Client.Timeout exceeded while awaiting headers))
server request failed: server request failed for endpoint https://171.76.87.229:30120/dynamic.json (Get "https://171.76.87.229:30120/dynamic.json": context deadline exceeded (Client.Timeout exceeded while awaiting headers)).
[23:44:12] [error] [citizen-server-i] Server list query returned an error: server request failed: server request failed for endpoint https://171.76.87.229:30120/info.json (Get "https://171.76.87.229:30120/info.json": read tcp 10.0.12.165:37344->171.76.87.229:30120: read: connection reset by peer (Client.Timeout exceeded while awaiting headers))
server request failed: server request failed for endpoint https://171.76.87.229:30120/players.json (Get "https://171.76.87.229:30120/players.json": context deadline exceeded (Client.Timeout exceeded while awaiting headers))
server request failed: server request failed for endpoint https://171.76.87.229:30120/dynamic.json (Get "https://171.76.87.229:30120/dynamic.json": context deadline exceeded (Client.Timeout exceeded while awaiting headers)).
[23:44:42] [error] [citizen-server-i] Server list query returned an error: server request failed: server request failed for endpoint https://171.76.87.229:30120/dynamic.json (Get "https://171.76.87.229:30120/dynamic.json": context deadline exceeded (Client.Timeout exceeded while awaiting headers))
server request failed: server request failed for endpoint https://171.76.87.229:30120/players.json (Get "https://171.76.87.229:30120/players.json": context deadline exceeded (Client.Timeout exceeded while awaiting headers))
server request failed: server request failed for endpoint https://171.76.87.229:30120/info.json (Get "https://171.76.87.229:30120/info.json": context deadline exceeded (Client.Timeout exceeded while awaiting headers)).
[23:45:00] [ info] [    ox_inventory] [ox_inventory] [INFO] Saving 1 inventories to the database
[23:45:00] [ info] [    ox_inventory] [ox_inventory] [INFO] Saved 1/1 players (15.9375 ms)
[23:45:12] [error] [citizen-server-i] Server list query returned an error: server request failed: server request failed for endpoint https://171.76.87.229:30120/dynamic.json (Get "https://171.76.87.229:30120/dynamic.json": context deadline exceeded (Client.Timeout exceeded while awaiting headers))
server request failed: server request failed for endpoint https://171.76.87.229:30120/players.json (Get "https://171.76.87.229:30120/players.json": context deadline exceeded (Client.Timeout exceeded while awaiting headers))
server request failed: server request failed for endpoint https://171.76.87.229:30120/info.json (Get "https://171.76.87.229:30120/info.json": context deadline exceeded (Client.Timeout exceeded while awaiting headers)).
[23:45:43] [error] [citizen-server-i] Server list query returned an error: server request failed: server request failed for endpoint https://171.76.87.229:30120/dynamic.json (Get "https://171.76.87.229:30120/dynamic.json": context deadline exceeded (Client.Timeout exceeded while awaiting headers))
server request failed: server request failed for endpoint https://171.76.87.229:30120/players.json (Get "https://171.76.87.229:30120/players.json": context deadline exceeded (Client.Timeout exceeded while awaiting headers))
server request failed: server request failed for endpoint https://171.76.87.229:30120/info.json (Get "https://171.76.87.229:30120/info.json": context deadline exceeded (Client.Timeout exceeded while awaiting headers)).
[23:46:13] [error] [citizen-server-i] Server list query returned an error: server request failed: server request failed for endpoint https://171.76.87.229:30120/dynamic.json (Get "https://171.76.87.229:30120/dynamic.json": context deadline exceeded (Client.Timeout exceeded while awaiting headers))
server request failed: server request failed for endpoint https://171.76.87.229:30120/players.json (Get "https://171.76.87.229:30120/players.json": context deadline exceeded (Client.Timeout exceeded while awaiting headers))
server request failed: server request failed for endpoint https://171.76.87.229:30120/info.json (Get "https://171.76.87.229:30120/info.json": context deadline exceeded (Client.Timeout exceeded while awaiting headers)).
[23:46:43] [error] [citizen-server-i] Server list query returned an error: server request failed: server request failed for endpoint https://171.76.87.229:30120/dynamic.json (Get "https://171.76.87.229:30120/dynamic.json": read tcp 10.0.6.191:38356->171.76.87.229:30120: read: connection reset by peer (Client.Timeout exceeded while awaiting headers))
server request failed: server request failed for endpoint https://171.76.87.229:30120/info.json (Get "https://171.76.87.229:30120/info.json": context deadline exceeded (Client.Timeout exceeded while awaiting headers))
server request failed: server request failed for endpoint https://171.76.87.229:30120/players.json (Get "https://171.76.87.229:30120/players.json": context deadline exceeded (Client.Timeout exceeded while awaiting headers)).
[23:47:14] [error] [citizen-server-i] Server list query returned an error: server request failed: server request failed for endpoint https://171.76.87.229:30120/dynamic.json (Get "https://171.76.87.229:30120/dynamic.json": read tcp 10.0.6.191:38356->171.76.87.229:30120: read: connection reset by peer (Client.Timeout exceeded while awaiting headers))
server request failed: server request failed for endpoint https://171.76.87.229:30120/info.json (Get "https://171.76.87.229:30120/info.json": context deadline exceeded (Client.Timeout exceeded while awaiting headers))
server request failed: server request failed for endpoint https://171.76.87.229:30120/players.json (Get "https://171.76.87.229:30120/players.json": context deadline exceeded (Client.Timeout exceeded while awaiting headers)).
[23:47:44] [error] [citizen-server-i] Server list query returned an error: server request failed: server request failed for endpoint https://171.76.87.229:30120/dynamic.json (Get "https://171.76.87.229:30120/dynamic.json": read tcp 10.0.6.191:38356->171.76.87.229:30120: read: connection reset by peer (Client.Timeout exceeded while awaiting headers))
server request failed: server request failed for endpoint https://171.76.87.229:30120/info.json (Get "https://171.76.87.229:30120/info.json": context deadline exceeded (Client.Timeout exceeded while awaiting headers))
server request failed: server request failed for endpoint https://171.76.87.229:30120/players.json (Get "https://171.76.87.229:30120/players.json": context deadline exceeded (Client.Timeout exceeded while awaiting headers)).
[23:48:14] [error] [citizen-server-i] Server list query returned an error: server request failed: server request failed for endpoint https://171.76.87.229:30120/dynamic.json (Get "https://171.76.87.229:30120/dynamic.json": read tcp 10.0.6.191:38356->171.76.87.229:30120: read: connection reset by peer (Client.Timeout exceeded while awaiting headers))
server request failed: server request failed for endpoint https://171.76.87.229:30120/info.json (Get "https://171.76.87.229:30120/info.json": context deadline exceeded (Client.Timeout exceeded while awaiting headers))
server request failed: server request failed for endpoint https://171.76.87.229:30120/players.json (Get "https://171.76.87.229:30120/players.json": context deadline exceeded (Client.Timeout exceeded while awaiting headers)).
[23:48:45] [error] [citizen-server-i] Server list query returned an error: server request failed: server request failed for endpoint https://171.76.87.229:30120/dynamic.json (Get "https://171.76.87.229:30120/dynamic.json": context deadline exceeded (Client.Timeout exceeded while awaiting headers))
server request failed: server request failed for endpoint https://171.76.87.229:30120/players.json (Get "https://171.76.87.229:30120/players.json": context deadline exceeded (Client.Timeout exceeded while awaiting headers))
server request failed: server request failed for endpoint https://171.76.87.229:30120/info.json (Get "https://171.76.87.229:30120/info.json": context deadline exceeded (Client.Timeout exceeded while awaiting headers)).
║             TXADMIN║ txaEvent "serverShuttingDown" "{\"delay\":5000,\"author\":\"NotAGirl\",\"message\":\"Server restarting (admin request).\"}"
[23:49:01] [ info] [         txadmin] [txAdmin] Server shutting down. Kicking all players.

║             TXADMIN║ ================================================================
║             TXADMIN║ ======== [14744] FXServer Starting - 8/9/2026, 11:49:07 pm      
║             TXADMIN║ ================================================================
[23:49:09] [ info] [citizen-server-i] Scanning resources
[23:49:09] [ info] [citizen-server-i] Found 92 resources
[23:49:09] [ warn] [citizen-resource] Resource 'bob74_ipl' uses the deprecated 'stream/' folder. Please rename it to 'stream_enhanced/' for future compatibility.
[23:49:09] [ warn] [citizen-resource] Resource 'qbx_hud' uses the deprecated 'stream/' folder. Please rename it to 'stream_enhanced/' for future compatibility.
[23:49:09] [ warn] [citizen-resource] Resource 'qbx_density' uses the deprecated 'stream/' folder. Please rename it to 'stream_enhanced/' for future compatibility.
[23:49:09] [ warn] [citizen-resource] Resource 'qbx_customs' uses the deprecated 'stream/' folder. Please rename it to 'stream_enhanced/' for future compatibility.
[23:49:09] [ warn] [citizen-resource] Resource 'qbx_properties' uses the deprecated 'stream/' folder. Please rename it to 'stream_enhanced/' for future compatibility.
[23:49:09] [ warn] [citizen-resource] Resource 'ultra-voltlab' uses the deprecated 'stream/' folder. Please rename it to 'stream_enhanced/' for future compatibility.
[23:49:09] [ warn] [citizen-resource] Resource 'scully_emotemenu' uses the deprecated 'stream/' folder. Please rename it to 'stream_enhanced/' for future compatibility.
[23:49:09] [error] [           fivem] sv_enforceGameBuild is used with an invalid value 3258. Only 1 is supported to remove any game dlcs.
[23:49:09] [ info] [         txadmin] [txAdmin] Resource v9.0.0-beta-646aba9a threads and commands set up. All Ready.
[23:49:09] [ info] [citizen-server-i] Starting resource mapmanager
[23:49:09] [ info] [citizen-server-i] Started resource mapmanager
[23:49:09] [ info] [citizen-server-i] Starting resource spawnmanager
[23:49:09] [ info] [citizen-server-i] Started resource spawnmanager
[23:49:09] [error] [citizen-server-i] Failed to ensure resource sessionmanager. Error: Resource "sessionmanager" not found
[23:49:09] [ info] [citizen-server-i] Stopped resource basic-gamemode
[23:49:09] [error] [citizen-server-i] Failed to ensure resource hardcap. Error: Resource "hardcap" not found
[23:49:09] [ info] [citizen-server-i] Starting resource baseevents
[23:49:09] [ info] [citizen-server-i] Started resource baseevents
[23:49:09] [ info] [citizen-server-i] Starting resource ox_lib
[23:49:10] [ info] [citizen-server-i] Started resource ox_lib
[23:49:10] [ info] [citizen-server-i] Starting resource qbx_core
[23:49:10] [ info] [citizen-server-i] Started resource qbx_core
[23:49:10] [ info] [citizen-server-i] Starting resource ox_target
[23:49:10] [ info] [citizen-server-i] Started resource ox_target
[23:49:10] [ info] [citizen-server-i] Starting resource ox_doorlock
[23:49:10] [ info] [citizen-server-i] Started resource ox_doorlock
[23:49:10] [ info] [citizen-server-i] Starting resource ox_fuel
[23:49:10] [ info] [citizen-server-i] Started resource ox_fuel
[23:49:10] [ info] [citizen-server-i] Starting resource qbx_adminmenu
[23:49:10] [ info] [citizen-server-i] Started resource qbx_adminmenu
[23:49:10] [ info] [citizen-server-i] Starting resource qbx_ambulancejob
[23:49:10] [ info] [citizen-server-i] Started resource qbx_ambulancejob
[23:49:10] [ info] [citizen-server-i] Starting resource qbx_bankrobbery
[23:49:10] [ info] [citizen-server-i] Started resource qbx_bankrobbery
[23:49:10] [ info] [citizen-server-i] Starting resource qbx_binoculars
[23:49:10] [ info] [citizen-server-i] Started resource qbx_binoculars
[23:49:10] [ info] [citizen-server-i] Starting resource qbx_busjob
[23:49:10] [ info] [citizen-server-i] Started resource qbx_busjob
[23:49:10] [ info] [citizen-server-i] Starting resource qbx_carwash
[23:49:10] [ info] [citizen-server-i] Started resource qbx_carwash
[23:49:10] [ info] [citizen-server-i] Starting resource qbx_chat_theme
[23:49:10] [ info] [citizen-server-i] Started resource qbx_chat_theme
[23:49:10] [ info] [citizen-server-i] Starting resource qbx_cityhall
[23:49:10] [ info] [citizen-server-i] Started resource qbx_cityhall
[23:49:10] [ info] [citizen-server-i] Starting resource qbx_customs
[23:49:10] [ info] [citizen-server-i] Started resource qbx_customs
[23:49:10] [ info] [citizen-server-i] Starting resource qbx_density
[23:49:10] [ info] [citizen-server-i] Started resource qbx_density
[23:49:10] [ info] [citizen-server-i] Starting resource qbx_divegear
[23:49:10] [ info] [citizen-server-i] Started resource qbx_divegear
[23:49:10] [ info] [citizen-server-i] Starting resource qbx_diving
[23:49:10] [ info] [citizen-server-i] Started resource qbx_diving
[23:49:10] [ info] [citizen-server-i] Starting resource qbx_drugs
[23:49:10] [ info] [citizen-server-i] Started resource qbx_drugs
[23:49:10] [ info] [citizen-server-i] Starting resource qbx_fireworks
[23:49:10] [ info] [citizen-server-i] Started resource qbx_fireworks
[23:49:10] [ info] [citizen-server-i] Starting resource qbx_garages
[23:49:10] [ info] [citizen-server-i] Started resource qbx_garages
[23:49:10] [ info] [citizen-server-i] Starting resource qbx_garbagejob
[23:49:10] [ info] [citizen-server-i] Started resource qbx_garbagejob
[23:49:10] [ info] [citizen-server-i] Starting resource qbx_houserobbery
[23:49:10] [ info] [citizen-server-i] Started resource qbx_houserobbery
[23:49:10] [ info] [citizen-server-i] Starting resource qbx_hud
[23:49:10] [ info] [citizen-server-i] Started resource qbx_hud
[23:49:10] [ info] [citizen-server-i] Starting resource qbx_idcard
[23:49:10] [ info] [citizen-server-i] Started resource qbx_idcard
[23:49:10] [ info] [citizen-server-i] Starting resource qbx_jewelery
[23:49:10] [ info] [citizen-server-i] Started resource qbx_jewelery
[23:49:10] [ info] [citizen-server-i] Starting resource qbx_lapraces
[23:49:10] [ info] [citizen-server-i] Started resource qbx_lapraces
[23:49:10] [ info] [citizen-server-i] Starting resource qbx_management
[23:49:10] [ info] [citizen-server-i] Started resource qbx_management
[23:49:10] [ info] [citizen-server-i] Starting resource qbx_mechanicjob
[23:49:10] [ info] [citizen-server-i] Started resource qbx_mechanicjob
[23:49:10] [ info] [citizen-server-i] Starting resource qbx_newsjob
[23:49:10] [ info] [citizen-server-i] Started resource qbx_newsjob
[23:49:10] [ info] [citizen-server-i] Starting resource qbx_pawnshop
[23:49:10] [ info] [citizen-server-i] Started resource qbx_pawnshop
[23:49:10] [ info] [citizen-server-i] Starting resource qbx_police
[23:49:10] [ info] [citizen-server-i] Started resource qbx_police
[23:49:10] [ info] [citizen-server-i] Starting resource qbx_properties
[23:49:10] [ info] [citizen-server-i] Started resource qbx_properties
[23:49:10] [ info] [citizen-server-i] Starting resource qbx_radialmenu
[23:49:10] [ info] [citizen-server-i] Started resource qbx_radialmenu
[23:49:10] [ info] [citizen-server-i] Starting resource qbx_recyclejob
[23:49:10] [ info] [citizen-server-i] Started resource qbx_recyclejob
[23:49:10] [ info] [citizen-server-i] Starting resource qbx_scoreboard
[23:49:10] [ info] [citizen-server-i] Started resource qbx_scoreboard
[23:49:10] [ info] [citizen-server-i] Starting resource qbx_scrapyard
[23:49:10] [ info] [citizen-server-i] Started resource qbx_scrapyard
[23:49:10] [ info] [citizen-server-i] Starting resource qbx_seatbelt
[23:49:10] [ info] [citizen-server-i] Started resource qbx_seatbelt
[23:49:10] [ info] [citizen-server-i] Starting resource qbx_smallresources
[23:49:10] [ info] [qbx_smallresourc] [qbx_smallresources] [WARN] [qbx_entitiesblacklist] You have entity blacklist enabled, this means that any entity that is blacklisted in config.lua will not be able to spawn, you can change this in qbx_smallresource/qbx_entitiesblacklist/config.lua
[23:49:10] [ info] [citizen-server-i] Started resource qbx_smallresources
[23:49:10] [ info] [citizen-server-i] Starting resource qbx_spawn
[23:49:10] [ info] [citizen-server-i] Started resource qbx_spawn
[23:49:10] [ info] [citizen-server-i] Starting resource qbx_storerobbery
[23:49:10] [ info] [citizen-server-i] Started resource qbx_storerobbery
[23:49:10] [ info] [citizen-server-i] Starting resource qbx_streetraces
[23:49:10] [ info] [citizen-server-i] Started resource qbx_streetraces
[23:49:10] [ info] [citizen-server-i] Starting resource qbx_taxijob
[23:49:10] [ info] [citizen-server-i] Started resource qbx_taxijob
[23:49:10] [ info] [citizen-server-i] Starting resource qbx_towjob
[23:49:11] [ info] [citizen-server-i] Started resource qbx_towjob
[23:49:11] [ info] [citizen-server-i] Starting resource qbx_truckerjob
[23:49:11] [ info] [citizen-server-i] Started resource qbx_truckerjob
[23:49:11] [ info] [citizen-server-i] Starting resource qbx_truckrobbery
[23:49:11] [ info] [citizen-server-i] Started resource qbx_truckrobbery
[23:49:11] [ info] [citizen-server-i] Starting resource qbx_vehiclekeys
[23:49:11] [ info] [citizen-server-i] Started resource qbx_vehiclekeys
[23:49:11] [ info] [citizen-server-i] Starting resource qbx_vehicles
[23:49:11] [ info] [citizen-server-i] Started resource qbx_vehicles
[23:49:11] [ info] [citizen-server-i] Starting resource qbx_vehiclesales
[23:49:11] [ info] [citizen-server-i] Started resource qbx_vehiclesales
[23:49:11] [ info] [citizen-server-i] Starting resource qbx_vehicleshop
[23:49:11] [ info] [citizen-server-i] Started resource qbx_vehicleshop
[23:49:11] [ info] [citizen-server-i] Starting resource qbx_vineyard
[23:49:11] [ info] [citizen-server-i] Started resource qbx_vineyard
[23:49:11] [ info] [citizen-server-i] Starting resource qbx_weed
[23:49:11] [ info] [citizen-server-i] Started resource qbx_weed
[23:49:11] [ info] [citizen-server-i] Starting resource bob74_ipl
[23:49:11] [ info] [citizen-server-i] Started resource bob74_ipl
[23:49:11] [ info] [citizen-server-i] Starting resource illenium-appearance
[23:49:11] [ info] [citizen-server-i] Started resource illenium-appearance
[23:49:11] [ info] [citizen-server-i] Starting resource loadscreen
[23:49:11] [ info] [citizen-server-i] Started resource loadscreen
[23:49:11] [ info] [citizen-server-i] Starting resource mana_audio
[23:49:11] [ info] [citizen-server-i] Started resource mana_audio
[23:49:11] [ info] [citizen-server-i] Starting resource mhacking
[23:49:11] [ info] [citizen-server-i] Started resource mhacking
[23:49:11] [ info] [citizen-server-i] Starting resource Renewed-Banking
[23:49:11] [ info] [citizen-server-i] Started resource Renewed-Banking
[23:49:11] [ info] [citizen-server-i] Starting resource Renewed-Weathersync
[23:49:11] [ info] [citizen-server-i] Started resource Renewed-Weathersync
[23:49:11] [ info] [citizen-server-i] Starting resource safecracker
[23:49:11] [ info] [citizen-server-i] Started resource safecracker
[23:49:11] [ info] [citizen-server-i] Starting resource screencapture
[23:49:11] [ info] [citizen-server-i] Started resource screencapture
[23:49:11] [ info] [citizen-server-i] Starting resource scully_emotemenu
[23:49:11] [ info] [citizen-server-i] Started resource scully_emotemenu
[23:49:11] [ info] [citizen-server-i] Starting resource ultra-voltlab
[23:49:11] [ info] [citizen-server-i] Started resource ultra-voltlab
[23:49:11] [ info] [citizen-server-i] Starting resource vehiclehandler
[23:49:11] [ info] [citizen-server-i] Started resource vehiclehandler
[23:49:11] [ info] [citizen-server-i] Starting resource xt-prison
[23:49:11] [error] [extra-natives-fi] Command jail is already registered.
[23:49:11] [error] [extra-natives-fi] Command unjail is already registered.
[23:49:11] [ info] [citizen-server-i] Started resource xt-prison
[23:49:11] [ info] [citizen-server-i] Starting resource mm_radio
[23:49:11] [ info] [citizen-server-i] Started resource mm_radio
[23:49:11] [error] [citizen-server-i] No resources found for category [assets]
[23:49:11] [ info] [citizen-server-i] Starting resource npwd_qbx_garages
[23:49:11] [ info] [citizen-server-i] Started resource npwd_qbx_garages
[23:49:11] [ info] [citizen-server-i] Starting resource npwd_qbx_mail
[23:49:11] [ info] [citizen-server-i] Started resource npwd_qbx_mail
[23:49:11] [ info] [citizen-server-i] Starting resource qbx_npwd
[23:49:11] [ info] [citizen-server-i] Started resource qbx_npwd
[23:49:11] [ info] [citizen-server-i] Starting resource npwd
[23:49:12] [ info] [citizen-server-i] Started resource npwd
║              STDERR║ (node:14744) ExperimentalWarning: localStorage is not available because --localstorage-file was not provided.
║              STDERR║ (Use `node --trace-warnings ...` to show where the warning was created)
[23:49:12] [ warn] [              js] Unhandled promise rejection in resource npwd
[23:49:12] [ warn] [              js] Uncaught Error: Driver not found.
dist/game/server/server.js(5138,130): getDriver
dist/game/server/server.js(5199,28): 
node:internal/process/task_queues(104,5): processTicksAndRejections

[23:49:12] [ warn] [              js] Unhandled promise rejection in resource npwd
[23:49:12] [ warn] [              js] Uncaught Error: Driver not found.
dist/game/server/server.js(5138,130): getDriver
dist/game/server/server.js(5199,28): 
node:internal/process/task_queues(104,5): processTicksAndRejections

[23:49:12] [ warn] [              js] Unhandled promise rejection in resource npwd
[23:49:12] [ warn] [              js] Uncaught Error: No available storage method found.
dist/game/server/server.js(5207,27): 
node:internal/process/task_queues(104,5): processTicksAndRejections

[23:49:12] [error] [citizen-server-i] Server list query returned an error: server request failed: server request failed for endpoint https://171.76.87.229:30120/dynamic.json (Get "https://171.76.87.229:30120/dynamic.json": context deadline exceeded (Client.Timeout exceeded while awaiting headers))
server request failed: server request failed for endpoint https://171.76.87.229:30120/players.json (Get "https://171.76.87.229:30120/players.json": context deadline exceeded (Client.Timeout exceeded while awaiting headers))
server request failed: server request failed for endpoint https://171.76.87.229:30120/info.json (Get "https://171.76.87.229:30120/info.json": context deadline exceeded (Client.Timeout exceeded while awaiting headers)).
[23:49:13] [ warn] [citizen-server-i] ScheduleResourceTick: This native is deprecated. Script resources in FiveM for GTAV Enhanced are running on the same tick rate as the server main tick.
[23:49:13] [ info] [         oxmysql] [12.3.3-MariaDB] Database server connection established!
[23:49:13] [ info] [       xt-prison] [xt-prison] [INFO] Initializing Table: xt_prison
[23:49:13] [ info] [       xt-prison] [xt-prison] [INFO] Initializing Table: xt_prison_items
[23:49:13] [ info] [        qbx_core] [qbx_core] [INFO] Removed invalid groups from player_groups table
[23:49:13] [ info] [        qbx_core] 
Welcome to Qbox!
To learn more, please check out the documentation at https://docs.qbox.re/.
To turn this message off, set the qbx:acknowledge convar to true in your server.cfg file.

[23:49:13] [ info] [    ox_inventory] [ox_inventory] [INFO] Inventory has loaded 301 items
[23:49:14] [ info] [scully_emotemenu] [scully_emotemenu] You are currently running the latest version.
[23:49:43] [error] [citizen-server-i] Server list query returned an error: server request failed: server request failed for endpoint https://171.76.87.229:30120/dynamic.json (Get "https://171.76.87.229:30120/dynamic.json": context deadline exceeded (Client.Timeout exceeded while awaiting headers))
server request failed: server request failed for endpoint https://171.76.87.229:30120/players.json (Get "https://171.76.87.229:30120/players.json": context deadline exceeded (Client.Timeout exceeded while awaiting headers))
server request failed: server request failed for endpoint https://171.76.87.229:30120/info.json (Get "https://171.76.87.229:30120/info.json": context deadline exceeded (Client.Timeout exceeded while awaiting headers)).
[23:50:13] [error] [citizen-server-i] Server list query returned an error: server request failed: server request failed for endpoint https://171.76.87.229:30120/dynamic.json (Get "https://171.76.87.229:30120/dynamic.json": context deadline exceeded (Client.Timeout exceeded while awaiting headers))
server request failed: server request failed for endpoint https://171.76.87.229:30120/players.json (Get "https://171.76.87.229:30120/players.json": context deadline exceeded (Client.Timeout exceeded while awaiting headers))
server request failed: server request failed for endpoint https://171.76.87.229:30120/info.json (Get "https://171.76.87.229:30120/info.json": context deadline exceeded (Client.Timeout exceeded while awaiting headers)).
[23:50:43] [error] [citizen-server-i] Server list query returned an error: server request failed: server request failed for endpoint https://171.76.87.229:30120/dynamic.json (Get "https://171.76.87.229:30120/dynamic.json": context deadline exceeded (Client.Timeout exceeded while awaiting headers))
server request failed: server request failed for endpoint https://171.76.87.229:30120/players.json (Get "https://171.76.87.229:30120/players.json": context deadline exceeded (Client.Timeout exceeded while awaiting headers))
server request failed: server request failed for endpoint https://171.76.87.229:30120/info.json (Get "https://171.76.87.229:30120/info.json": context deadline exceeded (Client.Timeout exceeded while awaiting headers)).
[23:51:14] [error] [citizen-server-i] Server list query returned an error: server request failed: server request failed for endpoint https://171.76.87.229:30120/info.json (Get "https://171.76.87.229:30120/info.json": context deadline exceeded (Client.Timeout exceeded while awaiting headers))
server request failed: server request failed for endpoint https://171.76.87.229:30120/players.json (Get "https://171.76.87.229:30120/players.json": context deadline exceeded (Client.Timeout exceeded while awaiting headers))
server request failed: server request failed for endpoint https://171.76.87.229:30120/dynamic.json (Get "https://171.76.87.229:30120/dynamic.json": context deadline exceeded (Client.Timeout exceeded while awaiting headers)).
[23:51:44] [error] [citizen-server-i] Server list query returned an error: server request failed: server request failed for endpoint https://171.76.87.229:30120/info.json (Get "https://171.76.87.229:30120/info.json": context deadline exceeded (Client.Timeout exceeded while awaiting headers))
server request failed: server request failed for endpoint https://171.76.87.229:30120/players.json (Get "https://171.76.87.229:30120/players.json": context deadline exceeded (Client.Timeout exceeded while awaiting headers))
server request failed: server request failed for endpoint https://171.76.87.229:30120/dynamic.json (Get "https://171.76.87.229:30120/dynamic.json": context deadline exceeded (Client.Timeout exceeded while awaiting headers)).
[23:52:15] [error] [citizen-server-i] Server list query returned an error: server request failed: server request failed for endpoint https://171.76.87.229:30120/info.json (Get "https://171.76.87.229:30120/info.json": context deadline exceeded (Client.Timeout exceeded while awaiting headers))
server request failed: server request failed for endpoint https://171.76.87.229:30120/players.json (Get "https://171.76.87.229:30120/players.json": context deadline exceeded (Client.Timeout exceeded while awaiting headers))
server request failed: server request failed for endpoint https://171.76.87.229:30120/dynamic.json (Get "https://171.76.87.229:30120/dynamic.json": context deadline exceeded (Client.Timeout exceeded while awaiting headers)).
[23:52:45] [error] [citizen-server-i] Server list query returned an error: server request failed: server request failed for endpoint https://171.76.87.229:30120/info.json (Get "https://171.76.87.229:30120/info.json": context deadline exceeded (Client.Timeout exceeded while awaiting headers))
server request failed: server request failed for endpoint https://171.76.87.229:30120/players.json (Get "https://171.76.87.229:30120/players.json": context deadline exceeded (Client.Timeout exceeded while awaiting headers))
server request failed: server request failed for endpoint https://171.76.87.229:30120/dynamic.json (Get "https://171.76.87.229:30120/dynamic.json": context deadline exceeded (Client.Timeout exceeded while awaiting headers)).
[23:53:15] [error] [citizen-server-i] Server list query returned an error: server request failed: server request failed for endpoint https://171.76.87.229:30120/dynamic.json (Get "https://171.76.87.229:30120/dynamic.json": context deadline exceeded (Client.Timeout exceeded while awaiting headers))
server request failed: server request failed for endpoint https://171.76.87.229:30120/players.json (Get "https://171.76.87.229:30120/players.json": context deadline exceeded (Client.Timeout exceeded while awaiting headers))
server request failed: server request failed for endpoint https://171.76.87.229:30120/info.json (Get "https://171.76.87.229:30120/info.json": context deadline exceeded (Client.Timeout exceeded while awaiting headers)).
[23:53:46] [error] [citizen-server-i] Server list query returned an error: server request failed: server request failed for endpoint https://171.76.87.229:30120/dynamic.json (Get "https://171.76.87.229:30120/dynamic.json": context deadline exceeded (Client.Timeout exceeded while awaiting headers))
server request failed: server request failed for endpoint https://171.76.87.229:30120/players.json (Get "https://171.76.87.229:30120/players.json": context deadline exceeded (Client.Timeout exceeded while awaiting headers))
server request failed: server request failed for endpoint https://171.76.87.229:30120/info.json (Get "https://171.76.87.229:30120/info.json": context deadline exceeded (Client.Timeout exceeded while awaiting headers)).
[23:54:16] [error] [citizen-server-i] Server list query returned an error: server request failed: server request failed for endpoint https://171.76.87.229:30120/dynamic.json (Get "https://171.76.87.229:30120/dynamic.json": context deadline exceeded (Client.Timeout exceeded while awaiting headers))
server request failed: server request failed for endpoint https://171.76.87.229:30120/players.json (Get "https://171.76.87.229:30120/players.json": context deadline exceeded (Client.Timeout exceeded while awaiting headers))
server request failed: server request failed for endpoint https://171.76.87.229:30120/info.json (Get "https://171.76.87.229:30120/info.json": context deadline exceeded (Client.Timeout exceeded while awaiting headers)).
[23:54:46] [error] [citizen-server-i] Server list query returned an error: server request failed: server request failed for endpoint https://171.76.87.229:30120/dynamic.json (Get "https://171.76.87.229:30120/dynamic.json": context deadline exceeded (Client.Timeout exceeded while awaiting headers))
server request failed: server request failed for endpoint https://171.76.87.229:30120/players.json (Get "https://171.76.87.229:30120/players.json": context deadline exceeded (Client.Timeout exceeded while awaiting headers))
server request failed: server request failed for endpoint https://171.76.87.229:30120/info.json (Get "https://171.76.87.229:30120/info.json": context deadline exceeded (Client.Timeout exceeded while awaiting headers)).
[23:55:17] [error] [citizen-server-i] Server list query returned an error: server request failed: server request failed for endpoint https://171.76.87.229:30120/dynamic.json (Get "https://171.76.87.229:30120/dynamic.json": context deadline exceeded (Client.Timeout exceeded while awaiting headers))
server request failed: server request failed for endpoint https://171.76.87.229:30120/info.json (Get "https://171.76.87.229:30120/info.json": context deadline exceeded (Client.Timeout exceeded while awaiting headers))
server request failed: server request failed for endpoint https://171.76.87.229:30120/players.json (Get "https://171.76.87.229:30120/players.json": context deadline exceeded (Client.Timeout exceeded while awaiting headers)).
[23:55:47] [error] [citizen-server-i] Server list query returned an error: server request failed: server request failed for endpoint https://171.76.87.229:30120/dynamic.json (Get "https://171.76.87.229:30120/dynamic.json": context deadline exceeded (Client.Timeout exceeded while awaiting headers))
server request failed: server request failed for endpoint https://171.76.87.229:30120/info.json (Get "https://171.76.87.229:30120/info.json": context deadline exceeded (Client.Timeout exceeded while awaiting headers))
server request failed: server request failed for endpoint https://171.76.87.229:30120/players.json (Get "https://171.76.87.229:30120/players.json": context deadline exceeded (Client.Timeout exceeded while awaiting headers)).
[23:56:17] [error] [citizen-server-i] Server list query returned an error: server request failed: server request failed for endpoint https://171.76.87.229:30120/dynamic.json (Get "https://171.76.87.229:30120/dynamic.json": context deadline exceeded (Client.Timeout exceeded while awaiting headers))
server request failed: server request failed for endpoint https://171.76.87.229:30120/info.json (Get "https://171.76.87.229:30120/info.json": context deadline exceeded (Client.Timeout exceeded while awaiting headers))
server request failed: server request failed for endpoint https://171.76.87.229:30120/players.json (Get "https://171.76.87.229:30120/players.json": context deadline exceeded (Client.Timeout exceeded while awaiting headers)).
[23:56:48] [error] [citizen-server-i] Server list query returned an error: server request failed: server request failed for endpoint https://171.76.87.229:30120/dynamic.json (Get "https://171.76.87.229:30120/dynamic.json": context deadline exceeded (Client.Timeout exceeded while awaiting headers))
server request failed: server request failed for endpoint https://171.76.87.229:30120/info.json (Get "https://171.76.87.229:30120/info.json": context deadline exceeded (Client.Timeout exceeded while awaiting headers))
server request failed: server request failed for endpoint https://171.76.87.229:30120/players.json (Get "https://171.76.87.229:30120/players.json": context deadline exceeded (Client.Timeout exceeded while awaiting headers)).
[23:57:18] [error] [citizen-server-i] Server list query returned an error: server request failed: server request failed for endpoint https://171.76.87.229:30120/dynamic.json (Get "https://171.76.87.229:30120/dynamic.json": context deadline exceeded (Client.Timeout exceeded while awaiting headers))
server request failed: server request failed for endpoint https://171.76.87.229:30120/info.json (Get "https://171.76.87.229:30120/info.json": context deadline exceeded (Client.Timeout exceeded while awaiting headers))
server request failed: server request failed for endpoint https://171.76.87.229:30120/players.json (Get "https://171.76.87.229:30120/players.json": context deadline exceeded (Client.Timeout exceeded while awaiting headers)).
[23:57:48] [error] [citizen-server-i] Server list query returned an error: server request failed: server request failed for endpoint https://171.76.87.229:30120/dynamic.json (Get "https://171.76.87.229:30120/dynamic.json": context deadline exceeded (Client.Timeout exceeded while awaiting headers))
server request failed: server request failed for endpoint https://171.76.87.229:30120/info.json (Get "https://171.76.87.229:30120/info.json": context deadline exceeded (Client.Timeout exceeded while awaiting headers))
server request failed: server request failed for endpoint https://171.76.87.229:30120/players.json (Get "https://171.76.87.229:30120/players.json": context deadline exceeded (Client.Timeout exceeded while awaiting headers)).
[23:58:19] [error] [citizen-server-i] Server list query returned an error: server request failed: server request failed for endpoint https://171.76.87.229:30120/dynamic.json (Get "https://171.76.87.229:30120/dynamic.json": context deadline exceeded (Client.Timeout exceeded while awaiting headers))
server request failed: server request failed for endpoint https://171.76.87.229:30120/info.json (Get "https://171.76.87.229:30120/info.json": context deadline exceeded (Client.Timeout exceeded while awaiting headers))
server request failed: server request failed for endpoint https://171.76.87.229:30120/players.json (Get "https://171.76.87.229:30120/players.json": context deadline exceeded (Client.Timeout exceeded while awaiting headers)).
[23:58:49] [error] [citizen-server-i] Server list query returned an error: server request failed: server request failed for endpoint https://171.76.87.229:30120/dynamic.json (Get "https://171.76.87.229:30120/dynamic.json": context deadline exceeded (Client.Timeout exceeded while awaiting headers))
server request failed: server request failed for endpoint https://171.76.87.229:30120/info.json (Get "https://171.76.87.229:30120/info.json": context deadline exceeded (Client.Timeout exceeded while awaiting headers))
server request failed: server request failed for endpoint https://171.76.87.229:30120/players.json (Get "https://171.76.87.229:30120/players.json": context deadline exceeded (Client.Timeout exceeded while awaiting headers)).
[23:59:05] [ info] [        qbx_core] [qbx_core] [INFO] NotAGirl (Citizen ID: N68429HO ID: 1) has successfully loaded!
[23:59:19] [error] [citizen-server-i] Server list query returned an error: server request failed: server request failed for endpoint https://171.76.87.229:30120/players.json (Get "https://171.76.87.229:30120/players.json": context deadline exceeded (Client.Timeout exceeded while awaiting headers))
server request failed: server request failed for endpoint https://171.76.87.229:30120/info.json (Get "https://171.76.87.229:30120/info.json": context deadline exceeded (Client.Timeout exceeded while awaiting headers))
server request failed: server request failed for endpoint https://171.76.87.229:30120/dynamic.json (Get "https://171.76.87.229:30120/dynamic.json": context deadline exceeded (Client.Timeout exceeded while awaiting headers)).
[23:59:30] [ info] [ qbx_vehicleshop] [QBX VEHICLE DEBUG] vehicleId: 6
[23:59:30] [ info] [ qbx_vehicleshop] [QBX VEHICLE DEBUG] vehicle data: {"id":6,"citizenid":"N68429HO","modelName":"impaler","props":{"engineHealth":1000,"fuelLevel":100,"plate":"56626E15","bodyHealth":1000,"model":-2096690334},"depotPrice":0,"state":0}
[23:59:30] [ info] [ qbx_vehicleshop] [QBX VEHICLE DEBUG] modelName: impaler
[23:59:30] [ info] [ qbx_vehicleshop] [QBX VEHICLE DEBUG] model: nil
[23:59:31] [ info] [ qbx_vehicleshop] [KEY DEBUG] Giving keys to 1 for vehicle 14, plate 56626E15
[23:59:31] [ info] [ qbx_vehicleshop] [KEY DEBUG] GiveKeys result: true
[23:59:50] [error] [citizen-server-i] Server list query returned an error: server request failed: server request failed for endpoint https://171.76.87.229:30120/players.json (Get "https://171.76.87.229:30120/players.json": context deadline exceeded (Client.Timeout exceeded while awaiting headers))
server request failed: server request failed for endpoint https://171.76.87.229:30120/info.json (Get "https://171.76.87.229:30120/info.json": context deadline exceeded (Client.Timeout exceeded while awaiting headers))
server request failed: server request failed for endpoint https://171.76.87.229:30120/dynamic.json (Get "https://171.76.87.229:30120/dynamic.json": context deadline exceeded (Client.Timeout exceeded while awaiting headers)).
