║             TXADMIN║ ================================================================
║             TXADMIN║ ======== [4952] FXServer Starting - 12/9/2026, 7:31:11 am       
║             TXADMIN║ ================================================================
[07:31:14] [ info] [citizen-server-i] Scanning resources
[07:31:14] [ info] [citizen-server-i] Found 93 resources
[07:31:14] [ warn] [citizen-resource] Resource 'pillbox' uses the deprecated 'stream/' folder. Please rename it to 'stream_enhanced/' for future compatibility.
[07:31:14] [ warn] [citizen-resource] Resource 'bob74_ipl' uses the deprecated 'stream/' folder. Please rename it to 'stream_enhanced/' for future compatibility.
[07:31:14] [ warn] [citizen-resource] Resource 'qbx_density' uses the deprecated 'stream/' folder. Please rename it to 'stream_enhanced/' for future compatibility.
[07:31:14] [ warn] [citizen-resource] Resource 'qbx_customs' uses the deprecated 'stream/' folder. Please rename it to 'stream_enhanced/' for future compatibility.
[07:31:14] [ warn] [citizen-resource] Resource 'qbx_hud' uses the deprecated 'stream/' folder. Please rename it to 'stream_enhanced/' for future compatibility.
[07:31:14] [ warn] [citizen-resource] Resource 'qbx_properties' uses the deprecated 'stream/' folder. Please rename it to 'stream_enhanced/' for future compatibility.
[07:31:14] [ warn] [citizen-resource] Resource 'ultra-voltlab' uses the deprecated 'stream/' folder. Please rename it to 'stream_enhanced/' for future compatibility.
[07:31:14] [ warn] [citizen-resource] Resource 'scully_emotemenu' uses the deprecated 'stream/' folder. Please rename it to 'stream_enhanced/' for future compatibility.
[07:31:14] [error] [           fivem] sv_enforceGameBuild is used with an invalid value 3258. Only 1 is supported to remove any game dlcs.
[07:31:16] [ info] [         txadmin] [txAdmin] Resource v9.0.0-beta-646aba9a threads and commands set up. All Ready.
[07:31:16] [ info] [citizen-server-i] Starting resource mapmanager
[07:31:16] [ info] [citizen-server-i] Started resource mapmanager
[07:31:16] [ info] [citizen-server-i] Starting resource spawnmanager
[07:31:16] [ info] [citizen-server-i] Started resource spawnmanager
[07:31:16] [error] [citizen-server-i] Failed to ensure resource sessionmanager. Error: Resource "sessionmanager" not found
[07:31:16] [ info] [citizen-server-i] Stopped resource basic-gamemode
[07:31:16] [error] [citizen-server-i] Failed to ensure resource hardcap. Error: Resource "hardcap" not found
[07:31:16] [ info] [citizen-server-i] Starting resource baseevents
[07:31:16] [ info] [citizen-server-i] Started resource baseevents
[07:31:16] [ info] [citizen-server-i] Starting resource ox_lib
[07:31:16] [ info] [citizen-server-i] Started resource ox_lib
[07:31:16] [ info] [citizen-server-i] Starting resource qbx_core
[07:31:17] [ info] [citizen-server-i] Started resource qbx_core
[07:31:17] [ info] [citizen-server-i] Starting resource ox_target
[07:31:17] [ info] [citizen-server-i] Started resource ox_target
[07:31:17] [ info] [citizen-server-i] Starting resource ox_doorlock
[07:31:17] [ info] [citizen-server-i] Started resource ox_doorlock
[07:31:17] [ info] [citizen-server-i] Starting resource ox_fuel
[07:31:17] [ info] [citizen-server-i] Started resource ox_fuel
[07:31:17] [ info] [citizen-server-i] Starting resource qbx_adminmenu
[07:31:17] [ info] [citizen-server-i] Started resource qbx_adminmenu
[07:31:17] [ info] [citizen-server-i] Starting resource qbx_ambulancejob
[07:31:17] [ info] [citizen-server-i] Started resource qbx_ambulancejob
[07:31:17] [ info] [citizen-server-i] Starting resource qbx_bankrobbery
[07:31:17] [ info] [citizen-server-i] Started resource qbx_bankrobbery
[07:31:17] [ info] [citizen-server-i] Starting resource qbx_binoculars
[07:31:17] [ info] [citizen-server-i] Started resource qbx_binoculars
[07:31:17] [ info] [citizen-server-i] Starting resource qbx_busjob
[07:31:17] [ info] [citizen-server-i] Started resource qbx_busjob
[07:31:17] [ info] [citizen-server-i] Starting resource qbx_carwash
[07:31:17] [ info] [citizen-server-i] Started resource qbx_carwash
[07:31:17] [ info] [citizen-server-i] Starting resource qbx_chat_theme
[07:31:17] [ info] [citizen-server-i] Started resource qbx_chat_theme
[07:31:17] [ info] [citizen-server-i] Starting resource qbx_cityhall
[07:31:17] [ info] [citizen-server-i] Started resource qbx_cityhall
[07:31:17] [ info] [citizen-server-i] Starting resource qbx_customs
[07:31:17] [error] [citizen-server-i] Rsc7 file stream/vehicle_paint_ramps.ytd in resource qbx_customs has version 13, expected 5. Skipping cache generation for this file.
[07:31:17] [ info] [citizen-server-i] Started resource qbx_customs
[07:31:17] [ info] [citizen-server-i] Starting resource qbx_density
[07:31:17] [ info] [citizen-server-i] Started resource qbx_density
[07:31:17] [ info] [citizen-server-i] Starting resource qbx_divegear
[07:31:17] [ info] [citizen-server-i] Started resource qbx_divegear
[07:31:17] [ info] [citizen-server-i] Starting resource qbx_diving
[07:31:17] [ info] [citizen-server-i] Started resource qbx_diving
[07:31:17] [ info] [citizen-server-i] Starting resource qbx_drugs
[07:31:18] [ info] [citizen-server-i] Started resource qbx_drugs
[07:31:18] [ info] [citizen-server-i] Starting resource qbx_fireworks
[07:31:18] [ info] [citizen-server-i] Started resource qbx_fireworks
[07:31:18] [ info] [citizen-server-i] Starting resource qbx_garages
[07:31:18] [ info] [citizen-server-i] Started resource qbx_garages
[07:31:18] [ info] [citizen-server-i] Starting resource qbx_garbagejob
[07:31:18] [ info] [citizen-server-i] Started resource qbx_garbagejob
[07:31:18] [ info] [citizen-server-i] Starting resource qbx_houserobbery
[07:31:18] [ info] [citizen-server-i] Started resource qbx_houserobbery
[07:31:18] [ info] [citizen-server-i] Starting resource qbx_hud
[07:31:18] [error] [citizen-server-i] Rsc7 file stream/circlemap.ytd in resource qbx_hud has version 13, expected 5. Skipping cache generation for this file.
[07:31:18] [error] [citizen-server-i] Rsc7 file stream/minimap.ytd in resource qbx_hud has version 13, expected 5. Skipping cache generation for this file.
[07:31:18] [error] [citizen-server-i] Rsc7 file stream/squaremap.ytd in resource qbx_hud has version 13, expected 5. Skipping cache generation for this file.
[07:31:18] [ info] [citizen-server-i] Started resource qbx_hud
[07:31:18] [ info] [citizen-server-i] Starting resource qbx_idcard
[07:31:18] [ info] [citizen-server-i] Started resource qbx_idcard
[07:31:18] [ info] [citizen-server-i] Starting resource qbx_jewelery
[07:31:18] [ info] [citizen-server-i] Started resource qbx_jewelery
[07:31:18] [ info] [citizen-server-i] Starting resource qbx_lapraces
[07:31:18] [ info] [citizen-server-i] Started resource qbx_lapraces
[07:31:18] [ info] [citizen-server-i] Starting resource qbx_management
[07:31:18] [ info] [citizen-server-i] Started resource qbx_management
[07:31:18] [ info] [citizen-server-i] Starting resource qbx_mechanicjob
[07:31:18] [ info] [citizen-server-i] Started resource qbx_mechanicjob
[07:31:18] [ info] [citizen-server-i] Starting resource qbx_newsjob
[07:31:18] [ info] [citizen-server-i] Started resource qbx_newsjob
[07:31:18] [ info] [citizen-server-i] Starting resource qbx_pawnshop
[07:31:18] [ info] [citizen-server-i] Started resource qbx_pawnshop
[07:31:18] [ info] [citizen-server-i] Starting resource qbx_police
[07:31:18] [ info] [citizen-server-i] Started resource qbx_police
[07:31:18] [ info] [citizen-server-i] Starting resource qbx_properties
[07:31:18] [error] [citizen-server-i] Rsc7 file stream/auto_shop_board.ytd in resource qbx_properties has version 13, expected 5. Skipping cache generation for this file.
[07:31:18] [error] [citizen-server-i] Rsc7 file stream/auto_shop_board_img.ytd in resource qbx_properties has version 13, expected 5. Skipping cache generation for this file.
[07:31:18] [ info] [citizen-server-i] Started resource qbx_properties
[07:31:18] [ info] [citizen-server-i] Starting resource qbx_radialmenu
[07:31:18] [ info] [citizen-server-i] Started resource qbx_radialmenu
[07:31:18] [ info] [citizen-server-i] Starting resource qbx_recyclejob
[07:31:18] [ info] [citizen-server-i] Started resource qbx_recyclejob
[07:31:18] [ info] [citizen-server-i] Starting resource qbx_scoreboard
[07:31:18] [ info] [citizen-server-i] Started resource qbx_scoreboard
[07:31:18] [ info] [citizen-server-i] Starting resource qbx_scrapyard
[07:31:18] [ info] [citizen-server-i] Started resource qbx_scrapyard
[07:31:18] [ info] [citizen-server-i] Starting resource qbx_seatbelt
[07:31:18] [ info] [citizen-server-i] Started resource qbx_seatbelt
[07:31:18] [ info] [citizen-server-i] Starting resource qbx_smallresources
[07:31:18] [ info] [qbx_smallresourc] [qbx_smallresources] [WARN] [qbx_entitiesblacklist] You have entity blacklist enabled, this means that any entity that is blacklisted in config.lua will not be able to spawn, you can change this in qbx_smallresource/qbx_entitiesblacklist/config.lua
[07:31:18] [ info] [citizen-server-i] Started resource qbx_smallresources
[07:31:18] [ info] [citizen-server-i] Starting resource qbx_spawn
[07:31:18] [ info] [citizen-server-i] Started resource qbx_spawn
[07:31:18] [ info] [citizen-server-i] Starting resource qbx_storerobbery
[07:31:18] [ info] [citizen-server-i] Started resource qbx_storerobbery
[07:31:18] [ info] [citizen-server-i] Starting resource qbx_streetraces
[07:31:18] [ info] [citizen-server-i] Started resource qbx_streetraces
[07:31:18] [ info] [citizen-server-i] Starting resource qbx_taxijob
[07:31:18] [ info] [citizen-server-i] Started resource qbx_taxijob
[07:31:18] [ info] [citizen-server-i] Starting resource qbx_towjob
[07:31:18] [ info] [citizen-server-i] Started resource qbx_towjob
[07:31:18] [ info] [citizen-server-i] Starting resource qbx_truckerjob
[07:31:18] [ info] [citizen-server-i] Started resource qbx_truckerjob
[07:31:18] [ info] [citizen-server-i] Starting resource qbx_truckrobbery
[07:31:18] [ info] [citizen-server-i] Started resource qbx_truckrobbery
[07:31:18] [ info] [citizen-server-i] Starting resource qbx_vehiclekeys
[07:31:19] [ info] [citizen-server-i] Started resource qbx_vehiclekeys
[07:31:19] [ info] [citizen-server-i] Starting resource qbx_vehicles
[07:31:19] [ info] [citizen-server-i] Started resource qbx_vehicles
[07:31:19] [ info] [citizen-server-i] Starting resource qbx_vehiclesales
[07:31:19] [ info] [citizen-server-i] Started resource qbx_vehiclesales
[07:31:19] [ info] [citizen-server-i] Starting resource qbx_vehicleshop
[07:31:19] [ info] [citizen-server-i] Started resource qbx_vehicleshop
[07:31:19] [ info] [citizen-server-i] Starting resource qbx_vineyard
[07:31:19] [ info] [citizen-server-i] Started resource qbx_vineyard
[07:31:19] [ info] [citizen-server-i] Starting resource qbx_weed
[07:31:19] [ info] [citizen-server-i] Started resource qbx_weed
[07:31:19] [ info] [citizen-server-i] Starting resource bob74_ipl
[07:31:19] [error] [citizen-server-i] Failed to start resource bob74_ipl. Error: Failed to generate cache for set: resource.rpf
[07:31:19] [ info] [citizen-server-i] Starting resource illenium-appearance
[07:31:19] [ info] [citizen-server-i] Started resource illenium-appearance
[07:31:19] [ info] [citizen-server-i] Starting resource loadscreen
[07:31:19] [ info] [citizen-server-i] Started resource loadscreen
[07:31:19] [ info] [citizen-server-i] Starting resource mana_audio
[07:31:19] [ info] [citizen-server-i] Started resource mana_audio
[07:31:19] [ info] [citizen-server-i] Starting resource mhacking
[07:31:19] [ info] [citizen-server-i] Started resource mhacking
[07:31:19] [ info] [citizen-server-i] Starting resource Renewed-Banking
[07:31:19] [ info] [citizen-server-i] Started resource Renewed-Banking
[07:31:19] [ info] [citizen-server-i] Starting resource Renewed-Weathersync
[07:31:19] [ info] [citizen-server-i] Started resource Renewed-Weathersync
[07:31:19] [ info] [citizen-server-i] Starting resource safecracker
[07:31:19] [ info] [citizen-server-i] Started resource safecracker
[07:31:19] [ info] [citizen-server-i] Starting resource screencapture
[07:31:19] [ info] [citizen-server-i] Started resource screencapture
[07:31:19] [ info] [citizen-server-i] Starting resource scully_emotemenu
[07:31:20] [error] [citizen-server-i] Rsc7 file stream/[Animations]/[Sharror]/fgunpose@sharror.ycd in resource scully_emotemenu has version 80, expected 46. Skipping cache generation for this file.
[07:31:20] [error] [citizen-server-i] Rsc7 file stream/[Animations]/[Sharror]/fmodelpose1@sharror.ycd in resource scully_emotemenu has version 80, expected 46. Skipping cache generation for this file.
[07:31:20] [error] [citizen-server-i] Rsc7 file stream/[Animations]/[Sharror]/fmodelpose2@sharror.ycd in resource scully_emotemenu has version 80, expected 46. Skipping cache generation for this file.
[07:31:20] [error] [citizen-server-i] Rsc7 file stream/[Animations]/[Sharror]/fmodelpose3@sharror.ycd in resource scully_emotemenu has version 80, expected 46. Skipping cache generation for this file.
[07:31:20] [error] [citizen-server-i] Rsc7 file stream/[Animations]/[Sharror]/handinpocket@sharror.ycd in resource scully_emotemenu has version 80, expected 46. Skipping cache generation for this file.
[07:31:20] [error] [citizen-server-i] Rsc7 file stream/[Animations]/[Sharror]/lookdown@sharror.ycd in resource scully_emotemenu has version 80, expected 46. Skipping cache generation for this file.
[07:31:20] [error] [citizen-server-i] Rsc7 file stream/[Animations]/[Sharror]/mmodelpose1@sharror.ycd in resource scully_emotemenu has version 80, expected 46. Skipping cache generation for this file.
[07:31:20] [error] [citizen-server-i] Rsc7 file stream/[Animations]/[Sharror]/perspective1@sharror.ycd in resource scully_emotemenu has version 80, expected 46. Skipping cache generation for this file.
[07:31:20] [error] [citizen-server-i] Rsc7 file stream/[Animations]/[Sharror]/perspective2@sharror.ycd in resource scully_emotemenu has version 80, expected 46. Skipping cache generation for this file.
[07:31:20] [error] [citizen-server-i] Rsc7 file stream/[Animations]/[Sharror]/sitonground1@sharror.ycd in resource scully_emotemenu has version 80, expected 46. Skipping cache generation for this file.
[07:31:20] [error] [citizen-server-i] Rsc7 file stream/[Animations]/[Sharror]/stairpose1@sharror.ycd in resource scully_emotemenu has version 80, expected 46. Skipping cache generation for this file.
[07:31:20] [error] [citizen-server-i] Rsc7 file stream/[Animations]/[Sharror]/stairpose2@sharror.ycd in resource scully_emotemenu has version 80, expected 46. Skipping cache generation for this file.
[07:31:20] [error] [citizen-server-i] Rsc7 file stream/[Props]/[BzZzi]/bzzz_animal_fish002.ydr in resource scully_emotemenu has version 165, expected 159. Skipping cache generation for this file.
[07:31:20] [error] [citizen-server-i] Rsc7 file stream/[Props]/[BzZzi]/bzzz_cigarpack_cig001.ydr in resource scully_emotemenu has version 165, expected 159. Skipping cache generation for this file.
[07:31:20] [error] [citizen-server-i] Rsc7 file stream/[Props]/[BzZzi]/bzzz_cigarpack_cig002.ydr in resource scully_emotemenu has version 165, expected 159. Skipping cache generation for this file.
[07:31:20] [error] [citizen-server-i] Rsc7 file stream/[Props]/[BzZzi]/bzzz_cigarpack_cig003.ydr in resource scully_emotemenu has version 165, expected 159. Skipping cache generation for this file.
[07:31:20] [error] [citizen-server-i] Rsc7 file stream/[Props]/[BzZzi]/bzzz_food_dessert_a.ydr in resource scully_emotemenu has version 165, expected 159. Skipping cache generation for this file.
[07:31:20] [error] [citizen-server-i] Rsc7 file stream/[Props]/[BzZzi]/bzzz_food_xmas_gingerbread_a.ydr in resource scully_emotemenu has version 165, expected 159. Skipping cache generation for this file.
[07:31:20] [error] [citizen-server-i] Rsc7 file stream/[Props]/[BzZzi]/bzzz_food_xmas_lollipop_a.ydr in resource scully_emotemenu has version 165, expected 159. Skipping cache generation for this file.
[07:31:20] [error] [citizen-server-i] Rsc7 file stream/[Props]/[BzZzi]/bzzz_food_xmas_lollipop_b.ydr in resource scully_emotemenu has version 165, expected 159. Skipping cache generation for this file.
[07:31:20] [error] [citizen-server-i] Rsc7 file stream/[Props]/[BzZzi]/bzzz_food_xmas_lollipop_c.ydr in resource scully_emotemenu has version 165, expected 159. Skipping cache generation for this file.
[07:31:20] [error] [citizen-server-i] Rsc7 file stream/[Props]/[BzZzi]/bzzz_food_xmas_lollipop_d.ydr in resource scully_emotemenu has version 165, expected 159. Skipping cache generation for this file.
[07:31:20] [error] [citizen-server-i] Rsc7 file stream/[Props]/[BzZzi]/bzzz_food_xmas_lollipop_e.ydr in resource scully_emotemenu has version 165, expected 159. Skipping cache generation for this file.
[07:31:20] [error] [citizen-server-i] Rsc7 file stream/[Props]/[BzZzi]/bzzz_food_xmas_macaroon_a.ydr in resource scully_emotemenu has version 165, expected 159. Skipping cache generation for this file.
[07:31:20] [error] [citizen-server-i] Rsc7 file stream/[Props]/[BzZzi]/bzzz_food_xmas_mug_a.ydr in resource scully_emotemenu has version 165, expected 159. Skipping cache generation for this file.
[07:31:20] [error] [citizen-server-i] Rsc7 file stream/[Props]/[BzZzi]/bzzz_food_xmas_mug_b.ydr in resource scully_emotemenu has version 165, expected 159. Skipping cache generation for this file.
[07:31:20] [error] [citizen-server-i] Rsc7 file stream/[Props]/[BzZzi]/bzzz_food_xmas_mulled_wine_a.ydr in resource scully_emotemenu has version 165, expected 159. Skipping cache generation for this file.
[07:31:20] [error] [citizen-server-i] Rsc7 file stream/[Props]/[BzZzi]/bzzz_foodpack_croissant001.ydr in resource scully_emotemenu has version 165, expected 159. Skipping cache generation for this file.
[07:31:20] [error] [citizen-server-i] Rsc7 file stream/[Props]/[BzZzi]/bzzz_foodpack_donut001.ydr in resource scully_emotemenu has version 165, expected 159. Skipping cache generation for this file.
[07:31:20] [error] [citizen-server-i] Rsc7 file stream/[Props]/[BzZzi]/bzzz_foodpack_donut002.ydr in resource scully_emotemenu has version 165, expected 159. Skipping cache generation for this file.
[07:31:20] [error] [citizen-server-i] Rsc7 file stream/[Props]/[BzZzi]/bzzz_icecream_cherry.ydr in resource scully_emotemenu has version 165, expected 159. Skipping cache generation for this file.
[07:31:20] [error] [citizen-server-i] Rsc7 file stream/[Props]/[BzZzi]/bzzz_icecream_chocolate.ydr in resource scully_emotemenu has version 165, expected 159. Skipping cache generation for this file.
[07:31:20] [error] [citizen-server-i] Rsc7 file stream/[Props]/[BzZzi]/bzzz_icecream_lemon.ydr in resource scully_emotemenu has version 165, expected 159. Skipping cache generation for this file.
[07:31:20] [error] [citizen-server-i] Rsc7 file stream/[Props]/[BzZzi]/bzzz_icecream_pistachio.ydr in resource scully_emotemenu has version 165, expected 159. Skipping cache generation for this file.
[07:31:20] [error] [citizen-server-i] Rsc7 file stream/[Props]/[BzZzi]/bzzz_icecream_raspberry.ydr in resource scully_emotemenu has version 165, expected 159. Skipping cache generation for this file.
[07:31:20] [error] [citizen-server-i] Rsc7 file stream/[Props]/[BzZzi]/bzzz_icecream_stracciatella.ydr in resource scully_emotemenu has version 165, expected 159. Skipping cache generation for this file.
[07:31:20] [error] [citizen-server-i] Rsc7 file stream/[Props]/[BzZzi]/bzzz_icecream_strawberry.ydr in resource scully_emotemenu has version 165, expected 159. Skipping cache generation for this file.
[07:31:20] [error] [citizen-server-i] Rsc7 file stream/[Props]/[BzZzi]/bzzz_icecream_walnut.ydr in resource scully_emotemenu has version 165, expected 159. Skipping cache generation for this file.
[07:31:20] [error] [citizen-server-i] Rsc7 file stream/[Props]/[BzZzi]/bzzz_murder_axe001.ydr in resource scully_emotemenu has version 165, expected 159. Skipping cache generation for this file.
[07:31:20] [error] [citizen-server-i] Rsc7 file stream/[Props]/[BzZzi]/bzzz_murder_durex001.ydr in resource scully_emotemenu has version 165, expected 159. Skipping cache generation for this file.
[07:31:20] [error] [citizen-server-i] Rsc7 file stream/[Props]/[BzZzi]/bzzz_murder_machete001.ydr in resource scully_emotemenu has version 165, expected 159. Skipping cache generation for this file.
[07:31:20] [error] [citizen-server-i] Rsc7 file stream/[Props]/[BzZzi]/bzzz_pizzahut_box_a.ydr in resource scully_emotemenu has version 165, expected 159. Skipping cache generation for this file.
[07:31:20] [error] [citizen-server-i] Rsc7 file stream/[Props]/[BzZzi]/bzzz_pizzahut_box_a.ytd in resource scully_emotemenu has version 13, expected 5. Skipping cache generation for this file.
[07:31:20] [error] [citizen-server-i] Rsc7 file stream/[Props]/[BzZzi]/bzzz_pizzahut_cup_a.ydr in resource scully_emotemenu has version 165, expected 159. Skipping cache generation for this file.
[07:31:20] [error] [citizen-server-i] Rsc7 file stream/[Props]/[BzZzi]/bzzz_pizzahut_cup_a.ytd in resource scully_emotemenu has version 13, expected 5. Skipping cache generation for this file.
[07:31:20] [error] [citizen-server-i] Rsc7 file stream/[Props]/[BzZzi]/bzzz_pizzahut_menu_a.ydr in resource scully_emotemenu has version 165, expected 159. Skipping cache generation for this file.
[07:31:20] [error] [citizen-server-i] Rsc7 file stream/[Props]/[BzZzi]/bzzz_pizzahut_menu_a.ytd in resource scully_emotemenu has version 13, expected 5. Skipping cache generation for this file.
[07:31:20] [error] [citizen-server-i] Rsc7 file stream/[Props]/[BzZzi]/bzzz_prop_gift_bonbonier.ydr in resource scully_emotemenu has version 165, expected 159. Skipping cache generation for this file.
[07:31:20] [error] [citizen-server-i] Rsc7 file stream/[Props]/[BzZzi]/bzzz_prop_gift_jewel.ydr in resource scully_emotemenu has version 165, expected 159. Skipping cache generation for this file.
[07:31:20] [error] [citizen-server-i] Rsc7 file stream/[Props]/[BzZzi]/bzzz_prop_gift_orange.ydr in resource scully_emotemenu has version 165, expected 159. Skipping cache generation for this file.
[07:31:20] [error] [citizen-server-i] Rsc7 file stream/[Props]/[BzZzi]/bzzz_prop_gift_purple.ydr in resource scully_emotemenu has version 165, expected 159. Skipping cache generation for this file.
[07:31:20] [error] [citizen-server-i] Rsc7 file stream/[Props]/[BzZzi]/bzzz_prop_torch_fire001.ydr in resource scully_emotemenu has version 165, expected 159. Skipping cache generation for this file.
[07:31:20] [error] [citizen-server-i] Rsc7 file stream/[Props]/[EP]/pprp_icefishing_augur.ydr in resource scully_emotemenu has version 165, expected 159. Skipping cache generation for this file.
[07:31:20] [error] [citizen-server-i] Rsc7 file stream/[Props]/[EP]/pprp_icefishing_box_01.ydr in resource scully_emotemenu has version 165, expected 159. Skipping cache generation for this file.
[07:31:20] [error] [citizen-server-i] Rsc7 file stream/[Props]/[EP]/pprp_icefishing_box_02.ydr in resource scully_emotemenu has version 165, expected 159. Skipping cache generation for this file.
[07:31:20] [error] [citizen-server-i] Rsc7 file stream/[Props]/[Natty3d]/natty_lollipop01.ydr in resource scully_emotemenu has version 165, expected 159. Skipping cache generation for this file.
[07:31:20] [error] [citizen-server-i] Rsc7 file stream/[Props]/[Natty3d]/natty_lollipop02.ydr in resource scully_emotemenu has version 165, expected 159. Skipping cache generation for this file.
[07:31:20] [error] [citizen-server-i] Rsc7 file stream/[Props]/[Natty3d]/natty_lollipop03.ydr in resource scully_emotemenu has version 165, expected 159. Skipping cache generation for this file.
[07:31:20] [error] [citizen-server-i] Rsc7 file stream/[Props]/[Natty3d]/natty_lollipop04.ydr in resource scully_emotemenu has version 165, expected 159. Skipping cache generation for this file.
[07:31:20] [error] [citizen-server-i] Rsc7 file stream/[Props]/[Natty3d]/natty_lollipop05.ydr in resource scully_emotemenu has version 165, expected 159. Skipping cache generation for this file.
[07:31:20] [error] [citizen-server-i] Rsc7 file stream/[Props]/[Natty3d]/natty_lollipop_spin01.ydr in resource scully_emotemenu has version 165, expected 159. Skipping cache generation for this file.
[07:31:20] [error] [citizen-server-i] Rsc7 file stream/[Props]/[Natty3d]/natty_lollipop_spin02.ydr in resource scully_emotemenu has version 165, expected 159. Skipping cache generation for this file.
[07:31:20] [error] [citizen-server-i] Rsc7 file stream/[Props]/[Natty3d]/natty_lollipop_spin03.ydr in resource scully_emotemenu has version 165, expected 159. Skipping cache generation for this file.
[07:31:20] [error] [citizen-server-i] Rsc7 file stream/[Props]/[Natty3d]/natty_lollipop_spin04.ydr in resource scully_emotemenu has version 165, expected 159. Skipping cache generation for this file.
[07:31:20] [error] [citizen-server-i] Rsc7 file stream/[Props]/[Natty3d]/natty_lollipop_spin05.ydr in resource scully_emotemenu has version 165, expected 159. Skipping cache generation for this file.
[07:31:20] [error] [citizen-server-i] Rsc7 file stream/[Props]/[Natty3d]/natty_lollipop_spiral01.ydr in resource scully_emotemenu has version 165, expected 159. Skipping cache generation for this file.
[07:31:20] [error] [citizen-server-i] Rsc7 file stream/[Props]/[Natty3d]/natty_lollipop_spiral02.ydr in resource scully_emotemenu has version 165, expected 159. Skipping cache generation for this file.
[07:31:20] [error] [citizen-server-i] Rsc7 file stream/[Props]/[Natty3d]/natty_lollipop_spiral03.ydr in resource scully_emotemenu has version 165, expected 159. Skipping cache generation for this file.
[07:31:20] [error] [citizen-server-i] Rsc7 file stream/[Props]/[Natty3d]/natty_lollipop_spiral04.ydr in resource scully_emotemenu has version 165, expected 159. Skipping cache generation for this file.
[07:31:20] [error] [citizen-server-i] Rsc7 file stream/[Props]/[Natty3d]/natty_lollipop_spiral05.ydr in resource scully_emotemenu has version 165, expected 159. Skipping cache generation for this file.
[07:31:20] [error] [citizen-server-i] Rsc7 file stream/[Props]/[Natty3d]/natty_lollipop_spiral06.ydr in resource scully_emotemenu has version 165, expected 159. Skipping cache generation for this file.
[07:31:20] [error] [citizen-server-i] Rsc7 file stream/[Props]/[Natty3d]/natty_props_lollipops.ytd in resource scully_emotemenu has version 13, expected 5. Skipping cache generation for this file.
[07:31:20] [error] [citizen-server-i] Rsc7 file stream/[Props]/[Rockstar]/p_amb_brolly_01.ydr in resource scully_emotemenu has version 165, expected 159. Skipping cache generation for this file.
[07:31:20] [error] [citizen-server-i] Rsc7 file stream/[Props]/[Rockstar]/p_cs_clipboard.ydr in resource scully_emotemenu has version 165, expected 159. Skipping cache generation for this file.
[07:31:20] [error] [citizen-server-i] Rsc7 file stream/[Props]/[SMGMissy]/lilprideflag1.ydr in resource scully_emotemenu has version 165, expected 159. Skipping cache generation for this file.
[07:31:20] [error] [citizen-server-i] Rsc7 file stream/[Props]/[SMGMissy]/lilprideflag2.ydr in resource scully_emotemenu has version 165, expected 159. Skipping cache generation for this file.
[07:31:20] [error] [citizen-server-i] Rsc7 file stream/[Props]/[SMGMissy]/lilprideflag3.ydr in resource scully_emotemenu has version 165, expected 159. Skipping cache generation for this file.
[07:31:20] [error] [citizen-server-i] Rsc7 file stream/[Props]/[SMGMissy]/lilprideflag4.ydr in resource scully_emotemenu has version 165, expected 159. Skipping cache generation for this file.
[07:31:20] [error] [citizen-server-i] Rsc7 file stream/[Props]/[SMGMissy]/lilprideflag5.ydr in resource scully_emotemenu has version 165, expected 159. Skipping cache generation for this file.
[07:31:20] [error] [citizen-server-i] Rsc7 file stream/[Props]/[SMGMissy]/lilprideflag6.ydr in resource scully_emotemenu has version 165, expected 159. Skipping cache generation for this file.
[07:31:20] [error] [citizen-server-i] Rsc7 file stream/[Props]/[SMGMissy]/lilprideflag7.ydr in resource scully_emotemenu has version 165, expected 159. Skipping cache generation for this file.
[07:31:20] [error] [citizen-server-i] Rsc7 file stream/[Props]/[SMGMissy]/lilprideflag8.ydr in resource scully_emotemenu has version 165, expected 159. Skipping cache generation for this file.
[07:31:20] [error] [citizen-server-i] Rsc7 file stream/[Props]/[SMGMissy]/lilprideflag9.ydr in resource scully_emotemenu has version 165, expected 159. Skipping cache generation for this file.
[07:31:20] [error] [citizen-server-i] Rsc7 file stream/[Props]/[SMGMissy]/pride_sign_01.ydr in resource scully_emotemenu has version 165, expected 159. Skipping cache generation for this file.
[07:31:20] [error] [citizen-server-i] Rsc7 file stream/[Props]/[SMGMissy]/prideflag1.ydr in resource scully_emotemenu has version 165, expected 159. Skipping cache generation for this file.
[07:31:20] [error] [citizen-server-i] Rsc7 file stream/[Props]/[SMGMissy]/prideflag2.ydr in resource scully_emotemenu has version 165, expected 159. Skipping cache generation for this file.
[07:31:20] [error] [citizen-server-i] Rsc7 file stream/[Props]/[SMGMissy]/prideflag3.ydr in resource scully_emotemenu has version 165, expected 159. Skipping cache generation for this file.
[07:31:20] [error] [citizen-server-i] Rsc7 file stream/[Props]/[SMGMissy]/prideflag4.ydr in resource scully_emotemenu has version 165, expected 159. Skipping cache generation for this file.
[07:31:20] [error] [citizen-server-i] Rsc7 file stream/[Props]/[SMGMissy]/prideflag5.ydr in resource scully_emotemenu has version 165, expected 159. Skipping cache generation for this file.
[07:31:20] [error] [citizen-server-i] Rsc7 file stream/[Props]/[SMGMissy]/prideflag6.ydr in resource scully_emotemenu has version 165, expected 159. Skipping cache generation for this file.
[07:31:20] [error] [citizen-server-i] Rsc7 file stream/[Props]/[SMGMissy]/prideflag7.ydr in resource scully_emotemenu has version 165, expected 159. Skipping cache generation for this file.
[07:31:20] [error] [citizen-server-i] Rsc7 file stream/[Props]/[SMGMissy]/prideflag8.ydr in resource scully_emotemenu has version 165, expected 159. Skipping cache generation for this file.
[07:31:20] [error] [citizen-server-i] Rsc7 file stream/[Props]/[SMGMissy]/prideflag9.ydr in resource scully_emotemenu has version 165, expected 159. Skipping cache generation for this file.
[07:31:20] [error] [citizen-server-i] Rsc7 file stream/[Props]/[Sam]/prop_lspd_badge+hidr.ytd in resource scully_emotemenu has version 13, expected 5. Skipping cache generation for this file.
[07:31:20] [error] [citizen-server-i] Rsc7 file stream/[Props]/[Sam]/prop_lspd_badge.ydr in resource scully_emotemenu has version 165, expected 159. Skipping cache generation for this file.
[07:31:20] [error] [citizen-server-i] Rsc7 file stream/[Props]/[Scully]/scully_blm.ydr in resource scully_emotemenu has version 165, expected 159. Skipping cache generation for this file.
[07:31:20] [error] [citizen-server-i] Rsc7 file stream/[Props]/[Scully]/scully_boba.ydr in resource scully_emotemenu has version 165, expected 159. Skipping cache generation for this file.
[07:31:20] [error] [citizen-server-i] Rsc7 file stream/[Props]/[Scully]/scully_boba2.ydr in resource scully_emotemenu has version 165, expected 159. Skipping cache generation for this file.
[07:31:20] [error] [citizen-server-i] Rsc7 file stream/[Props]/[Scully]/scully_boba3.ydr in resource scully_emotemenu has version 165, expected 159. Skipping cache generation for this file.
[07:31:20] [error] [citizen-server-i] Rsc7 file stream/[Props]/[Scully]/scully_pho.ydr in resource scully_emotemenu has version 165, expected 159. Skipping cache generation for this file.
[07:31:20] [error] [citizen-server-i] Rsc7 file stream/[Props]/[Scully]/scully_spoon_pho.ydr in resource scully_emotemenu has version 165, expected 159. Skipping cache generation for this file.
[07:31:20] [error] [citizen-server-i] Rsc7 file stream/[Props]/[Ultrahacx]/ultra_ringcase.ydr in resource scully_emotemenu has version 165, expected 159. Skipping cache generation for this file.
[07:31:20] [ info] [citizen-server-i] Started resource scully_emotemenu
[07:31:20] [ info] [citizen-server-i] Starting resource ultra-voltlab
[07:31:20] [error] [citizen-server-i] Rsc7 file stream/mpisland_voltage.ytd in resource ultra-voltlab has version 13, expected 5. Skipping cache generation for this file.
[07:31:20] [error] [citizen-server-i] Rsc7 file stream/mpisland_voltage_bg.ytd in resource ultra-voltlab has version 13, expected 5. Skipping cache generation for this file.
[07:31:20] [ info] [citizen-server-i] Started resource ultra-voltlab
[07:31:20] [ info] [citizen-server-i] Starting resource vehiclehandler
[07:31:20] [ info] [citizen-server-i] Started resource vehiclehandler
[07:31:20] [ info] [citizen-server-i] Starting resource xt-prison
[07:31:20] [error] [extra-natives-fi] Command jail is already registered.
[07:31:20] [error] [extra-natives-fi] Command unjail is already registered.
[07:31:20] [ info] [citizen-server-i] Started resource xt-prison
[07:31:20] [ info] [citizen-server-i] Starting resource mm_radio
[07:31:20] [ info] [citizen-server-i] Started resource mm_radio
[07:31:20] [ info] [citizen-server-i] Starting resource pillbox
║             TXADMIN║ Restarting server: Server process close detected.

║             TXADMIN║ ================================================================
║             TXADMIN║ ======== [22516] FXServer Starting - 12/9/2026, 7:31:22 am      
║             TXADMIN║ ================================================================
[07:31:23] [ info] [citizen-server-i] Scanning resources
[07:31:23] [ info] [citizen-server-i] Found 93 resources
[07:31:23] [ warn] [citizen-resource] Resource 'pillbox' uses the deprecated 'stream/' folder. Please rename it to 'stream_enhanced/' for future compatibility.
[07:31:23] [ warn] [citizen-resource] Resource 'bob74_ipl' uses the deprecated 'stream/' folder. Please rename it to 'stream_enhanced/' for future compatibility.
[07:31:23] [ warn] [citizen-resource] Resource 'qbx_density' uses the deprecated 'stream/' folder. Please rename it to 'stream_enhanced/' for future compatibility.
[07:31:23] [ warn] [citizen-resource] Resource 'qbx_hud' uses the deprecated 'stream/' folder. Please rename it to 'stream_enhanced/' for future compatibility.
[07:31:23] [ warn] [citizen-resource] Resource 'qbx_customs' uses the deprecated 'stream/' folder. Please rename it to 'stream_enhanced/' for future compatibility.
[07:31:23] [ warn] [citizen-resource] Resource 'qbx_properties' uses the deprecated 'stream/' folder. Please rename it to 'stream_enhanced/' for future compatibility.
[07:31:23] [ warn] [citizen-resource] Resource 'ultra-voltlab' uses the deprecated 'stream/' folder. Please rename it to 'stream_enhanced/' for future compatibility.
[07:31:24] [ warn] [citizen-resource] Resource 'scully_emotemenu' uses the deprecated 'stream/' folder. Please rename it to 'stream_enhanced/' for future compatibility.
[07:31:24] [error] [           fivem] sv_enforceGameBuild is used with an invalid value 3258. Only 1 is supported to remove any game dlcs.
[07:31:24] [ info] [         txadmin] [txAdmin] Resource v9.0.0-beta-646aba9a threads and commands set up. All Ready.
[07:31:24] [ info] [citizen-server-i] Starting resource mapmanager
[07:31:24] [ info] [citizen-server-i] Started resource mapmanager
[07:31:24] [ info] [citizen-server-i] Starting resource spawnmanager
[07:31:24] [ info] [citizen-server-i] Started resource spawnmanager
[07:31:24] [error] [citizen-server-i] Failed to ensure resource sessionmanager. Error: Resource "sessionmanager" not found
[07:31:24] [ info] [citizen-server-i] Stopped resource basic-gamemode
[07:31:24] [error] [citizen-server-i] Failed to ensure resource hardcap. Error: Resource "hardcap" not found
[07:31:24] [ info] [citizen-server-i] Starting resource baseevents
[07:31:24] [ info] [citizen-server-i] Started resource baseevents
[07:31:24] [ info] [citizen-server-i] Starting resource ox_lib
[07:31:24] [ info] [citizen-server-i] Started resource ox_lib
[07:31:24] [ info] [citizen-server-i] Starting resource qbx_core
[07:31:24] [ info] [citizen-server-i] Started resource qbx_core
[07:31:24] [ info] [citizen-server-i] Starting resource ox_target
[07:31:24] [ info] [citizen-server-i] Started resource ox_target
[07:31:24] [ info] [citizen-server-i] Starting resource ox_doorlock
[07:31:24] [ info] [citizen-server-i] Started resource ox_doorlock
[07:31:24] [ info] [citizen-server-i] Starting resource ox_fuel
[07:31:25] [ info] [citizen-server-i] Started resource ox_fuel
[07:31:25] [ info] [citizen-server-i] Starting resource qbx_adminmenu
[07:31:25] [ info] [citizen-server-i] Started resource qbx_adminmenu
[07:31:25] [ info] [citizen-server-i] Starting resource qbx_ambulancejob
[07:31:25] [ info] [citizen-server-i] Started resource qbx_ambulancejob
[07:31:25] [ info] [citizen-server-i] Starting resource qbx_bankrobbery
[07:31:25] [ info] [citizen-server-i] Started resource qbx_bankrobbery
[07:31:25] [ info] [citizen-server-i] Starting resource qbx_binoculars
[07:31:25] [ info] [citizen-server-i] Started resource qbx_binoculars
[07:31:25] [ info] [citizen-server-i] Starting resource qbx_busjob
[07:31:25] [ info] [citizen-server-i] Started resource qbx_busjob
[07:31:25] [ info] [citizen-server-i] Starting resource qbx_carwash
[07:31:25] [ info] [citizen-server-i] Started resource qbx_carwash
[07:31:25] [ info] [citizen-server-i] Starting resource qbx_chat_theme
[07:31:25] [ info] [citizen-server-i] Started resource qbx_chat_theme
[07:31:25] [ info] [citizen-server-i] Starting resource qbx_cityhall
[07:31:25] [ info] [citizen-server-i] Started resource qbx_cityhall
[07:31:25] [ info] [citizen-server-i] Starting resource qbx_customs
[07:31:25] [ info] [citizen-server-i] Started resource qbx_customs
[07:31:25] [ info] [citizen-server-i] Starting resource qbx_density
[07:31:25] [ info] [citizen-server-i] Started resource qbx_density
[07:31:25] [ info] [citizen-server-i] Starting resource qbx_divegear
[07:31:25] [ info] [citizen-server-i] Started resource qbx_divegear
[07:31:25] [ info] [citizen-server-i] Starting resource qbx_diving
[07:31:25] [ info] [citizen-server-i] Started resource qbx_diving
[07:31:25] [ info] [citizen-server-i] Starting resource qbx_drugs
[07:31:25] [ info] [citizen-server-i] Started resource qbx_drugs
[07:31:25] [ info] [citizen-server-i] Starting resource qbx_fireworks
[07:31:25] [ info] [citizen-server-i] Started resource qbx_fireworks
[07:31:25] [ info] [citizen-server-i] Starting resource qbx_garages
[07:31:25] [ info] [citizen-server-i] Started resource qbx_garages
[07:31:25] [ info] [citizen-server-i] Starting resource qbx_garbagejob
[07:31:25] [ info] [citizen-server-i] Started resource qbx_garbagejob
[07:31:25] [ info] [citizen-server-i] Starting resource qbx_houserobbery
[07:31:25] [ info] [citizen-server-i] Started resource qbx_houserobbery
[07:31:25] [ info] [citizen-server-i] Starting resource qbx_hud
[07:31:25] [ info] [citizen-server-i] Started resource qbx_hud
[07:31:25] [ info] [citizen-server-i] Starting resource qbx_idcard
[07:31:25] [ info] [citizen-server-i] Started resource qbx_idcard
[07:31:25] [ info] [citizen-server-i] Starting resource qbx_jewelery
[07:31:25] [ info] [citizen-server-i] Started resource qbx_jewelery
[07:31:25] [ info] [citizen-server-i] Starting resource qbx_lapraces
[07:31:25] [ info] [citizen-server-i] Started resource qbx_lapraces
[07:31:25] [ info] [citizen-server-i] Starting resource qbx_management
[07:31:25] [ info] [citizen-server-i] Started resource qbx_management
[07:31:25] [ info] [citizen-server-i] Starting resource qbx_mechanicjob
[07:31:25] [ info] [citizen-server-i] Started resource qbx_mechanicjob
[07:31:25] [ info] [citizen-server-i] Starting resource qbx_newsjob
[07:31:25] [ info] [citizen-server-i] Started resource qbx_newsjob
[07:31:25] [ info] [citizen-server-i] Starting resource qbx_pawnshop
[07:31:25] [ info] [citizen-server-i] Started resource qbx_pawnshop
[07:31:25] [ info] [citizen-server-i] Starting resource qbx_police
[07:31:25] [ info] [citizen-server-i] Started resource qbx_police
[07:31:25] [ info] [citizen-server-i] Starting resource qbx_properties
[07:31:25] [ info] [citizen-server-i] Started resource qbx_properties
[07:31:25] [ info] [citizen-server-i] Starting resource qbx_radialmenu
[07:31:25] [ info] [citizen-server-i] Started resource qbx_radialmenu
[07:31:25] [ info] [citizen-server-i] Starting resource qbx_recyclejob
[07:31:25] [ info] [citizen-server-i] Started resource qbx_recyclejob
[07:31:25] [ info] [citizen-server-i] Starting resource qbx_scoreboard
[07:31:25] [ info] [citizen-server-i] Started resource qbx_scoreboard
[07:31:25] [ info] [citizen-server-i] Starting resource qbx_scrapyard
[07:31:25] [ info] [citizen-server-i] Started resource qbx_scrapyard
[07:31:25] [ info] [citizen-server-i] Starting resource qbx_seatbelt
[07:31:25] [ info] [citizen-server-i] Started resource qbx_seatbelt
[07:31:25] [ info] [citizen-server-i] Starting resource qbx_smallresources
[07:31:25] [ info] [qbx_smallresourc] [qbx_smallresources] [WARN] [qbx_entitiesblacklist] You have entity blacklist enabled, this means that any entity that is blacklisted in config.lua will not be able to spawn, you can change this in qbx_smallresource/qbx_entitiesblacklist/config.lua
[07:31:25] [ info] [citizen-server-i] Started resource qbx_smallresources
[07:31:25] [ info] [citizen-server-i] Starting resource qbx_spawn
[07:31:25] [ info] [citizen-server-i] Started resource qbx_spawn
[07:31:25] [ info] [citizen-server-i] Starting resource qbx_storerobbery
[07:31:25] [ info] [citizen-server-i] Started resource qbx_storerobbery
[07:31:25] [ info] [citizen-server-i] Starting resource qbx_streetraces
[07:31:25] [ info] [citizen-server-i] Started resource qbx_streetraces
[07:31:25] [ info] [citizen-server-i] Starting resource qbx_taxijob
[07:31:25] [ info] [citizen-server-i] Started resource qbx_taxijob
[07:31:25] [ info] [citizen-server-i] Starting resource qbx_towjob
[07:31:25] [ info] [citizen-server-i] Started resource qbx_towjob
[07:31:25] [ info] [citizen-server-i] Starting resource qbx_truckerjob
[07:31:25] [ info] [citizen-server-i] Started resource qbx_truckerjob
[07:31:25] [ info] [citizen-server-i] Starting resource qbx_truckrobbery
[07:31:25] [ info] [citizen-server-i] Started resource qbx_truckrobbery
[07:31:25] [ info] [citizen-server-i] Starting resource qbx_vehiclekeys
[07:31:25] [ info] [citizen-server-i] Started resource qbx_vehiclekeys
[07:31:25] [ info] [citizen-server-i] Starting resource qbx_vehicles
[07:31:25] [ info] [citizen-server-i] Started resource qbx_vehicles
[07:31:25] [ info] [citizen-server-i] Starting resource qbx_vehiclesales
[07:31:25] [ info] [citizen-server-i] Started resource qbx_vehiclesales
[07:31:25] [ info] [citizen-server-i] Starting resource qbx_vehicleshop
[07:31:25] [ info] [citizen-server-i] Started resource qbx_vehicleshop
[07:31:25] [ info] [citizen-server-i] Starting resource qbx_vineyard
[07:31:25] [ info] [citizen-server-i] Started resource qbx_vineyard
[07:31:25] [ info] [citizen-server-i] Starting resource qbx_weed
[07:31:25] [ info] [citizen-server-i] Started resource qbx_weed
[07:31:25] [ info] [citizen-server-i] Starting resource bob74_ipl
[07:31:25] [error] [citizen-server-i] Failed to start resource bob74_ipl. Error: Failed to generate cache for set: resource.rpf
[07:31:25] [ info] [citizen-server-i] Starting resource illenium-appearance
[07:31:25] [ info] [citizen-server-i] Started resource illenium-appearance
[07:31:25] [ info] [citizen-server-i] Starting resource loadscreen
[07:31:25] [ info] [citizen-server-i] Started resource loadscreen
[07:31:25] [ info] [citizen-server-i] Starting resource mana_audio
[07:31:25] [ info] [citizen-server-i] Started resource mana_audio
[07:31:25] [ info] [citizen-server-i] Starting resource mhacking
[07:31:25] [ info] [citizen-server-i] Started resource mhacking
[07:31:25] [ info] [citizen-server-i] Starting resource Renewed-Banking
[07:31:25] [ info] [citizen-server-i] Started resource Renewed-Banking
[07:31:25] [ info] [citizen-server-i] Starting resource Renewed-Weathersync
[07:31:25] [ info] [citizen-server-i] Started resource Renewed-Weathersync
[07:31:25] [ info] [citizen-server-i] Starting resource safecracker
[07:31:25] [ info] [citizen-server-i] Started resource safecracker
[07:31:25] [ info] [citizen-server-i] Starting resource screencapture
[07:31:25] [ info] [citizen-server-i] Started resource screencapture
[07:31:25] [ info] [citizen-server-i] Starting resource scully_emotemenu
[07:31:25] [ info] [citizen-server-i] Started resource scully_emotemenu
[07:31:25] [ info] [citizen-server-i] Starting resource ultra-voltlab
[07:31:25] [ info] [citizen-server-i] Started resource ultra-voltlab
[07:31:25] [ info] [citizen-server-i] Starting resource vehiclehandler
[07:31:26] [ info] [citizen-server-i] Started resource vehiclehandler
[07:31:26] [ info] [citizen-server-i] Starting resource xt-prison
[07:31:26] [error] [extra-natives-fi] Command jail is already registered.
[07:31:26] [error] [extra-natives-fi] Command unjail is already registered.
[07:31:26] [ info] [citizen-server-i] Started resource xt-prison
[07:31:26] [ info] [citizen-server-i] Starting resource mm_radio
[07:31:26] [ info] [citizen-server-i] Started resource mm_radio
[07:31:26] [ info] [citizen-server-i] Starting resource pillbox
[07:31:26] [fatal] [           fivem] The application has crashed!
║             TXADMIN║ Restarting server: Server process close detected.

║             TXADMIN║ ================================================================
║             TXADMIN║ ======== [15700] FXServer Starting - 12/9/2026, 7:31:27 am      
║             TXADMIN║ ================================================================
[07:31:29] [ info] [citizen-server-i] Scanning resources
[07:31:29] [ info] [citizen-server-i] Found 93 resources
[07:31:29] [ warn] [citizen-resource] Resource 'pillbox' uses the deprecated 'stream/' folder. Please rename it to 'stream_enhanced/' for future compatibility.
[07:31:29] [ warn] [citizen-resource] Resource 'bob74_ipl' uses the deprecated 'stream/' folder. Please rename it to 'stream_enhanced/' for future compatibility.
[07:31:29] [ warn] [citizen-resource] Resource 'qbx_density' uses the deprecated 'stream/' folder. Please rename it to 'stream_enhanced/' for future compatibility.
[07:31:29] [ warn] [citizen-resource] Resource 'qbx_customs' uses the deprecated 'stream/' folder. Please rename it to 'stream_enhanced/' for future compatibility.
[07:31:29] [ warn] [citizen-resource] Resource 'qbx_hud' uses the deprecated 'stream/' folder. Please rename it to 'stream_enhanced/' for future compatibility.
[07:31:29] [ warn] [citizen-resource] Resource 'qbx_properties' uses the deprecated 'stream/' folder. Please rename it to 'stream_enhanced/' for future compatibility.
[07:31:29] [ warn] [citizen-resource] Resource 'ultra-voltlab' uses the deprecated 'stream/' folder. Please rename it to 'stream_enhanced/' for future compatibility.
[07:31:29] [ warn] [citizen-resource] Resource 'scully_emotemenu' uses the deprecated 'stream/' folder. Please rename it to 'stream_enhanced/' for future compatibility.
[07:31:29] [error] [           fivem] sv_enforceGameBuild is used with an invalid value 3258. Only 1 is supported to remove any game dlcs.
[07:31:29] [ info] [         txadmin] [txAdmin] Resource v9.0.0-beta-646aba9a threads and commands set up. All Ready.
[07:31:29] [ info] [citizen-server-i] Starting resource mapmanager
[07:31:29] [ info] [citizen-server-i] Started resource mapmanager
[07:31:29] [ info] [citizen-server-i] Starting resource spawnmanager
[07:31:29] [ info] [citizen-server-i] Started resource spawnmanager
[07:31:29] [error] [citizen-server-i] Failed to ensure resource sessionmanager. Error: Resource "sessionmanager" not found
[07:31:29] [ info] [citizen-server-i] Stopped resource basic-gamemode
[07:31:29] [error] [citizen-server-i] Failed to ensure resource hardcap. Error: Resource "hardcap" not found
[07:31:29] [ info] [citizen-server-i] Starting resource baseevents
[07:31:29] [ info] [citizen-server-i] Started resource baseevents
[07:31:29] [ info] [citizen-server-i] Starting resource ox_lib
[07:31:29] [ info] [citizen-server-i] Started resource ox_lib
[07:31:29] [ info] [citizen-server-i] Starting resource qbx_core
[07:31:30] [ info] [citizen-server-i] Started resource qbx_core
[07:31:30] [ info] [citizen-server-i] Starting resource ox_target
[07:31:30] [ info] [citizen-server-i] Started resource ox_target
[07:31:30] [ info] [citizen-server-i] Starting resource ox_doorlock
[07:31:30] [ info] [citizen-server-i] Started resource ox_doorlock
[07:31:30] [ info] [citizen-server-i] Starting resource ox_fuel
[07:31:30] [ info] [citizen-server-i] Started resource ox_fuel
[07:31:30] [ info] [citizen-server-i] Starting resource qbx_adminmenu
[07:31:30] [ info] [citizen-server-i] Started resource qbx_adminmenu
[07:31:30] [ info] [citizen-server-i] Starting resource qbx_ambulancejob
[07:31:30] [ info] [citizen-server-i] Started resource qbx_ambulancejob
[07:31:30] [ info] [citizen-server-i] Starting resource qbx_bankrobbery
[07:31:30] [ info] [citizen-server-i] Started resource qbx_bankrobbery
[07:31:30] [ info] [citizen-server-i] Starting resource qbx_binoculars
[07:31:30] [ info] [citizen-server-i] Started resource qbx_binoculars
[07:31:30] [ info] [citizen-server-i] Starting resource qbx_busjob
[07:31:30] [ info] [citizen-server-i] Started resource qbx_busjob
[07:31:30] [ info] [citizen-server-i] Starting resource qbx_carwash
[07:31:30] [ info] [citizen-server-i] Started resource qbx_carwash
[07:31:30] [ info] [citizen-server-i] Starting resource qbx_chat_theme
[07:31:30] [ info] [citizen-server-i] Started resource qbx_chat_theme
[07:31:30] [ info] [citizen-server-i] Starting resource qbx_cityhall
[07:31:30] [ info] [citizen-server-i] Started resource qbx_cityhall
[07:31:30] [ info] [citizen-server-i] Starting resource qbx_customs
[07:31:30] [ info] [citizen-server-i] Started resource qbx_customs
[07:31:30] [ info] [citizen-server-i] Starting resource qbx_density
[07:31:30] [ info] [citizen-server-i] Started resource qbx_density
[07:31:30] [ info] [citizen-server-i] Starting resource qbx_divegear
[07:31:30] [ info] [citizen-server-i] Started resource qbx_divegear
[07:31:30] [ info] [citizen-server-i] Starting resource qbx_diving
[07:31:30] [ info] [citizen-server-i] Started resource qbx_diving
[07:31:30] [ info] [citizen-server-i] Starting resource qbx_drugs
[07:31:30] [ info] [citizen-server-i] Started resource qbx_drugs
[07:31:30] [ info] [citizen-server-i] Starting resource qbx_fireworks
[07:31:30] [ info] [citizen-server-i] Started resource qbx_fireworks
[07:31:30] [ info] [citizen-server-i] Starting resource qbx_garages
[07:31:30] [ info] [citizen-server-i] Started resource qbx_garages
[07:31:30] [ info] [citizen-server-i] Starting resource qbx_garbagejob
[07:31:30] [ info] [citizen-server-i] Started resource qbx_garbagejob
[07:31:30] [ info] [citizen-server-i] Starting resource qbx_houserobbery
[07:31:30] [ info] [citizen-server-i] Started resource qbx_houserobbery
[07:31:30] [ info] [citizen-server-i] Starting resource qbx_hud
[07:31:30] [ info] [citizen-server-i] Started resource qbx_hud
[07:31:30] [ info] [citizen-server-i] Starting resource qbx_idcard
[07:31:30] [ info] [citizen-server-i] Started resource qbx_idcard
[07:31:30] [ info] [citizen-server-i] Starting resource qbx_jewelery
[07:31:30] [ info] [citizen-server-i] Started resource qbx_jewelery
[07:31:30] [ info] [citizen-server-i] Starting resource qbx_lapraces
[07:31:30] [ info] [citizen-server-i] Started resource qbx_lapraces
[07:31:30] [ info] [citizen-server-i] Starting resource qbx_management
[07:31:30] [ info] [citizen-server-i] Started resource qbx_management
[07:31:30] [ info] [citizen-server-i] Starting resource qbx_mechanicjob
[07:31:30] [ info] [citizen-server-i] Started resource qbx_mechanicjob
[07:31:30] [ info] [citizen-server-i] Starting resource qbx_newsjob
[07:31:30] [ info] [citizen-server-i] Started resource qbx_newsjob
[07:31:30] [ info] [citizen-server-i] Starting resource qbx_pawnshop
[07:31:30] [ info] [citizen-server-i] Started resource qbx_pawnshop
[07:31:30] [ info] [citizen-server-i] Starting resource qbx_police
[07:31:30] [ info] [citizen-server-i] Started resource qbx_police
[07:31:30] [ info] [citizen-server-i] Starting resource qbx_properties
[07:31:30] [ info] [citizen-server-i] Started resource qbx_properties
[07:31:30] [ info] [citizen-server-i] Starting resource qbx_radialmenu
[07:31:30] [ info] [citizen-server-i] Started resource qbx_radialmenu
[07:31:30] [ info] [citizen-server-i] Starting resource qbx_recyclejob
[07:31:30] [ info] [citizen-server-i] Started resource qbx_recyclejob
[07:31:30] [ info] [citizen-server-i] Starting resource qbx_scoreboard
[07:31:30] [ info] [citizen-server-i] Started resource qbx_scoreboard
[07:31:30] [ info] [citizen-server-i] Starting resource qbx_scrapyard
[07:31:30] [ info] [citizen-server-i] Started resource qbx_scrapyard
[07:31:30] [ info] [citizen-server-i] Starting resource qbx_seatbelt
[07:31:30] [ info] [citizen-server-i] Started resource qbx_seatbelt
[07:31:30] [ info] [citizen-server-i] Starting resource qbx_smallresources
[07:31:30] [ info] [qbx_smallresourc] [qbx_smallresources] [WARN] [qbx_entitiesblacklist] You have entity blacklist enabled, this means that any entity that is blacklisted in config.lua will not be able to spawn, you can change this in qbx_smallresource/qbx_entitiesblacklist/config.lua
[07:31:30] [ info] [citizen-server-i] Started resource qbx_smallresources
[07:31:30] [ info] [citizen-server-i] Starting resource qbx_spawn
[07:31:30] [ info] [citizen-server-i] Started resource qbx_spawn
[07:31:30] [ info] [citizen-server-i] Starting resource qbx_storerobbery
[07:31:30] [ info] [citizen-server-i] Started resource qbx_storerobbery
[07:31:30] [ info] [citizen-server-i] Starting resource qbx_streetraces
[07:31:30] [ info] [citizen-server-i] Started resource qbx_streetraces
[07:31:30] [ info] [citizen-server-i] Starting resource qbx_taxijob
[07:31:30] [ info] [citizen-server-i] Started resource qbx_taxijob
[07:31:30] [ info] [citizen-server-i] Starting resource qbx_towjob
[07:31:30] [ info] [citizen-server-i] Started resource qbx_towjob
[07:31:30] [ info] [citizen-server-i] Starting resource qbx_truckerjob
[07:31:30] [ info] [citizen-server-i] Started resource qbx_truckerjob
[07:31:30] [ info] [citizen-server-i] Starting resource qbx_truckrobbery
[07:31:30] [ info] [citizen-server-i] Started resource qbx_truckrobbery
[07:31:30] [ info] [citizen-server-i] Starting resource qbx_vehiclekeys
[07:31:30] [ info] [citizen-server-i] Started resource qbx_vehiclekeys
[07:31:30] [ info] [citizen-server-i] Starting resource qbx_vehicles
[07:31:30] [ info] [citizen-server-i] Started resource qbx_vehicles
[07:31:30] [ info] [citizen-server-i] Starting resource qbx_vehiclesales
[07:31:30] [ info] [citizen-server-i] Started resource qbx_vehiclesales
[07:31:30] [ info] [citizen-server-i] Starting resource qbx_vehicleshop
[07:31:30] [ info] [citizen-server-i] Started resource qbx_vehicleshop
[07:31:30] [ info] [citizen-server-i] Starting resource qbx_vineyard
[07:31:30] [ info] [citizen-server-i] Started resource qbx_vineyard
[07:31:30] [ info] [citizen-server-i] Starting resource qbx_weed
[07:31:30] [ info] [citizen-server-i] Started resource qbx_weed
[07:31:30] [ info] [citizen-server-i] Starting resource bob74_ipl
[07:31:30] [error] [citizen-server-i] Failed to start resource bob74_ipl. Error: Failed to generate cache for set: resource.rpf
[07:31:30] [ info] [citizen-server-i] Starting resource illenium-appearance
[07:31:30] [ info] [citizen-server-i] Started resource illenium-appearance
[07:31:30] [ info] [citizen-server-i] Starting resource loadscreen
[07:31:30] [ info] [citizen-server-i] Started resource loadscreen
[07:31:30] [ info] [citizen-server-i] Starting resource mana_audio
[07:31:30] [ info] [citizen-server-i] Started resource mana_audio
[07:31:30] [ info] [citizen-server-i] Starting resource mhacking
[07:31:30] [ info] [citizen-server-i] Started resource mhacking
[07:31:30] [ info] [citizen-server-i] Starting resource Renewed-Banking
[07:31:30] [ info] [citizen-server-i] Started resource Renewed-Banking
[07:31:30] [ info] [citizen-server-i] Starting resource Renewed-Weathersync
[07:31:30] [ info] [citizen-server-i] Started resource Renewed-Weathersync
[07:31:30] [ info] [citizen-server-i] Starting resource safecracker
[07:31:30] [ info] [citizen-server-i] Started resource safecracker
[07:31:30] [ info] [citizen-server-i] Starting resource screencapture
[07:31:30] [ info] [citizen-server-i] Started resource screencapture
[07:31:30] [ info] [citizen-server-i] Starting resource scully_emotemenu
[07:31:31] [ info] [citizen-server-i] Started resource scully_emotemenu
[07:31:31] [ info] [citizen-server-i] Starting resource ultra-voltlab
[07:31:31] [ info] [citizen-server-i] Started resource ultra-voltlab
[07:31:31] [ info] [citizen-server-i] Starting resource vehiclehandler
[07:31:31] [ info] [citizen-server-i] Started resource vehiclehandler
[07:31:31] [ info] [citizen-server-i] Starting resource xt-prison
[07:31:31] [error] [extra-natives-fi] Command jail is already registered.
[07:31:31] [error] [extra-natives-fi] Command unjail is already registered.
[07:31:31] [ info] [citizen-server-i] Started resource xt-prison
[07:31:31] [ info] [citizen-server-i] Starting resource mm_radio
[07:31:31] [ info] [citizen-server-i] Started resource mm_radio
[07:31:31] [ info] [citizen-server-i] Starting resource pillbox
[07:31:31] [fatal] [           fivem] The application has crashed!
║             TXADMIN║ Restarting server: Server process close detected.

║             TXADMIN║ ================================================================
║             TXADMIN║ ======== [408] FXServer Starting - 12/9/2026, 7:31:32 am        
║             TXADMIN║ ================================================================
║             TXADMIN║ txaEvent "serverShuttingDown" "{\"delay\":5000,\"author\":\"NotAGirl\",\"message\":\"Server shutting down (admin request).\"}"
[07:31:34] [ info] [citizen-server-i] Scanning resources
[07:31:34] [ info] [citizen-server-i] Found 93 resources
[07:31:34] [ warn] [citizen-resource] Resource 'pillbox' uses the deprecated 'stream/' folder. Please rename it to 'stream_enhanced/' for future compatibility.
[07:31:34] [ warn] [citizen-resource] Resource 'bob74_ipl' uses the deprecated 'stream/' folder. Please rename it to 'stream_enhanced/' for future compatibility.
[07:31:34] [ warn] [citizen-resource] Resource 'qbx_density' uses the deprecated 'stream/' folder. Please rename it to 'stream_enhanced/' for future compatibility.
[07:31:34] [ warn] [citizen-resource] Resource 'qbx_hud' uses the deprecated 'stream/' folder. Please rename it to 'stream_enhanced/' for future compatibility.
[07:31:34] [ warn] [citizen-resource] Resource 'qbx_customs' uses the deprecated 'stream/' folder. Please rename it to 'stream_enhanced/' for future compatibility.
[07:31:34] [ warn] [citizen-resource] Resource 'qbx_properties' uses the deprecated 'stream/' folder. Please rename it to 'stream_enhanced/' for future compatibility.
[07:31:34] [ warn] [citizen-resource] Resource 'ultra-voltlab' uses the deprecated 'stream/' folder. Please rename it to 'stream_enhanced/' for future compatibility.
[07:31:34] [ warn] [citizen-resource] Resource 'scully_emotemenu' uses the deprecated 'stream/' folder. Please rename it to 'stream_enhanced/' for future compatibility.
[07:31:34] [error] [           fivem] sv_enforceGameBuild is used with an invalid value 3258. Only 1 is supported to remove any game dlcs.
[07:31:34] [ info] [         txadmin] [txAdmin] Resource v9.0.0-beta-646aba9a threads and commands set up. All Ready.
[07:31:34] [ info] [citizen-server-i] Starting resource mapmanager
[07:31:34] [ info] [citizen-server-i] Started resource mapmanager
[07:31:34] [ info] [citizen-server-i] Starting resource spawnmanager
[07:31:34] [ info] [citizen-server-i] Started resource spawnmanager
[07:31:34] [error] [citizen-server-i] Failed to ensure resource sessionmanager. Error: Resource "sessionmanager" not found
[07:31:34] [ info] [citizen-server-i] Stopped resource basic-gamemode
[07:31:34] [error] [citizen-server-i] Failed to ensure resource hardcap. Error: Resource "hardcap" not found
[07:31:34] [ info] [citizen-server-i] Starting resource baseevents
[07:31:34] [ info] [citizen-server-i] Started resource baseevents
[07:31:34] [ info] [citizen-server-i] Starting resource ox_lib
[07:31:34] [ info] [citizen-server-i] Started resource ox_lib
[07:31:34] [ info] [citizen-server-i] Starting resource qbx_core
[07:31:35] [ info] [citizen-server-i] Started resource qbx_core
[07:31:35] [ info] [citizen-server-i] Starting resource ox_target
[07:31:35] [ info] [citizen-server-i] Started resource ox_target
[07:31:35] [ info] [citizen-server-i] Starting resource ox_doorlock
[07:31:35] [ info] [citizen-server-i] Started resource ox_doorlock
[07:31:35] [ info] [citizen-server-i] Starting resource ox_fuel
[07:31:35] [ info] [citizen-server-i] Started resource ox_fuel
[07:31:35] [ info] [citizen-server-i] Starting resource qbx_adminmenu
[07:31:35] [ info] [citizen-server-i] Started resource qbx_adminmenu
[07:31:35] [ info] [citizen-server-i] Starting resource qbx_ambulancejob
[07:31:35] [ info] [citizen-server-i] Started resource qbx_ambulancejob
[07:31:35] [ info] [citizen-server-i] Starting resource qbx_bankrobbery
[07:31:35] [ info] [citizen-server-i] Started resource qbx_bankrobbery
[07:31:35] [ info] [citizen-server-i] Starting resource qbx_binoculars
[07:31:35] [ info] [citizen-server-i] Started resource qbx_binoculars
[07:31:35] [ info] [citizen-server-i] Starting resource qbx_busjob
[07:31:35] [ info] [citizen-server-i] Started resource qbx_busjob
[07:31:35] [ info] [citizen-server-i] Starting resource qbx_carwash
[07:31:35] [ info] [citizen-server-i] Started resource qbx_carwash
[07:31:35] [ info] [citizen-server-i] Starting resource qbx_chat_theme
[07:31:35] [ info] [citizen-server-i] Started resource qbx_chat_theme
[07:31:35] [ info] [citizen-server-i] Starting resource qbx_cityhall
[07:31:35] [ info] [citizen-server-i] Started resource qbx_cityhall
[07:31:35] [ info] [citizen-server-i] Starting resource qbx_customs
[07:31:35] [ info] [citizen-server-i] Started resource qbx_customs
[07:31:35] [ info] [citizen-server-i] Starting resource qbx_density
[07:31:35] [ info] [citizen-server-i] Started resource qbx_density
[07:31:35] [ info] [citizen-server-i] Starting resource qbx_divegear
[07:31:35] [ info] [citizen-server-i] Started resource qbx_divegear
[07:31:35] [ info] [citizen-server-i] Starting resource qbx_diving
[07:31:35] [ info] [citizen-server-i] Started resource qbx_diving
[07:31:35] [ info] [citizen-server-i] Starting resource qbx_drugs
[07:31:35] [ info] [citizen-server-i] Started resource qbx_drugs
[07:31:35] [ info] [citizen-server-i] Starting resource qbx_fireworks
[07:31:35] [ info] [citizen-server-i] Started resource qbx_fireworks
[07:31:35] [ info] [citizen-server-i] Starting resource qbx_garages
[07:31:35] [ info] [citizen-server-i] Started resource qbx_garages
[07:31:35] [ info] [citizen-server-i] Starting resource qbx_garbagejob
[07:31:35] [ info] [citizen-server-i] Started resource qbx_garbagejob
[07:31:35] [ info] [citizen-server-i] Starting resource qbx_houserobbery
[07:31:35] [ info] [citizen-server-i] Started resource qbx_houserobbery
[07:31:35] [ info] [citizen-server-i] Starting resource qbx_hud
[07:31:35] [ info] [citizen-server-i] Started resource qbx_hud
[07:31:35] [ info] [citizen-server-i] Starting resource qbx_idcard
[07:31:35] [ info] [citizen-server-i] Started resource qbx_idcard
[07:31:35] [ info] [citizen-server-i] Starting resource qbx_jewelery
[07:31:35] [ info] [citizen-server-i] Started resource qbx_jewelery
[07:31:35] [ info] [citizen-server-i] Starting resource qbx_lapraces
[07:31:35] [ info] [citizen-server-i] Started resource qbx_lapraces
[07:31:35] [ info] [citizen-server-i] Starting resource qbx_management
[07:31:35] [ info] [citizen-server-i] Started resource qbx_management
[07:31:35] [ info] [citizen-server-i] Starting resource qbx_mechanicjob
[07:31:35] [ info] [citizen-server-i] Started resource qbx_mechanicjob
[07:31:35] [ info] [citizen-server-i] Starting resource qbx_newsjob
[07:31:35] [ info] [citizen-server-i] Started resource qbx_newsjob
[07:31:35] [ info] [citizen-server-i] Starting resource qbx_pawnshop
[07:31:35] [ info] [citizen-server-i] Started resource qbx_pawnshop
[07:31:35] [ info] [citizen-server-i] Starting resource qbx_police
[07:31:35] [ info] [citizen-server-i] Started resource qbx_police
[07:31:35] [ info] [citizen-server-i] Starting resource qbx_properties
[07:31:35] [ info] [citizen-server-i] Started resource qbx_properties
[07:31:35] [ info] [citizen-server-i] Starting resource qbx_radialmenu
[07:31:35] [ info] [citizen-server-i] Started resource qbx_radialmenu
[07:31:35] [ info] [citizen-server-i] Starting resource qbx_recyclejob
[07:31:35] [ info] [citizen-server-i] Started resource qbx_recyclejob
[07:31:35] [ info] [citizen-server-i] Starting resource qbx_scoreboard
[07:31:35] [ info] [citizen-server-i] Started resource qbx_scoreboard
[07:31:35] [ info] [citizen-server-i] Starting resource qbx_scrapyard
[07:31:35] [ info] [citizen-server-i] Started resource qbx_scrapyard
[07:31:35] [ info] [citizen-server-i] Starting resource qbx_seatbelt
[07:31:35] [ info] [citizen-server-i] Started resource qbx_seatbelt
[07:31:35] [ info] [citizen-server-i] Starting resource qbx_smallresources
[07:31:35] [ info] [qbx_smallresourc] [qbx_smallresources] [WARN] [qbx_entitiesblacklist] You have entity blacklist enabled, this means that any entity that is blacklisted in config.lua will not be able to spawn, you can change this in qbx_smallresource/qbx_entitiesblacklist/config.lua
[07:31:35] [ info] [citizen-server-i] Started resource qbx_smallresources
[07:31:35] [ info] [citizen-server-i] Starting resource qbx_spawn
[07:31:35] [ info] [citizen-server-i] Started resource qbx_spawn
[07:31:35] [ info] [citizen-server-i] Starting resource qbx_storerobbery
[07:31:35] [ info] [citizen-server-i] Started resource qbx_storerobbery
[07:31:35] [ info] [citizen-server-i] Starting resource qbx_streetraces
[07:31:35] [ info] [citizen-server-i] Started resource qbx_streetraces
[07:31:35] [ info] [citizen-server-i] Starting resource qbx_taxijob
[07:31:35] [ info] [citizen-server-i] Started resource qbx_taxijob
[07:31:35] [ info] [citizen-server-i] Starting resource qbx_towjob
[07:31:35] [ info] [citizen-server-i] Started resource qbx_towjob
[07:31:35] [ info] [citizen-server-i] Starting resource qbx_truckerjob
[07:31:35] [ info] [citizen-server-i] Started resource qbx_truckerjob
[07:31:35] [ info] [citizen-server-i] Starting resource qbx_truckrobbery
[07:31:35] [ info] [citizen-server-i] Started resource qbx_truckrobbery
[07:31:35] [ info] [citizen-server-i] Starting resource qbx_vehiclekeys
[07:31:35] [ info] [citizen-server-i] Started resource qbx_vehiclekeys
[07:31:35] [ info] [citizen-server-i] Starting resource qbx_vehicles
[07:31:35] [ info] [citizen-server-i] Started resource qbx_vehicles
[07:31:35] [ info] [citizen-server-i] Starting resource qbx_vehiclesales
[07:31:35] [ info] [citizen-server-i] Started resource qbx_vehiclesales
[07:31:35] [ info] [citizen-server-i] Starting resource qbx_vehicleshop
[07:31:35] [ info] [citizen-server-i] Started resource qbx_vehicleshop
[07:31:35] [ info] [citizen-server-i] Starting resource qbx_vineyard
[07:31:35] [ info] [citizen-server-i] Started resource qbx_vineyard
[07:31:35] [ info] [citizen-server-i] Starting resource qbx_weed
[07:31:35] [ info] [citizen-server-i] Started resource qbx_weed
[07:31:35] [ info] [citizen-server-i] Starting resource bob74_ipl
[07:31:35] [error] [citizen-server-i] Failed to start resource bob74_ipl. Error: Failed to generate cache for set: resource.rpf
[07:31:35] [ info] [citizen-server-i] Starting resource illenium-appearance
[07:31:35] [ info] [citizen-server-i] Started resource illenium-appearance
[07:31:35] [ info] [citizen-server-i] Starting resource loadscreen
[07:31:35] [ info] [citizen-server-i] Started resource loadscreen
[07:31:35] [ info] [citizen-server-i] Starting resource mana_audio
[07:31:35] [ info] [citizen-server-i] Started resource mana_audio
[07:31:35] [ info] [citizen-server-i] Starting resource mhacking
[07:31:35] [ info] [citizen-server-i] Started resource mhacking
[07:31:35] [ info] [citizen-server-i] Starting resource Renewed-Banking
[07:31:35] [ info] [citizen-server-i] Started resource Renewed-Banking
[07:31:35] [ info] [citizen-server-i] Starting resource Renewed-Weathersync
[07:31:35] [ info] [citizen-server-i] Started resource Renewed-Weathersync
[07:31:35] [ info] [citizen-server-i] Starting resource safecracker
[07:31:35] [ info] [citizen-server-i] Started resource safecracker
[07:31:35] [ info] [citizen-server-i] Starting resource screencapture
[07:31:36] [ info] [citizen-server-i] Started resource screencapture
[07:31:36] [ info] [citizen-server-i] Starting resource scully_emotemenu
[07:31:36] [ info] [citizen-server-i] Started resource scully_emotemenu
[07:31:36] [ info] [citizen-server-i] Starting resource ultra-voltlab
[07:31:36] [ info] [citizen-server-i] Started resource ultra-voltlab
[07:31:36] [ info] [citizen-server-i] Starting resource vehiclehandler
[07:31:36] [ info] [citizen-server-i] Started resource vehiclehandler
[07:31:36] [ info] [citizen-server-i] Starting resource xt-prison
[07:31:36] [error] [extra-natives-fi] Command jail is already registered.
[07:31:36] [error] [extra-natives-fi] Command unjail is already registered.
[07:31:36] [ info] [citizen-server-i] Started resource xt-prison
[07:31:36] [ info] [citizen-server-i] Starting resource mm_radio
[07:31:36] [ info] [citizen-server-i] Started resource mm_radio
[07:31:36] [ info] [citizen-server-i] Starting resource pillbox
║             TXADMIN║ Restarting server: Server process close detected.
║             TXADMIN║ ================================================================
║             TXADMIN║ ======== [13588] FXServer Starting - 12/9/2026, 1:41:27 pm      
║             TXADMIN║ ================================================================
[13:41:29] [ info] [citizen-server-i] Scanning resources
[13:41:29] [ info] [citizen-server-i] Found 92 resources
[13:41:29] [ warn] [citizen-resource] Resource 'bob74_ipl' uses the deprecated 'stream/' folder. Please rename it to 'stream_enhanced/' for future compatibility.
[13:41:29] [ warn] [citizen-resource] Resource 'qbx_customs' uses the deprecated 'stream/' folder. Please rename it to 'stream_enhanced/' for future compatibility.
[13:41:29] [ warn] [citizen-resource] Resource 'qbx_density' uses the deprecated 'stream/' folder. Please rename it to 'stream_enhanced/' for future compatibility.
[13:41:29] [ warn] [citizen-resource] Resource 'qbx_hud' uses the deprecated 'stream/' folder. Please rename it to 'stream_enhanced/' for future compatibility.
[13:41:29] [ warn] [citizen-resource] Resource 'qbx_properties' uses the deprecated 'stream/' folder. Please rename it to 'stream_enhanced/' for future compatibility.
[13:41:29] [ warn] [citizen-resource] Resource 'ultra-voltlab' uses the deprecated 'stream/' folder. Please rename it to 'stream_enhanced/' for future compatibility.
[13:41:29] [ warn] [citizen-resource] Resource 'scully_emotemenu' uses the deprecated 'stream/' folder. Please rename it to 'stream_enhanced/' for future compatibility.
[13:41:29] [error] [           fivem] sv_enforceGameBuild is used with an invalid value 3258. Only 1 is supported to remove any game dlcs.
[13:41:31] [ info] [         txadmin] [txAdmin] Resource v9.0.0-beta-646aba9a threads and commands set up. All Ready.
[13:41:31] [ info] [citizen-server-i] Starting resource mapmanager
[13:41:31] [ info] [citizen-server-i] Started resource mapmanager
[13:41:31] [ info] [citizen-server-i] Starting resource spawnmanager
[13:41:32] [ info] [citizen-server-i] Started resource spawnmanager
[13:41:32] [error] [citizen-server-i] Failed to ensure resource sessionmanager. Error: Resource "sessionmanager" not found
[13:41:32] [ info] [citizen-server-i] Stopped resource basic-gamemode
[13:41:32] [error] [citizen-server-i] Failed to ensure resource hardcap. Error: Resource "hardcap" not found
[13:41:32] [ info] [citizen-server-i] Starting resource baseevents
[13:41:32] [ info] [citizen-server-i] Started resource baseevents
[13:41:32] [ info] [citizen-server-i] Starting resource ox_lib
[13:41:32] [ info] [citizen-server-i] Started resource ox_lib
[13:41:32] [ info] [citizen-server-i] Starting resource qbx_core
[13:41:32] [ info] [citizen-server-i] Started resource qbx_core
[13:41:32] [ info] [citizen-server-i] Starting resource ox_target
[13:41:32] [ info] [citizen-server-i] Started resource ox_target
[13:41:32] [ info] [citizen-server-i] Starting resource ox_doorlock
[13:41:32] [ info] [citizen-server-i] Started resource ox_doorlock
[13:41:32] [ info] [citizen-server-i] Starting resource ox_fuel
[13:41:33] [ info] [citizen-server-i] Started resource ox_fuel
[13:41:33] [ info] [citizen-server-i] Starting resource qbx_adminmenu
[13:41:33] [ info] [citizen-server-i] Started resource qbx_adminmenu
[13:41:33] [ info] [citizen-server-i] Starting resource qbx_ambulancejob
[13:41:34] [ info] [citizen-server-i] Started resource qbx_ambulancejob
[13:41:34] [ info] [citizen-server-i] Starting resource qbx_bankrobbery
[13:41:34] [ info] [citizen-server-i] Started resource qbx_bankrobbery
[13:41:34] [ info] [citizen-server-i] Starting resource qbx_binoculars
[13:41:34] [ info] [citizen-server-i] Started resource qbx_binoculars
[13:41:34] [ info] [citizen-server-i] Starting resource qbx_busjob
[13:41:34] [ info] [citizen-server-i] Started resource qbx_busjob
[13:41:34] [ info] [citizen-server-i] Starting resource qbx_carwash
[13:41:34] [ info] [citizen-server-i] Started resource qbx_carwash
[13:41:34] [ info] [citizen-server-i] Starting resource qbx_chat_theme
[13:41:34] [ info] [citizen-server-i] Started resource qbx_chat_theme
[13:41:34] [ info] [citizen-server-i] Starting resource qbx_cityhall
[13:41:34] [ info] [citizen-server-i] Started resource qbx_cityhall
[13:41:34] [ info] [citizen-server-i] Starting resource qbx_customs
[13:41:35] [ info] [citizen-server-i] Started resource qbx_customs
[13:41:35] [ info] [citizen-server-i] Starting resource qbx_density
[13:41:35] [ info] [citizen-server-i] Started resource qbx_density
[13:41:35] [ info] [citizen-server-i] Starting resource qbx_divegear
[13:41:35] [ info] [citizen-server-i] Started resource qbx_divegear
[13:41:35] [ info] [citizen-server-i] Starting resource qbx_diving
[13:41:35] [ info] [citizen-server-i] Started resource qbx_diving
[13:41:35] [ info] [citizen-server-i] Starting resource qbx_drugs
[13:41:35] [ info] [citizen-server-i] Started resource qbx_drugs
[13:41:35] [ info] [citizen-server-i] Starting resource qbx_fireworks
[13:41:35] [ info] [citizen-server-i] Started resource qbx_fireworks
[13:41:35] [ info] [citizen-server-i] Starting resource qbx_garages
[13:41:35] [ info] [citizen-server-i] Started resource qbx_garages
[13:41:35] [ info] [citizen-server-i] Starting resource qbx_garbagejob
[13:41:36] [ info] [citizen-server-i] Started resource qbx_garbagejob
[13:41:36] [ info] [citizen-server-i] Starting resource qbx_houserobbery
[13:41:36] [ info] [citizen-server-i] Started resource qbx_houserobbery
[13:41:36] [ info] [citizen-server-i] Starting resource qbx_hud
[13:41:36] [ info] [citizen-server-i] Started resource qbx_hud
[13:41:36] [ info] [citizen-server-i] Starting resource qbx_idcard
[13:41:36] [ info] [citizen-server-i] Started resource qbx_idcard
[13:41:36] [ info] [citizen-server-i] Starting resource qbx_jewelery
[13:41:36] [ info] [citizen-server-i] Started resource qbx_jewelery
[13:41:36] [ info] [citizen-server-i] Starting resource qbx_lapraces
[13:41:37] [ info] [citizen-server-i] Started resource qbx_lapraces
[13:41:37] [ info] [citizen-server-i] Starting resource qbx_management
[13:41:37] [ info] [citizen-server-i] Started resource qbx_management
[13:41:37] [ info] [citizen-server-i] Starting resource qbx_mechanicjob
[13:41:37] [ info] [citizen-server-i] Started resource qbx_mechanicjob
[13:41:37] [ info] [citizen-server-i] Starting resource qbx_newsjob
[13:41:37] [ info] [citizen-server-i] Started resource qbx_newsjob
[13:41:37] [ info] [citizen-server-i] Starting resource qbx_pawnshop
[13:41:37] [ info] [citizen-server-i] Started resource qbx_pawnshop
[13:41:37] [ info] [citizen-server-i] Starting resource qbx_police
[13:41:38] [ info] [citizen-server-i] Started resource qbx_police
[13:41:38] [ info] [citizen-server-i] Starting resource qbx_properties
[13:41:38] [ info] [citizen-server-i] Started resource qbx_properties
[13:41:38] [ info] [citizen-server-i] Starting resource qbx_radialmenu
[13:41:38] [ info] [citizen-server-i] Started resource qbx_radialmenu
[13:41:38] [ info] [citizen-server-i] Starting resource qbx_recyclejob
[13:41:38] [ info] [citizen-server-i] Started resource qbx_recyclejob
[13:41:38] [ info] [citizen-server-i] Starting resource qbx_scoreboard
[13:41:38] [ info] [citizen-server-i] Started resource qbx_scoreboard
[13:41:38] [ info] [citizen-server-i] Starting resource qbx_scrapyard
[13:41:38] [ info] [citizen-server-i] Started resource qbx_scrapyard
[13:41:38] [ info] [citizen-server-i] Starting resource qbx_seatbelt
[13:41:39] [ info] [citizen-server-i] Started resource qbx_seatbelt
[13:41:39] [ info] [citizen-server-i] Starting resource qbx_smallresources
[13:41:39] [ info] [qbx_smallresourc] [qbx_smallresources] [WARN] [qbx_entitiesblacklist] You have entity blacklist enabled, this means that any entity that is blacklisted in config.lua will not be able to spawn, you can change this in qbx_smallresource/qbx_entitiesblacklist/config.lua
[13:41:39] [ info] [citizen-server-i] Started resource qbx_smallresources
[13:41:39] [ info] [citizen-server-i] Starting resource qbx_spawn
[13:41:39] [ info] [citizen-server-i] Started resource qbx_spawn
[13:41:39] [ info] [citizen-server-i] Starting resource qbx_storerobbery
[13:41:39] [ info] [citizen-server-i] Started resource qbx_storerobbery
[13:41:39] [ info] [citizen-server-i] Starting resource qbx_streetraces
[13:41:39] [ info] [citizen-server-i] Started resource qbx_streetraces
[13:41:39] [ info] [citizen-server-i] Starting resource qbx_taxijob
[13:41:39] [ info] [citizen-server-i] Started resource qbx_taxijob
[13:41:39] [ info] [citizen-server-i] Starting resource qbx_towjob
[13:41:40] [ info] [citizen-server-i] Started resource qbx_towjob
[13:41:40] [ info] [citizen-server-i] Starting resource qbx_truckerjob
[13:41:40] [ info] [citizen-server-i] Started resource qbx_truckerjob
[13:41:40] [ info] [citizen-server-i] Starting resource qbx_truckrobbery
[13:41:40] [ info] [citizen-server-i] Started resource qbx_truckrobbery
[13:41:40] [ info] [citizen-server-i] Starting resource qbx_vehiclekeys
[13:41:40] [ info] [citizen-server-i] Started resource qbx_vehiclekeys
[13:41:40] [ info] [citizen-server-i] Starting resource qbx_vehicles
[13:41:40] [ info] [citizen-server-i] Started resource qbx_vehicles
[13:41:40] [ info] [citizen-server-i] Starting resource qbx_vehiclesales
[13:41:40] [ info] [citizen-server-i] Started resource qbx_vehiclesales
[13:41:40] [ info] [citizen-server-i] Starting resource qbx_vehicleshop
[13:41:40] [ info] [citizen-server-i] Started resource qbx_vehicleshop
[13:41:40] [ info] [citizen-server-i] Starting resource qbx_vineyard
[13:41:41] [ info] [citizen-server-i] Started resource qbx_vineyard
[13:41:41] [ info] [citizen-server-i] Starting resource qbx_weed
[13:41:41] [ info] [citizen-server-i] Started resource qbx_weed
[13:41:41] [ info] [citizen-server-i] Starting resource bob74_ipl
[13:41:41] [error] [citizen-server-i] Failed to start resource bob74_ipl. Error: Failed to generate cache for set: resource.rpf
[13:41:41] [ info] [citizen-server-i] Starting resource illenium-appearance
[13:41:41] [ info] [citizen-server-i] Started resource illenium-appearance
[13:41:41] [ info] [citizen-server-i] Starting resource loadscreen
[13:41:42] [ info] [citizen-server-i] Started resource loadscreen
[13:41:42] [ info] [citizen-server-i] Starting resource mana_audio
[13:41:42] [ info] [citizen-server-i] Started resource mana_audio
[13:41:42] [ info] [citizen-server-i] Starting resource mhacking
[13:41:42] [ info] [citizen-server-i] Started resource mhacking
[13:41:42] [ info] [citizen-server-i] Starting resource Renewed-Banking
[13:41:42] [ info] [citizen-server-i] Started resource Renewed-Banking
[13:41:42] [ info] [citizen-server-i] Starting resource Renewed-Weathersync
[13:41:42] [ info] [citizen-server-i] Started resource Renewed-Weathersync
[13:41:42] [ info] [citizen-server-i] Starting resource safecracker
[13:41:42] [ info] [citizen-server-i] Started resource safecracker
[13:41:42] [ info] [citizen-server-i] Starting resource screencapture
[13:41:43] [ info] [citizen-server-i] Started resource screencapture
[13:41:43] [ info] [citizen-server-i] Starting resource scully_emotemenu
[13:41:45] [ info] [citizen-server-i] Started resource scully_emotemenu
[13:41:45] [ info] [citizen-server-i] Starting resource ultra-voltlab
[13:41:45] [ info] [citizen-server-i] Started resource ultra-voltlab
[13:41:45] [ info] [citizen-server-i] Starting resource vehiclehandler
[13:41:45] [ info] [citizen-server-i] Started resource vehiclehandler
[13:41:45] [ info] [citizen-server-i] Starting resource xt-prison
[13:41:45] [error] [extra-natives-fi] Command jail is already registered.
[13:41:45] [error] [extra-natives-fi] Command unjail is already registered.
[13:41:45] [ info] [citizen-server-i] Started resource xt-prison
[13:41:45] [ info] [citizen-server-i] Starting resource mm_radio
[13:41:46] [ info] [citizen-server-i] Started resource mm_radio
[13:41:46] [error] [citizen-server-i] No resources found for category [assets]
[13:41:46] [ info] [citizen-server-i] Starting resource npwd_qbx_garages
[13:41:46] [ info] [citizen-server-i] Started resource npwd_qbx_garages
[13:41:46] [ info] [citizen-server-i] Starting resource npwd_qbx_mail
[13:41:47] [ info] [citizen-server-i] Started resource npwd_qbx_mail
[13:41:47] [ info] [citizen-server-i] Starting resource qbx_npwd
[13:41:47] [ info] [citizen-server-i] Started resource qbx_npwd
[13:41:47] [ info] [citizen-server-i] Starting resource npwd
[13:41:49] [ info] [citizen-server-i] Started resource npwd
║              STDERR║ (node:13588) ExperimentalWarning: localStorage is not available because --localstorage-file was not provided.
║              STDERR║ (Use `node --trace-warnings ...` to show where the warning was created)
[13:41:49] [ warn] [              js] Unhandled promise rejection in resource npwd
[13:41:49] [ warn] [              js] Uncaught Error: Driver not found.
dist/game/server/server.js(5138,130): getDriver
dist/game/server/server.js(5199,28): 
node:internal/process/task_queues(104,5): processTicksAndRejections

[13:41:49] [ warn] [              js] Unhandled promise rejection in resource npwd
[13:41:49] [ warn] [              js] Uncaught Error: Driver not found.
dist/game/server/server.js(5138,130): getDriver
dist/game/server/server.js(5199,28): 
node:internal/process/task_queues(104,5): processTicksAndRejections

[13:41:49] [ warn] [              js] Unhandled promise rejection in resource npwd
[13:41:49] [ warn] [              js] Uncaught Error: No available storage method found.
dist/game/server/server.js(5207,27): 
node:internal/process/task_queues(104,5): processTicksAndRejections

[13:41:49] [error] [citizen-server-i] Server list query returned an error: server request failed: server request failed for endpoint https://171.76.82.151:30120/info.json (Get "https://171.76.82.151:30120/info.json": context deadline exceeded (Client.Timeout exceeded while awaiting headers))
server request failed: server request failed for endpoint https://171.76.82.151:30120/dynamic.json (Get "https://171.76.82.151:30120/dynamic.json": context deadline exceeded (Client.Timeout exceeded while awaiting headers))
server request failed: server request failed for endpoint https://171.76.82.151:30120/players.json (Get "https://171.76.82.151:30120/players.json": context deadline exceeded (Client.Timeout exceeded while awaiting headers)).
[13:41:49] [ warn] [citizen-server-i] ScheduleResourceTick: This native is deprecated. Script resources in FiveM for GTAV Enhanced are running on the same tick rate as the server main tick.
[13:41:50] [ info] [         oxmysql] [12.3.3-MariaDB] Database server connection established!
[13:41:50] [ info] [        qbx_core] 
Welcome to Qbox!
To learn more, please check out the documentation at https://docs.qbox.re/.
To turn this message off, set the qbx:acknowledge convar to true in your server.cfg file.

[13:41:50] [ info] [       xt-prison] [xt-prison] [INFO] Initializing Table: xt_prison
[13:41:50] [ info] [       xt-prison] [xt-prison] [INFO] Initializing Table: xt_prison_items
[13:41:50] [ info] [        qbx_core] [qbx_core] [INFO] Removed invalid groups from player_groups table
[13:41:50] [ info] [    ox_inventory] [ox_inventory] [INFO] Inventory has loaded 218 items
[13:41:50] [ info] [scully_emotemenu] [scully_emotemenu] You are currently running the latest version.
[13:42:20] [error] [citizen-server-i] Server list query returned an error: server request failed: server request failed for endpoint https://171.76.82.227:30120/dynamic.json (Get "https://171.76.82.227:30120/dynamic.json": context deadline exceeded (Client.Timeout exceeded while awaiting headers))
server request failed: server request failed for endpoint https://171.76.82.227:30120/players.json (Get "https://171.76.82.227:30120/players.json": context deadline exceeded (Client.Timeout exceeded while awaiting headers))
server request failed: server request failed for endpoint https://171.76.82.227:30120/info.json (Get "https://171.76.82.227:30120/info.json": context deadline exceeded (Client.Timeout exceeded while awaiting headers)).
║             TXADMIN║ txaReportResources 
[13:42:43] [ info] [         txadmin] [txAdmin] Sending resources list to txAdmin.
[13:42:50] [error] [citizen-server-i] Server list query returned an error: server request failed: server request failed for endpoint https://171.76.82.227:30120/dynamic.json (Get "https://171.76.82.227:30120/dynamic.json": context deadline exceeded (Client.Timeout exceeded while awaiting headers))
server request failed: server request failed for endpoint https://171.76.82.227:30120/players.json (Get "https://171.76.82.227:30120/players.json": context deadline exceeded (Client.Timeout exceeded while awaiting headers))
server request failed: server request failed for endpoint https://171.76.82.227:30120/info.json (Get "https://171.76.82.227:30120/info.json": context deadline exceeded (Client.Timeout exceeded while awaiting headers)).
[13:43:20] [error] [citizen-server-i] Server list query returned an error: server request failed: server request failed for endpoint https://171.76.82.227:30120/dynamic.json (Get "https://171.76.82.227:30120/dynamic.json": context deadline exceeded (Client.Timeout exceeded while awaiting headers))
server request failed: server request failed for endpoint https://171.76.82.227:30120/players.json (Get "https://171.76.82.227:30120/players.json": context deadline exceeded (Client.Timeout exceeded while awaiting headers))
server request failed: server request failed for endpoint https://171.76.82.227:30120/info.json (Get "https://171.76.82.227:30120/info.json": context deadline exceeded (Client.Timeout exceeded while awaiting headers)).
[13:43:51] [error] [citizen-server-i] Server list query returned an error: server request failed: server request failed for endpoint https://171.76.82.227:30120/dynamic.json (Get "https://171.76.82.227:30120/dynamic.json": context deadline exceeded (Client.Timeout exceeded while awaiting headers))
server request failed: server request failed for endpoint https://171.76.82.227:30120/players.json (Get "https://171.76.82.227:30120/players.json": context deadline exceeded (Client.Timeout exceeded while awaiting headers))
server request failed: server request failed for endpoint https://171.76.82.227:30120/info.json (Get "https://171.76.82.227:30120/info.json": context deadline exceeded (Client.Timeout exceeded while awaiting headers)).
[13:44:21] [error] [citizen-server-i] Server list query returned an error: server request failed: server request failed for endpoint https://171.76.82.227:30120/dynamic.json (Get "https://171.76.82.227:30120/dynamic.json": context deadline exceeded (Client.Timeout exceeded while awaiting headers))
server request failed: server request failed for endpoint https://171.76.82.227:30120/players.json (Get "https://171.76.82.227:30120/players.json": context deadline exceeded (Client.Timeout exceeded while awaiting headers))
server request failed: server request failed for endpoint https://171.76.82.227:30120/info.json (Get "https://171.76.82.227:30120/info.json": context deadline exceeded (Client.Timeout exceeded while awaiting headers)).
[13:44:51] [error] [citizen-server-i] Server list query returned an error: server request failed: server request failed for endpoint https://171.76.82.227:30120/dynamic.json (Get "https://171.76.82.227:30120/dynamic.json": context deadline exceeded (Client.Timeout exceeded while awaiting headers))
server request failed: server request failed for endpoint https://171.76.82.227:30120/players.json (Get "https://171.76.82.227:30120/players.json": context deadline exceeded (Client.Timeout exceeded while awaiting headers))
server request failed: server request failed for endpoint https://171.76.82.227:30120/info.json (Get "https://171.76.82.227:30120/info.json": context deadline exceeded (Client.Timeout exceeded while awaiting headers)).
[13:45:21] [error] [citizen-server-i] Server list query returned an error: server request failed: server request failed for endpoint https://171.76.82.227:30120/dynamic.json (Get "https://171.76.82.227:30120/dynamic.json": context deadline exceeded (Client.Timeout exceeded while awaiting headers))
server request failed: server request failed for endpoint https://171.76.82.227:30120/players.json (Get "https://171.76.82.227:30120/players.json": context deadline exceeded (Client.Timeout exceeded while awaiting headers))
server request failed: server request failed for endpoint https://171.76.82.227:30120/info.json (Get "https://171.76.82.227:30120/info.json": context deadline exceeded (Client.Timeout exceeded while awaiting headers)).
[13:45:52] [error] [citizen-server-i] Server list query returned an error: server request failed: server request failed for endpoint https://171.76.82.227:30120/dynamic.json (Get "https://171.76.82.227:30120/dynamic.json": context deadline exceeded (Client.Timeout exceeded while awaiting headers))
server request failed: server request failed for endpoint https://171.76.82.227:30120/players.json (Get "https://171.76.82.227:30120/players.json": context deadline exceeded (Client.Timeout exceeded while awaiting headers))
server request failed: server request failed for endpoint https://171.76.82.227:30120/info.json (Get "https://171.76.82.227:30120/info.json": context deadline exceeded (Client.Timeout exceeded while awaiting headers)).
[13:46:22] [error] [citizen-server-i] Server list query returned an error: server request failed: server request failed for endpoint https://171.76.82.227:30120/dynamic.json (Get "https://171.76.82.227:30120/dynamic.json": read tcp 10.0.8.209:59824->171.76.82.227:30120: read: connection reset by peer (Client.Timeout exceeded while awaiting headers))
server request failed: server request failed for endpoint https://171.76.82.227:30120/players.json (Get "https://171.76.82.227:30120/players.json": context deadline exceeded (Client.Timeout exceeded while awaiting headers))
server request failed: server request failed for endpoint https://171.76.82.227:30120/info.json (Get "https://171.76.82.227:30120/info.json": context deadline exceeded (Client.Timeout exceeded while awaiting headers)).
[13:46:53] [error] [citizen-server-i] Server list query returned an error: server request failed: server request failed for endpoint https://171.76.82.227:30120/dynamic.json (Get "https://171.76.82.227:30120/dynamic.json": read tcp 10.0.8.209:59824->171.76.82.227:30120: read: connection reset by peer (Client.Timeout exceeded while awaiting headers))
server request failed: server request failed for endpoint https://171.76.82.227:30120/players.json (Get "https://171.76.82.227:30120/players.json": context deadline exceeded (Client.Timeout exceeded while awaiting headers))
server request failed: server request failed for endpoint https://171.76.82.227:30120/info.json (Get "https://171.76.82.227:30120/info.json": context deadline exceeded (Client.Timeout exceeded while awaiting headers)).
[13:47:23] [error] [citizen-server-i] Server list query returned an error: server request failed: server request failed for endpoint https://171.76.82.227:30120/dynamic.json (Get "https://171.76.82.227:30120/dynamic.json": read tcp 10.0.8.209:59824->171.76.82.227:30120: read: connection reset by peer (Client.Timeout exceeded while awaiting headers))
server request failed: server request failed for endpoint https://171.76.82.227:30120/players.json (Get "https://171.76.82.227:30120/players.json": context deadline exceeded (Client.Timeout exceeded while awaiting headers))
server request failed: server request failed for endpoint https://171.76.82.227:30120/info.json (Get "https://171.76.82.227:30120/info.json": context deadline exceeded (Client.Timeout exceeded while awaiting headers)).
[13:47:53] [error] [citizen-server-i] Server list query returned an error: server request failed: server request failed for endpoint https://171.76.82.227:30120/dynamic.json (Get "https://171.76.82.227:30120/dynamic.json": read tcp 10.0.8.209:59824->171.76.82.227:30120: read: connection reset by peer (Client.Timeout exceeded while awaiting headers))
server request failed: server request failed for endpoint https://171.76.82.227:30120/players.json (Get "https://171.76.82.227:30120/players.json": context deadline exceeded (Client.Timeout exceeded while awaiting headers))
server request failed: server request failed for endpoint https://171.76.82.227:30120/info.json (Get "https://171.76.82.227:30120/info.json": context deadline exceeded (Client.Timeout exceeded while awaiting headers)).
[13:48:24] [error] [citizen-server-i] Server list query returned an error: server request failed: server request failed for endpoint https://171.76.82.227:30120/players.json (Get "https://171.76.82.227:30120/players.json": context deadline exceeded (Client.Timeout exceeded while awaiting headers))
server request failed: server request failed for endpoint https://171.76.82.227:30120/dynamic.json (Get "https://171.76.82.227:30120/dynamic.json": context deadline exceeded (Client.Timeout exceeded while awaiting headers))
server request failed: server request failed for endpoint https://171.76.82.227:30120/info.json (Get "https://171.76.82.227:30120/info.json": context deadline exceeded (Client.Timeout exceeded while awaiting headers)).
[13:48:54] [error] [citizen-server-i] Server list query returned an error: server request failed: server request failed for endpoint https://171.76.82.227:30120/players.json (Get "https://171.76.82.227:30120/players.json": context deadline exceeded (Client.Timeout exceeded while awaiting headers))
server request failed: server request failed for endpoint https://171.76.82.227:30120/dynamic.json (Get "https://171.76.82.227:30120/dynamic.json": context deadline exceeded (Client.Timeout exceeded while awaiting headers))
server request failed: server request failed for endpoint https://171.76.82.227:30120/info.json (Get "https://171.76.82.227:30120/info.json": context deadline exceeded (Client.Timeout exceeded while awaiting headers)).
[13:49:24] [error] [citizen-server-i] Server list query returned an error: server request failed: server request failed for endpoint https://171.76.82.227:30120/players.json (Get "https://171.76.82.227:30120/players.json": context deadline exceeded (Client.Timeout exceeded while awaiting headers))
server request failed: server request failed for endpoint https://171.76.82.227:30120/dynamic.json (Get "https://171.76.82.227:30120/dynamic.json": context deadline exceeded (Client.Timeout exceeded while awaiting headers))
server request failed: server request failed for endpoint https://171.76.82.227:30120/info.json (Get "https://171.76.82.227:30120/info.json": context deadline exceeded (Client.Timeout exceeded while awaiting headers)).
[13:49:55] [error] [citizen-server-i] Server list query returned an error: server request failed: server request failed for endpoint https://171.76.82.227:30120/players.json (Get "https://171.76.82.227:30120/players.json": context deadline exceeded (Client.Timeout exceeded while awaiting headers))
server request failed: server request failed for endpoint https://171.76.82.227:30120/dynamic.json (Get "https://171.76.82.227:30120/dynamic.json": context deadline exceeded (Client.Timeout exceeded while awaiting headers))
server request failed: server request failed for endpoint https://171.76.82.227:30120/info.json (Get "https://171.76.82.227:30120/info.json": context deadline exceeded (Client.Timeout exceeded while awaiting headers)).
[13:50:25] [error] [citizen-server-i] Server list query returned an error: server request failed: server request failed for endpoint https://171.76.82.227:30120/info.json (Get "https://171.76.82.227:30120/info.json": context deadline exceeded (Client.Timeout exceeded while awaiting headers))
server request failed: server request failed for endpoint https://171.76.82.227:30120/dynamic.json (Get "https://171.76.82.227:30120/dynamic.json": context deadline exceeded (Client.Timeout exceeded while awaiting headers))
server request failed: server request failed for endpoint https://171.76.82.227:30120/players.json (Get "https://171.76.82.227:30120/players.json": context deadline exceeded (Client.Timeout exceeded while awaiting headers)).
[13:50:55] [error] [citizen-server-i] Server list query returned an error: server request failed: server request failed for endpoint https://171.76.82.227:30120/info.json (Get "https://171.76.82.227:30120/info.json": context deadline exceeded (Client.Timeout exceeded while awaiting headers))
server request failed: server request failed for endpoint https://171.76.82.227:30120/dynamic.json (Get "https://171.76.82.227:30120/dynamic.json": context deadline exceeded (Client.Timeout exceeded while awaiting headers))
server request failed: server request failed for endpoint https://171.76.82.227:30120/players.json (Get "https://171.76.82.227:30120/players.json": context deadline exceeded (Client.Timeout exceeded while awaiting headers)).
[13:51:26] [error] [citizen-server-i] Server list query returned an error: server request failed: server request failed for endpoint https://171.76.82.227:30120/info.json (Get "https://171.76.82.227:30120/info.json": context deadline exceeded (Client.Timeout exceeded while awaiting headers))
server request failed: server request failed for endpoint https://171.76.82.227:30120/dynamic.json (Get "https://171.76.82.227:30120/dynamic.json": context deadline exceeded (Client.Timeout exceeded while awaiting headers))
server request failed: server request failed for endpoint https://171.76.82.227:30120/players.json (Get "https://171.76.82.227:30120/players.json": context deadline exceeded (Client.Timeout exceeded while awaiting headers)).
[13:51:56] [error] [citizen-server-i] Server list query returned an error: server request failed: server request failed for endpoint https://171.76.82.227:30120/info.json (Get "https://171.76.82.227:30120/info.json": context deadline exceeded (Client.Timeout exceeded while awaiting headers))
server request failed: server request failed for endpoint https://171.76.82.227:30120/dynamic.json (Get "https://171.76.82.227:30120/dynamic.json": context deadline exceeded (Client.Timeout exceeded while awaiting headers))
server request failed: server request failed for endpoint https://171.76.82.227:30120/players.json (Get "https://171.76.82.227:30120/players.json": context deadline exceeded (Client.Timeout exceeded while awaiting headers)).
[13:52:26] [error] [citizen-server-i] Server list query returned an error: server request failed: server request failed for endpoint https://171.76.82.227:30120/info.json (Get "https://171.76.82.227:30120/info.json": context deadline exceeded (Client.Timeout exceeded while awaiting headers))
server request failed: server request failed for endpoint https://171.76.82.227:30120/dynamic.json (Get "https://171.76.82.227:30120/dynamic.json": context deadline exceeded (Client.Timeout exceeded while awaiting headers))
server request failed: server request failed for endpoint https://171.76.82.227:30120/players.json (Get "https://171.76.82.227:30120/players.json": context deadline exceeded (Client.Timeout exceeded while awaiting headers)).
[13:52:57] [error] [citizen-server-i] Server list query returned an error: server request failed: server request failed for endpoint https://171.76.82.227:30120/info.json (Get "https://171.76.82.227:30120/info.json": context deadline exceeded (Client.Timeout exceeded while awaiting headers))
server request failed: server request failed for endpoint https://171.76.82.227:30120/dynamic.json (Get "https://171.76.82.227:30120/dynamic.json": context deadline exceeded (Client.Timeout exceeded while awaiting headers))
server request failed: server request failed for endpoint https://171.76.82.227:30120/players.json (Get "https://171.76.82.227:30120/players.json": context deadline exceeded (Client.Timeout exceeded while awaiting headers)).
[13:53:27] [error] [citizen-server-i] Server list query returned an error: server request failed: server request failed for endpoint https://171.76.82.227:30120/info.json (Get "https://171.76.82.227:30120/info.json": context deadline exceeded (Client.Timeout exceeded while awaiting headers))
server request failed: server request failed for endpoint https://171.76.82.227:30120/dynamic.json (Get "https://171.76.82.227:30120/dynamic.json": context deadline exceeded (Client.Timeout exceeded while awaiting headers))
server request failed: server request failed for endpoint https://171.76.82.227:30120/players.json (Get "https://171.76.82.227:30120/players.json": context deadline exceeded (Client.Timeout exceeded while awaiting headers)).
[13:53:57] [error] [citizen-server-i] Server list query returned an error: server request failed: server request failed for endpoint https://171.76.82.227:30120/info.json (Get "https://171.76.82.227:30120/info.json": context deadline exceeded (Client.Timeout exceeded while awaiting headers))
server request failed: server request failed for endpoint https://171.76.82.227:30120/dynamic.json (Get "https://171.76.82.227:30120/dynamic.json": context deadline exceeded (Client.Timeout exceeded while awaiting headers))
server request failed: server request failed for endpoint https://171.76.82.227:30120/players.json (Get "https://171.76.82.227:30120/players.json": context deadline exceeded (Client.Timeout exceeded while awaiting headers)).
[13:54:28] [error] [citizen-server-i] Server list query returned an error: server request failed: server request failed for endpoint https://171.76.82.227:30120/players.json (Get "https://171.76.82.227:30120/players.json": context deadline exceeded (Client.Timeout exceeded while awaiting headers))
server request failed: server request failed for endpoint https://171.76.82.227:30120/dynamic.json (Get "https://171.76.82.227:30120/dynamic.json": context deadline exceeded (Client.Timeout exceeded while awaiting headers))
server request failed: server request failed for endpoint https://171.76.82.227:30120/info.json (Get "https://171.76.82.227:30120/info.json": context deadline exceeded (Client.Timeout exceeded while awaiting headers)).
[13:54:58] [error] [citizen-server-i] Server list query returned an error: server request failed: server request failed for endpoint https://171.76.82.227:30120/players.json (Get "https://171.76.82.227:30120/players.json": context deadline exceeded (Client.Timeout exceeded while awaiting headers))
server request failed: server request failed for endpoint https://171.76.82.227:30120/dynamic.json (Get "https://171.76.82.227:30120/dynamic.json": context deadline exceeded (Client.Timeout exceeded while awaiting headers))
server request failed: server request failed for endpoint https://171.76.82.227:30120/info.json (Get "https://171.76.82.227:30120/info.json": context deadline exceeded (Client.Timeout exceeded while awaiting headers)).
[13:55:28] [error] [citizen-server-i] Server list query returned an error: server request failed: server request failed for endpoint https://171.76.82.227:30120/players.json (Get "https://171.76.82.227:30120/players.json": context deadline exceeded (Client.Timeout exceeded while awaiting headers))
server request failed: server request failed for endpoint https://171.76.82.227:30120/dynamic.json (Get "https://171.76.82.227:30120/dynamic.json": context deadline exceeded (Client.Timeout exceeded while awaiting headers))
server request failed: server request failed for endpoint https://171.76.82.227:30120/info.json (Get "https://171.76.82.227:30120/info.json": context deadline exceeded (Client.Timeout exceeded while awaiting headers)).
[13:55:59] [error] [citizen-server-i] Server list query returned an error: server request failed: server request failed for endpoint https://171.76.82.227:30120/players.json (Get "https://171.76.82.227:30120/players.json": context deadline exceeded (Client.Timeout exceeded while awaiting headers))
server request failed: server request failed for endpoint https://171.76.82.227:30120/dynamic.json (Get "https://171.76.82.227:30120/dynamic.json": context deadline exceeded (Client.Timeout exceeded while awaiting headers))
server request failed: server request failed for endpoint https://171.76.82.227:30120/info.json (Get "https://171.76.82.227:30120/info.json": context deadline exceeded (Client.Timeout exceeded while awaiting headers)).
[13:56:29] [error] [citizen-server-i] Server list query returned an error: server request failed: server request failed for endpoint https://171.76.82.227:30120/players.json (Get "https://171.76.82.227:30120/players.json": context deadline exceeded (Client.Timeout exceeded while awaiting headers))
server request failed: server request failed for endpoint https://171.76.82.227:30120/dynamic.json (Get "https://171.76.82.227:30120/dynamic.json": context deadline exceeded (Client.Timeout exceeded while awaiting headers))
server request failed: server request failed for endpoint https://171.76.82.227:30120/info.json (Get "https://171.76.82.227:30120/info.json": context deadline exceeded (Client.Timeout exceeded while awaiting headers)).
[13:56:59] [error] [citizen-server-i] Server list query returned an error: server request failed: server request failed for endpoint https://171.76.82.227:30120/players.json (Get "https://171.76.82.227:30120/players.json": context deadline exceeded (Client.Timeout exceeded while awaiting headers))
server request failed: server request failed for endpoint https://171.76.82.227:30120/dynamic.json (Get "https://171.76.82.227:30120/dynamic.json": context deadline exceeded (Client.Timeout exceeded while awaiting headers))
server request failed: server request failed for endpoint https://171.76.82.227:30120/info.json (Get "https://171.76.82.227:30120/info.json": context deadline exceeded (Client.Timeout exceeded while awaiting headers)).
[13:57:30] [error] [citizen-server-i] Server list query returned an error: server request failed: server request failed for endpoint https://171.76.82.227:30120/players.json (Get "https://171.76.82.227:30120/players.json": context deadline exceeded (Client.Timeout exceeded while awaiting headers))
server request failed: server request failed for endpoint https://171.76.82.227:30120/dynamic.json (Get "https://171.76.82.227:30120/dynamic.json": context deadline exceeded (Client.Timeout exceeded while awaiting headers))
server request failed: server request failed for endpoint https://171.76.82.227:30120/info.json (Get "https://171.76.82.227:30120/info.json": context deadline exceeded (Client.Timeout exceeded while awaiting headers)).
[13:58:00] [error] [citizen-server-i] Server list query returned an error: server request failed: server request failed for endpoint https://171.76.82.227:30120/players.json (Get "https://171.76.82.227:30120/players.json": context deadline exceeded (Client.Timeout exceeded while awaiting headers))
server request failed: server request failed for endpoint https://171.76.82.227:30120/dynamic.json (Get "https://171.76.82.227:30120/dynamic.json": context deadline exceeded (Client.Timeout exceeded while awaiting headers))
server request failed: server request failed for endpoint https://171.76.82.227:30120/info.json (Get "https://171.76.82.227:30120/info.json": context deadline exceeded (Client.Timeout exceeded while awaiting headers)).
[13:58:30] [error] [citizen-server-i] Server list query returned an error: server request failed: server request failed for endpoint https://171.76.82.227:30120/dynamic.json (Get "https://171.76.82.227:30120/dynamic.json": context deadline exceeded (Client.Timeout exceeded while awaiting headers))
server request failed: server request failed for endpoint https://171.76.82.227:30120/players.json (Get "https://171.76.82.227:30120/players.json": context deadline exceeded (Client.Timeout exceeded while awaiting headers))
server request failed: server request failed for endpoint https://171.76.82.227:30120/info.json (Get "https://171.76.82.227:30120/info.json": context deadline exceeded (Client.Timeout exceeded while awaiting headers)).
[13:59:01] [error] [citizen-server-i] Server list query returned an error: server request failed: server request failed for endpoint https://171.76.82.227:30120/dynamic.json (Get "https://171.76.82.227:30120/dynamic.json": context deadline exceeded (Client.Timeout exceeded while awaiting headers))
server request failed: server request failed for endpoint https://171.76.82.227:30120/players.json (Get "https://171.76.82.227:30120/players.json": context deadline exceeded (Client.Timeout exceeded while awaiting headers))
server request failed: server request failed for endpoint https://171.76.82.227:30120/info.json (Get "https://171.76.82.227:30120/info.json": context deadline exceeded (Client.Timeout exceeded while awaiting headers)).
[13:59:31] [error] [citizen-server-i] Server list query returned an error: server request failed: server request failed for endpoint https://171.76.82.227:30120/dynamic.json (Get "https://171.76.82.227:30120/dynamic.json": context deadline exceeded (Client.Timeout exceeded while awaiting headers))
server request failed: server request failed for endpoint https://171.76.82.227:30120/players.json (Get "https://171.76.82.227:30120/players.json": context deadline exceeded (Client.Timeout exceeded while awaiting headers))
server request failed: server request failed for endpoint https://171.76.82.227:30120/info.json (Get "https://171.76.82.227:30120/info.json": context deadline exceeded (Client.Timeout exceeded while awaiting headers)).
[14:00:01] [error] [citizen-server-i] Server list query returned an error: server request failed: server request failed for endpoint https://171.76.82.227:30120/dynamic.json (Get "https://171.76.82.227:30120/dynamic.json": context deadline exceeded (Client.Timeout exceeded while awaiting headers))
server request failed: server request failed for endpoint https://171.76.82.227:30120/players.json (Get "https://171.76.82.227:30120/players.json": context deadline exceeded (Client.Timeout exceeded while awaiting headers))
server request failed: server request failed for endpoint https://171.76.82.227:30120/info.json (Get "https://171.76.82.227:30120/info.json": context deadline exceeded (Client.Timeout exceeded while awaiting headers)).
[14:00:32] [error] [citizen-server-i] Server list query returned an error: server request failed: server request failed for endpoint https://171.76.82.227:30120/dynamic.json (Get "https://171.76.82.227:30120/dynamic.json": context deadline exceeded (Client.Timeout exceeded while awaiting headers))
server request failed: server request failed for endpoint https://171.76.82.227:30120/info.json (Get "https://171.76.82.227:30120/info.json": context deadline exceeded (Client.Timeout exceeded while awaiting headers))
server request failed: server request failed for endpoint https://171.76.82.227:30120/players.json (Get "https://171.76.82.227:30120/players.json": context deadline exceeded (Client.Timeout exceeded while awaiting headers)).
[14:01:02] [error] [citizen-server-i] Server list query returned an error: server request failed: server request failed for endpoint https://171.76.82.227:30120/dynamic.json (Get "https://171.76.82.227:30120/dynamic.json": context deadline exceeded (Client.Timeout exceeded while awaiting headers))
server request failed: server request failed for endpoint https://171.76.82.227:30120/info.json (Get "https://171.76.82.227:30120/info.json": context deadline exceeded (Client.Timeout exceeded while awaiting headers))
server request failed: server request failed for endpoint https://171.76.82.227:30120/players.json (Get "https://171.76.82.227:30120/players.json": context deadline exceeded (Client.Timeout exceeded while awaiting headers)).
[14:01:32] [error] [citizen-server-i] Server list query returned an error: server request failed: server request failed for endpoint https://171.76.82.227:30120/dynamic.json (Get "https://171.76.82.227:30120/dynamic.json": context deadline exceeded (Client.Timeout exceeded while awaiting headers))
server request failed: server request failed for endpoint https://171.76.82.227:30120/info.json (Get "https://171.76.82.227:30120/info.json": context deadline exceeded (Client.Timeout exceeded while awaiting headers))
server request failed: server request failed for endpoint https://171.76.82.227:30120/players.json (Get "https://171.76.82.227:30120/players.json": context deadline exceeded (Client.Timeout exceeded while awaiting headers)).
[14:02:03] [error] [citizen-server-i] Server list query returned an error: server request failed: server request failed for endpoint https://171.76.82.227:30120/dynamic.json (Get "https://171.76.82.227:30120/dynamic.json": context deadline exceeded (Client.Timeout exceeded while awaiting headers))
server request failed: server request failed for endpoint https://171.76.82.227:30120/info.json (Get "https://171.76.82.227:30120/info.json": context deadline exceeded (Client.Timeout exceeded while awaiting headers))
server request failed: server request failed for endpoint https://171.76.82.227:30120/players.json (Get "https://171.76.82.227:30120/players.json": context deadline exceeded (Client.Timeout exceeded while awaiting headers)).
[14:02:33] [error] [citizen-server-i] Server list query returned an error: server request failed: server request failed for endpoint https://171.76.82.227:30120/info.json (Get "https://171.76.82.227:30120/info.json": context deadline exceeded (Client.Timeout exceeded while awaiting headers))
server request failed: server request failed for endpoint https://171.76.82.227:30120/players.json (Get "https://171.76.82.227:30120/players.json": context deadline exceeded (Client.Timeout exceeded while awaiting headers))
server request failed: server request failed for endpoint https://171.76.82.227:30120/dynamic.json (Get "https://171.76.82.227:30120/dynamic.json": context deadline exceeded (Client.Timeout exceeded while awaiting headers)).
[14:03:03] [error] [citizen-server-i] Server list query returned an error: server request failed: server request failed for endpoint https://171.76.82.227:30120/info.json (Get "https://171.76.82.227:30120/info.json": context deadline exceeded (Client.Timeout exceeded while awaiting headers))
server request failed: server request failed for endpoint https://171.76.82.227:30120/players.json (Get "https://171.76.82.227:30120/players.json": context deadline exceeded (Client.Timeout exceeded while awaiting headers))
server request failed: server request failed for endpoint https://171.76.82.227:30120/dynamic.json (Get "https://171.76.82.227:30120/dynamic.json": context deadline exceeded (Client.Timeout exceeded while awaiting headers)).
[14:03:34] [error] [citizen-server-i] Server list query returned an error: server request failed: server request failed for endpoint https://171.76.82.227:30120/info.json (Get "https://171.76.82.227:30120/info.json": context deadline exceeded (Client.Timeout exceeded while awaiting headers))
server request failed: server request failed for endpoint https://171.76.82.227:30120/players.json (Get "https://171.76.82.227:30120/players.json": context deadline exceeded (Client.Timeout exceeded while awaiting headers))
server request failed: server request failed for endpoint https://171.76.82.227:30120/dynamic.json (Get "https://171.76.82.227:30120/dynamic.json": context deadline exceeded (Client.Timeout exceeded while awaiting headers)).
[14:04:04] [error] [citizen-server-i] Server list query returned an error: server request failed: server request failed for endpoint https://171.76.82.227:30120/info.json (Get "https://171.76.82.227:30120/info.json": context deadline exceeded (Client.Timeout exceeded while awaiting headers))
server request failed: server request failed for endpoint https://171.76.82.227:30120/players.json (Get "https://171.76.82.227:30120/players.json": context deadline exceeded (Client.Timeout exceeded while awaiting headers))
server request failed: server request failed for endpoint https://171.76.82.227:30120/dynamic.json (Get "https://171.76.82.227:30120/dynamic.json": context deadline exceeded (Client.Timeout exceeded while awaiting headers)).
[14:04:34] [error] [citizen-server-i] Server list query returned an error: server request failed: server request failed for endpoint https://171.76.82.227:30120/dynamic.json (Get "https://171.76.82.227:30120/dynamic.json": context deadline exceeded (Client.Timeout exceeded while awaiting headers))
server request failed: server request failed for endpoint https://171.76.82.227:30120/info.json (Get "https://171.76.82.227:30120/info.json": context deadline exceeded (Client.Timeout exceeded while awaiting headers))
server request failed: server request failed for endpoint https://171.76.82.227:30120/players.json (Get "https://171.76.82.227:30120/players.json": context deadline exceeded (Client.Timeout exceeded while awaiting headers)).
[14:05:05] [error] [citizen-server-i] Server list query returned an error: server request failed: server request failed for endpoint https://171.76.82.227:30120/dynamic.json (Get "https://171.76.82.227:30120/dynamic.json": context deadline exceeded (Client.Timeout exceeded while awaiting headers))
server request failed: server request failed for endpoint https://171.76.82.227:30120/info.json (Get "https://171.76.82.227:30120/info.json": context deadline exceeded (Client.Timeout exceeded while awaiting headers))
server request failed: server request failed for endpoint https://171.76.82.227:30120/players.json (Get "https://171.76.82.227:30120/players.json": context deadline exceeded (Client.Timeout exceeded while awaiting headers)).
[14:05:35] [error] [citizen-server-i] Server list query returned an error: server request failed: server request failed for endpoint https://171.76.82.227:30120/dynamic.json (Get "https://171.76.82.227:30120/dynamic.json": context deadline exceeded (Client.Timeout exceeded while awaiting headers))
server request failed: server request failed for endpoint https://171.76.82.227:30120/info.json (Get "https://171.76.82.227:30120/info.json": context deadline exceeded (Client.Timeout exceeded while awaiting headers))
server request failed: server request failed for endpoint https://171.76.82.227:30120/players.json (Get "https://171.76.82.227:30120/players.json": context deadline exceeded (Client.Timeout exceeded while awaiting headers)).
[14:06:06] [error] [citizen-server-i] Server list query returned an error: server request failed: server request failed for endpoint https://171.76.82.227:30120/dynamic.json (Get "https://171.76.82.227:30120/dynamic.json": context deadline exceeded (Client.Timeout exceeded while awaiting headers))
server request failed: server request failed for endpoint https://171.76.82.227:30120/info.json (Get "https://171.76.82.227:30120/info.json": context deadline exceeded (Client.Timeout exceeded while awaiting headers))
server request failed: server request failed for endpoint https://171.76.82.227:30120/players.json (Get "https://171.76.82.227:30120/players.json": context deadline exceeded (Client.Timeout exceeded while awaiting headers)).
[14:06:36] [error] [citizen-server-i] Server list query returned an error: server request failed: server request failed for endpoint https://171.76.82.227:30120/players.json (Get "https://171.76.82.227:30120/players.json": context deadline exceeded (Client.Timeout exceeded while awaiting headers))
server request failed: server request failed for endpoint https://171.76.82.227:30120/dynamic.json (Get "https://171.76.82.227:30120/dynamic.json": context deadline exceeded (Client.Timeout exceeded while awaiting headers))
server request failed: server request failed for endpoint https://171.76.82.227:30120/info.json (Get "https://171.76.82.227:30120/info.json": context deadline exceeded (Client.Timeout exceeded while awaiting headers)).
[14:07:06] [error] [citizen-server-i] Server list query returned an error: server request failed: server request failed for endpoint https://171.76.82.227:30120/players.json (Get "https://171.76.82.227:30120/players.json": context deadline exceeded (Client.Timeout exceeded while awaiting headers))
server request failed: server request failed for endpoint https://171.76.82.227:30120/dynamic.json (Get "https://171.76.82.227:30120/dynamic.json": context deadline exceeded (Client.Timeout exceeded while awaiting headers))
server request failed: server request failed for endpoint https://171.76.82.227:30120/info.json (Get "https://171.76.82.227:30120/info.json": context deadline exceeded (Client.Timeout exceeded while awaiting headers)).
[14:07:37] [error] [citizen-server-i] Server list query returned an error: server request failed: server request failed for endpoint https://171.76.82.227:30120/players.json (Get "https://171.76.82.227:30120/players.json": context deadline exceeded (Client.Timeout exceeded while awaiting headers))
server request failed: server request failed for endpoint https://171.76.82.227:30120/dynamic.json (Get "https://171.76.82.227:30120/dynamic.json": context deadline exceeded (Client.Timeout exceeded while awaiting headers))
server request failed: server request failed for endpoint https://171.76.82.227:30120/info.json (Get "https://171.76.82.227:30120/info.json": context deadline exceeded (Client.Timeout exceeded while awaiting headers)).
[14:08:07] [error] [citizen-server-i] Server list query returned an error: server request failed: server request failed for endpoint https://171.76.82.227:30120/players.json (Get "https://171.76.82.227:30120/players.json": context deadline exceeded (Client.Timeout exceeded while awaiting headers))
server request failed: server request failed for endpoint https://171.76.82.227:30120/dynamic.json (Get "https://171.76.82.227:30120/dynamic.json": context deadline exceeded (Client.Timeout exceeded while awaiting headers))
server request failed: server request failed for endpoint https://171.76.82.227:30120/info.json (Get "https://171.76.82.227:30120/info.json": context deadline exceeded (Client.Timeout exceeded while awaiting headers)).
[14:08:37] [error] [citizen-server-i] Server list query returned an error: server request failed: server request failed for endpoint https://171.76.82.227:30120/players.json (Get "https://171.76.82.227:30120/players.json": context deadline exceeded (Client.Timeout exceeded while awaiting headers))
server request failed: server request failed for endpoint https://171.76.82.227:30120/info.json (Get "https://171.76.82.227:30120/info.json": context deadline exceeded (Client.Timeout exceeded while awaiting headers))
server request failed: server request failed for endpoint https://171.76.82.227:30120/dynamic.json (Get "https://171.76.82.227:30120/dynamic.json": context deadline exceeded (Client.Timeout exceeded while awaiting headers)).
[14:09:08] [error] [citizen-server-i] Server list query returned an error: server request failed: server request failed for endpoint https://171.76.82.227:30120/players.json (Get "https://171.76.82.227:30120/players.json": context deadline exceeded (Client.Timeout exceeded while awaiting headers))
server request failed: server request failed for endpoint https://171.76.82.227:30120/info.json (Get "https://171.76.82.227:30120/info.json": context deadline exceeded (Client.Timeout exceeded while awaiting headers))
server request failed: server request failed for endpoint https://171.76.82.227:30120/dynamic.json (Get "https://171.76.82.227:30120/dynamic.json": context deadline exceeded (Client.Timeout exceeded while awaiting headers)).
[14:09:38] [error] [citizen-server-i] Server list query returned an error: server request failed: server request failed for endpoint https://171.76.82.227:30120/players.json (Get "https://171.76.82.227:30120/players.json": context deadline exceeded (Client.Timeout exceeded while awaiting headers))
server request failed: server request failed for endpoint https://171.76.82.227:30120/info.json (Get "https://171.76.82.227:30120/info.json": context deadline exceeded (Client.Timeout exceeded while awaiting headers))
server request failed: server request failed for endpoint https://171.76.82.227:30120/dynamic.json (Get "https://171.76.82.227:30120/dynamic.json": context deadline exceeded (Client.Timeout exceeded while awaiting headers)).
[14:10:08] [error] [citizen-server-i] Server list query returned an error: server request failed: server request failed for endpoint https://171.76.82.227:30120/players.json (Get "https://171.76.82.227:30120/players.json": context deadline exceeded (Client.Timeout exceeded while awaiting headers))
server request failed: server request failed for endpoint https://171.76.82.227:30120/info.json (Get "https://171.76.82.227:30120/info.json": context deadline exceeded (Client.Timeout exceeded while awaiting headers))
server request failed: server request failed for endpoint https://171.76.82.227:30120/dynamic.json (Get "https://171.76.82.227:30120/dynamic.json": context deadline exceeded (Client.Timeout exceeded while awaiting headers)).
[14:10:39] [error] [citizen-server-i] Server list query returned an error: server request failed: server request failed for endpoint https://171.76.82.227:30120/info.json (Get "https://171.76.82.227:30120/info.json": context deadline exceeded (Client.Timeout exceeded while awaiting headers))
server request failed: server request failed for endpoint https://171.76.82.227:30120/players.json (Get "https://171.76.82.227:30120/players.json": context deadline exceeded (Client.Timeout exceeded while awaiting headers))
server request failed: server request failed for endpoint https://171.76.82.227:30120/dynamic.json (Get "https://171.76.82.227:30120/dynamic.json": context deadline exceeded (Client.Timeout exceeded while awaiting headers)).
[14:11:09] [error] [citizen-server-i] Server list query returned an error: server request failed: server request failed for endpoint https://171.76.82.227:30120/info.json (Get "https://171.76.82.227:30120/info.json": context deadline exceeded (Client.Timeout exceeded while awaiting headers))
server request failed: server request failed for endpoint https://171.76.82.227:30120/players.json (Get "https://171.76.82.227:30120/players.json": context deadline exceeded (Client.Timeout exceeded while awaiting headers))
server request failed: server request failed for endpoint https://171.76.82.227:30120/dynamic.json (Get "https://171.76.82.227:30120/dynamic.json": context deadline exceeded (Client.Timeout exceeded while awaiting headers)).
[14:11:39] [error] [citizen-server-i] Server list query returned an error: server request failed: server request failed for endpoint https://171.76.82.227:30120/info.json (Get "https://171.76.82.227:30120/info.json": context deadline exceeded (Client.Timeout exceeded while awaiting headers))
server request failed: server request failed for endpoint https://171.76.82.227:30120/players.json (Get "https://171.76.82.227:30120/players.json": context deadline exceeded (Client.Timeout exceeded while awaiting headers))
server request failed: server request failed for endpoint https://171.76.82.227:30120/dynamic.json (Get "https://171.76.82.227:30120/dynamic.json": context deadline exceeded (Client.Timeout exceeded while awaiting headers)).
[14:12:10] [error] [citizen-server-i] Server list query returned an error: server request failed: server request failed for endpoint https://171.76.82.227:30120/info.json (Get "https://171.76.82.227:30120/info.json": context deadline exceeded (Client.Timeout exceeded while awaiting headers))
server request failed: server request failed for endpoint https://171.76.82.227:30120/players.json (Get "https://171.76.82.227:30120/players.json": context deadline exceeded (Client.Timeout exceeded while awaiting headers))
server request failed: server request failed for endpoint https://171.76.82.227:30120/dynamic.json (Get "https://171.76.82.227:30120/dynamic.json": context deadline exceeded (Client.Timeout exceeded while awaiting headers)).
[14:12:40] [error] [citizen-server-i] Server list query returned an error: server request failed: server request failed for endpoint https://171.76.82.227:30120/info.json (Get "https://171.76.82.227:30120/info.json": context deadline exceeded (Client.Timeout exceeded while awaiting headers))
server request failed: server request failed for endpoint https://171.76.82.227:30120/dynamic.json (Get "https://171.76.82.227:30120/dynamic.json": context deadline exceeded (Client.Timeout exceeded while awaiting headers))
server request failed: server request failed for endpoint https://171.76.82.227:30120/players.json (Get "https://171.76.82.227:30120/players.json": context deadline exceeded (Client.Timeout exceeded while awaiting headers)).
[14:13:10] [error] [citizen-server-i] Server list query returned an error: server request failed: server request failed for endpoint https://171.76.82.227:30120/info.json (Get "https://171.76.82.227:30120/info.json": context deadline exceeded (Client.Timeout exceeded while awaiting headers))
server request failed: server request failed for endpoint https://171.76.82.227:30120/dynamic.json (Get "https://171.76.82.227:30120/dynamic.json": context deadline exceeded (Client.Timeout exceeded while awaiting headers))
server request failed: server request failed for endpoint https://171.76.82.227:30120/players.json (Get "https://171.76.82.227:30120/players.json": context deadline exceeded (Client.Timeout exceeded while awaiting headers)).
[14:13:40] [error] [citizen-server-i] Server list query returned an error: server request failed: server request failed for endpoint https://171.76.82.227:30120/info.json (Get "https://171.76.82.227:30120/info.json": context deadline exceeded (Client.Timeout exceeded while awaiting headers))
server request failed: server request failed for endpoint https://171.76.82.227:30120/dynamic.json (Get "https://171.76.82.227:30120/dynamic.json": context deadline exceeded (Client.Timeout exceeded while awaiting headers))
server request failed: server request failed for endpoint https://171.76.82.227:30120/players.json (Get "https://171.76.82.227:30120/players.json": context deadline exceeded (Client.Timeout exceeded while awaiting headers)).
[14:14:11] [error] [citizen-server-i] Server list query returned an error: server request failed: server request failed for endpoint https://171.76.82.227:30120/info.json (Get "https://171.76.82.227:30120/info.json": context deadline exceeded (Client.Timeout exceeded while awaiting headers))
server request failed: server request failed for endpoint https://171.76.82.227:30120/dynamic.json (Get "https://171.76.82.227:30120/dynamic.json": context deadline exceeded (Client.Timeout exceeded while awaiting headers))
server request failed: server request failed for endpoint https://171.76.82.227:30120/players.json (Get "https://171.76.82.227:30120/players.json": context deadline exceeded (Client.Timeout exceeded while awaiting headers)).
[14:14:41] [error] [citizen-server-i] Server list query returned an error: server request failed: server request failed for endpoint https://171.76.82.227:30120/dynamic.json (Get "https://171.76.82.227:30120/dynamic.json": context deadline exceeded (Client.Timeout exceeded while awaiting headers))
server request failed: server request failed for endpoint https://171.76.82.227:30120/players.json (Get "https://171.76.82.227:30120/players.json": context deadline exceeded (Client.Timeout exceeded while awaiting headers))
server request failed: server request failed for endpoint https://171.76.82.227:30120/info.json (Get "https://171.76.82.227:30120/info.json": context deadline exceeded (Client.Timeout exceeded while awaiting headers)).
[14:15:11] [error] [citizen-server-i] Server list query returned an error: server request failed: server request failed for endpoint https://171.76.82.227:30120/dynamic.json (Get "https://171.76.82.227:30120/dynamic.json": context deadline exceeded (Client.Timeout exceeded while awaiting headers))
server request failed: server request failed for endpoint https://171.76.82.227:30120/players.json (Get "https://171.76.82.227:30120/players.json": context deadline exceeded (Client.Timeout exceeded while awaiting headers))
server request failed: server request failed for endpoint https://171.76.82.227:30120/info.json (Get "https://171.76.82.227:30120/info.json": context deadline exceeded (Client.Timeout exceeded while awaiting headers)).
[14:15:42] [error] [citizen-server-i] Server list query returned an error: server request failed: server request failed for endpoint https://171.76.82.227:30120/dynamic.json (Get "https://171.76.82.227:30120/dynamic.json": context deadline exceeded (Client.Timeout exceeded while awaiting headers))
server request failed: server request failed for endpoint https://171.76.82.227:30120/players.json (Get "https://171.76.82.227:30120/players.json": context deadline exceeded (Client.Timeout exceeded while awaiting headers))
server request failed: server request failed for endpoint https://171.76.82.227:30120/info.json (Get "https://171.76.82.227:30120/info.json": context deadline exceeded (Client.Timeout exceeded while awaiting headers)).
[14:16:12] [error] [citizen-server-i] Server list query returned an error: server request failed: server request failed for endpoint https://171.76.82.227:30120/dynamic.json (Get "https://171.76.82.227:30120/dynamic.json": context deadline exceeded (Client.Timeout exceeded while awaiting headers))
server request failed: server request failed for endpoint https://171.76.82.227:30120/players.json (Get "https://171.76.82.227:30120/players.json": context deadline exceeded (Client.Timeout exceeded while awaiting headers))
server request failed: server request failed for endpoint https://171.76.82.227:30120/info.json (Get "https://171.76.82.227:30120/info.json": context deadline exceeded (Client.Timeout exceeded while awaiting headers)).
[14:16:42] [error] [citizen-server-i] Server list query returned an error: server request failed: server request failed for endpoint https://171.76.82.227:30120/players.json (Get "https://171.76.82.227:30120/players.json": context deadline exceeded (Client.Timeout exceeded while awaiting headers))
server request failed: server request failed for endpoint https://171.76.82.227:30120/info.json (Get "https://171.76.82.227:30120/info.json": read tcp 10.0.12.167:48500->171.76.82.227:30120: read: connection reset by peer (Client.Timeout exceeded while awaiting headers))
server request failed: server request failed for endpoint https://171.76.82.227:30120/dynamic.json (Get "https://171.76.82.227:30120/dynamic.json": context deadline exceeded (Client.Timeout exceeded while awaiting headers)).
[14:17:13] [error] [citizen-server-i] Server list query returned an error: server request failed: server request failed for endpoint https://171.76.82.227:30120/players.json (Get "https://171.76.82.227:30120/players.json": context deadline exceeded (Client.Timeout exceeded while awaiting headers))
server request failed: server request failed for endpoint https://171.76.82.227:30120/info.json (Get "https://171.76.82.227:30120/info.json": read tcp 10.0.12.167:48500->171.76.82.227:30120: read: connection reset by peer (Client.Timeout exceeded while awaiting headers))
server request failed: server request failed for endpoint https://171.76.82.227:30120/dynamic.json (Get "https://171.76.82.227:30120/dynamic.json": context deadline exceeded (Client.Timeout exceeded while awaiting headers)).
[14:17:43] [error] [citizen-server-i] Server list query returned an error: server request failed: server request failed for endpoint https://171.76.82.227:30120/players.json (Get "https://171.76.82.227:30120/players.json": context deadline exceeded (Client.Timeout exceeded while awaiting headers))
server request failed: server request failed for endpoint https://171.76.82.227:30120/info.json (Get "https://171.76.82.227:30120/info.json": read tcp 10.0.12.167:48500->171.76.82.227:30120: read: connection reset by peer (Client.Timeout exceeded while awaiting headers))
server request failed: server request failed for endpoint https://171.76.82.227:30120/dynamic.json (Get "https://171.76.82.227:30120/dynamic.json": context deadline exceeded (Client.Timeout exceeded while awaiting headers)).
║             TXADMIN║ txaEvent "serverShuttingDown" "{\"delay\":5000,\"author\":\"NotAGirl\",\"message\":\"Server restarting (admin request).\"}"
[14:18:31] [ info] [         txadmin] [txAdmin] Server shutting down. Kicking all players.

║             TXADMIN║ ================================================================
║             TXADMIN║ ======== [6916] FXServer Starting - 12/9/2026, 2:18:37 pm       
║             TXADMIN║ ================================================================
[14:18:38] [ info] [citizen-server-i] Scanning resources
[14:18:38] [ info] [citizen-server-i] Found 92 resources
[14:18:38] [ warn] [citizen-resource] Resource 'bob74_ipl' uses the deprecated 'stream/' folder. Please rename it to 'stream_enhanced/' for future compatibility.
[14:18:38] [ warn] [citizen-resource] Resource 'qbx_density' uses the deprecated 'stream/' folder. Please rename it to 'stream_enhanced/' for future compatibility.
[14:18:38] [ warn] [citizen-resource] Resource 'qbx_customs' uses the deprecated 'stream/' folder. Please rename it to 'stream_enhanced/' for future compatibility.
[14:18:38] [ warn] [citizen-resource] Resource 'qbx_hud' uses the deprecated 'stream/' folder. Please rename it to 'stream_enhanced/' for future compatibility.
[14:18:38] [ warn] [citizen-resource] Resource 'qbx_properties' uses the deprecated 'stream/' folder. Please rename it to 'stream_enhanced/' for future compatibility.
[14:18:38] [ warn] [citizen-resource] Resource 'ultra-voltlab' uses the deprecated 'stream/' folder. Please rename it to 'stream_enhanced/' for future compatibility.
[14:18:38] [ warn] [citizen-resource] Resource 'scully_emotemenu' uses the deprecated 'stream/' folder. Please rename it to 'stream_enhanced/' for future compatibility.
[14:18:38] [error] [           fivem] sv_enforceGameBuild is used with an invalid value 3258. Only 1 is supported to remove any game dlcs.
[14:18:39] [ info] [         txadmin] [txAdmin] Resource v9.0.0-beta-646aba9a threads and commands set up. All Ready.
[14:18:39] [ info] [citizen-server-i] Starting resource mapmanager
[14:18:39] [ info] [citizen-server-i] Started resource mapmanager
[14:18:39] [ info] [citizen-server-i] Starting resource spawnmanager
[14:18:39] [ info] [citizen-server-i] Started resource spawnmanager
[14:18:39] [error] [citizen-server-i] Failed to ensure resource sessionmanager. Error: Resource "sessionmanager" not found
[14:18:39] [ info] [citizen-server-i] Stopped resource basic-gamemode
[14:18:39] [error] [citizen-server-i] Failed to ensure resource hardcap. Error: Resource "hardcap" not found
[14:18:39] [ info] [citizen-server-i] Starting resource baseevents
[14:18:39] [ info] [citizen-server-i] Started resource baseevents
[14:18:39] [ info] [citizen-server-i] Starting resource ox_lib
[14:18:39] [ info] [citizen-server-i] Started resource ox_lib
[14:18:39] [ info] [citizen-server-i] Starting resource qbx_core
[14:18:39] [ info] [citizen-server-i] Started resource qbx_core
[14:18:39] [ info] [citizen-server-i] Starting resource ox_target
[14:18:39] [ info] [citizen-server-i] Started resource ox_target
[14:18:39] [ info] [citizen-server-i] Starting resource ox_doorlock
[14:18:39] [ info] [citizen-server-i] Started resource ox_doorlock
[14:18:39] [ info] [citizen-server-i] Starting resource ox_fuel
[14:18:39] [ info] [citizen-server-i] Started resource ox_fuel
[14:18:39] [ info] [citizen-server-i] Starting resource qbx_adminmenu
[14:18:39] [ info] [citizen-server-i] Started resource qbx_adminmenu
[14:18:39] [ info] [citizen-server-i] Starting resource qbx_ambulancejob
[14:18:39] [ info] [citizen-server-i] Started resource qbx_ambulancejob
[14:18:39] [ info] [citizen-server-i] Starting resource qbx_bankrobbery
[14:18:39] [ info] [citizen-server-i] Started resource qbx_bankrobbery
[14:18:39] [ info] [citizen-server-i] Starting resource qbx_binoculars
[14:18:39] [ info] [citizen-server-i] Started resource qbx_binoculars
[14:18:39] [ info] [citizen-server-i] Starting resource qbx_busjob
[14:18:39] [ info] [citizen-server-i] Started resource qbx_busjob
[14:18:39] [ info] [citizen-server-i] Starting resource qbx_carwash
[14:18:39] [ info] [citizen-server-i] Started resource qbx_carwash
[14:18:39] [ info] [citizen-server-i] Starting resource qbx_chat_theme
[14:18:39] [ info] [citizen-server-i] Started resource qbx_chat_theme
[14:18:39] [ info] [citizen-server-i] Starting resource qbx_cityhall
[14:18:39] [ info] [citizen-server-i] Started resource qbx_cityhall
[14:18:39] [ info] [citizen-server-i] Starting resource qbx_customs
[14:18:39] [ info] [citizen-server-i] Started resource qbx_customs
[14:18:39] [ info] [citizen-server-i] Starting resource qbx_density
[14:18:39] [ info] [citizen-server-i] Started resource qbx_density
[14:18:39] [ info] [citizen-server-i] Starting resource qbx_divegear
[14:18:39] [ info] [citizen-server-i] Started resource qbx_divegear
[14:18:39] [ info] [citizen-server-i] Starting resource qbx_diving
[14:18:39] [ info] [citizen-server-i] Started resource qbx_diving
[14:18:39] [ info] [citizen-server-i] Starting resource qbx_drugs
[14:18:39] [ info] [citizen-server-i] Started resource qbx_drugs
[14:18:39] [ info] [citizen-server-i] Starting resource qbx_fireworks
[14:18:39] [ info] [citizen-server-i] Started resource qbx_fireworks
[14:18:39] [ info] [citizen-server-i] Starting resource qbx_garages
[14:18:39] [ info] [citizen-server-i] Started resource qbx_garages
[14:18:39] [ info] [citizen-server-i] Starting resource qbx_garbagejob
[14:18:40] [ info] [citizen-server-i] Started resource qbx_garbagejob
[14:18:40] [ info] [citizen-server-i] Starting resource qbx_houserobbery
[14:18:40] [ info] [citizen-server-i] Started resource qbx_houserobbery
[14:18:40] [ info] [citizen-server-i] Starting resource qbx_hud
[14:18:40] [ info] [citizen-server-i] Started resource qbx_hud
[14:18:40] [ info] [citizen-server-i] Starting resource qbx_idcard
[14:18:40] [ info] [citizen-server-i] Started resource qbx_idcard
[14:18:40] [ info] [citizen-server-i] Starting resource qbx_jewelery
[14:18:40] [ info] [citizen-server-i] Started resource qbx_jewelery
[14:18:40] [ info] [citizen-server-i] Starting resource qbx_lapraces
[14:18:40] [ info] [citizen-server-i] Started resource qbx_lapraces
[14:18:40] [ info] [citizen-server-i] Starting resource qbx_management
[14:18:40] [ info] [citizen-server-i] Started resource qbx_management
[14:18:40] [ info] [citizen-server-i] Starting resource qbx_mechanicjob
[14:18:40] [ info] [citizen-server-i] Started resource qbx_mechanicjob
[14:18:40] [ info] [citizen-server-i] Starting resource qbx_newsjob
[14:18:40] [ info] [citizen-server-i] Started resource qbx_newsjob
[14:18:40] [ info] [citizen-server-i] Starting resource qbx_pawnshop
[14:18:40] [ info] [citizen-server-i] Started resource qbx_pawnshop
[14:18:40] [ info] [citizen-server-i] Starting resource qbx_police
[14:18:40] [ info] [citizen-server-i] Started resource qbx_police
[14:18:40] [ info] [citizen-server-i] Starting resource qbx_properties
[14:18:40] [ info] [citizen-server-i] Started resource qbx_properties
[14:18:40] [ info] [citizen-server-i] Starting resource qbx_radialmenu
[14:18:40] [ info] [citizen-server-i] Started resource qbx_radialmenu
[14:18:40] [ info] [citizen-server-i] Starting resource qbx_recyclejob
[14:18:40] [ info] [citizen-server-i] Started resource qbx_recyclejob
[14:18:40] [ info] [citizen-server-i] Starting resource qbx_scoreboard
[14:18:40] [ info] [citizen-server-i] Started resource qbx_scoreboard
[14:18:40] [ info] [citizen-server-i] Starting resource qbx_scrapyard
[14:18:40] [ info] [citizen-server-i] Started resource qbx_scrapyard
[14:18:40] [ info] [citizen-server-i] Starting resource qbx_seatbelt
[14:18:40] [ info] [citizen-server-i] Started resource qbx_seatbelt
[14:18:40] [ info] [citizen-server-i] Starting resource qbx_smallresources
[14:18:40] [ info] [qbx_smallresourc] [qbx_smallresources] [WARN] [qbx_entitiesblacklist] You have entity blacklist enabled, this means that any entity that is blacklisted in config.lua will not be able to spawn, you can change this in qbx_smallresource/qbx_entitiesblacklist/config.lua
[14:18:40] [ info] [citizen-server-i] Started resource qbx_smallresources
[14:18:40] [ info] [citizen-server-i] Starting resource qbx_spawn
[14:18:40] [ info] [citizen-server-i] Started resource qbx_spawn
[14:18:40] [ info] [citizen-server-i] Starting resource qbx_storerobbery
[14:18:40] [ info] [citizen-server-i] Started resource qbx_storerobbery
[14:18:40] [ info] [citizen-server-i] Starting resource qbx_streetraces
[14:18:40] [ info] [citizen-server-i] Started resource qbx_streetraces
[14:18:40] [ info] [citizen-server-i] Starting resource qbx_taxijob
[14:18:40] [ info] [citizen-server-i] Started resource qbx_taxijob
[14:18:40] [ info] [citizen-server-i] Starting resource qbx_towjob
[14:18:40] [ info] [citizen-server-i] Started resource qbx_towjob
[14:18:40] [ info] [citizen-server-i] Starting resource qbx_truckerjob
[14:18:40] [ info] [citizen-server-i] Started resource qbx_truckerjob
[14:18:40] [ info] [citizen-server-i] Starting resource qbx_truckrobbery
[14:18:40] [ info] [citizen-server-i] Started resource qbx_truckrobbery
[14:18:40] [ info] [citizen-server-i] Starting resource qbx_vehiclekeys
[14:18:40] [ info] [citizen-server-i] Started resource qbx_vehiclekeys
[14:18:40] [ info] [citizen-server-i] Starting resource qbx_vehicles
[14:18:40] [ info] [citizen-server-i] Started resource qbx_vehicles
[14:18:40] [ info] [citizen-server-i] Starting resource qbx_vehiclesales
[14:18:40] [ info] [citizen-server-i] Started resource qbx_vehiclesales
[14:18:40] [ info] [citizen-server-i] Starting resource qbx_vehicleshop
[14:18:40] [ info] [citizen-server-i] Started resource qbx_vehicleshop
[14:18:40] [ info] [citizen-server-i] Starting resource qbx_vineyard
[14:18:40] [ info] [citizen-server-i] Started resource qbx_vineyard
[14:18:40] [ info] [citizen-server-i] Starting resource qbx_weed
[14:18:40] [ info] [citizen-server-i] Started resource qbx_weed
[14:18:40] [ info] [citizen-server-i] Starting resource bob74_ipl
[14:18:40] [error] [citizen-server-i] Failed to start resource bob74_ipl. Error: Failed to generate cache for set: resource.rpf
[14:18:40] [ info] [citizen-server-i] Starting resource illenium-appearance
[14:18:40] [ info] [citizen-server-i] Started resource illenium-appearance
[14:18:40] [ info] [citizen-server-i] Starting resource loadscreen
[14:18:40] [ info] [citizen-server-i] Started resource loadscreen
[14:18:40] [ info] [citizen-server-i] Starting resource mana_audio
[14:18:40] [ info] [citizen-server-i] Started resource mana_audio
[14:18:40] [ info] [citizen-server-i] Starting resource mhacking
[14:18:40] [ info] [citizen-server-i] Started resource mhacking
[14:18:40] [ info] [citizen-server-i] Starting resource Renewed-Banking
[14:18:40] [ info] [citizen-server-i] Started resource Renewed-Banking
[14:18:40] [ info] [citizen-server-i] Starting resource Renewed-Weathersync
[14:18:40] [ info] [citizen-server-i] Started resource Renewed-Weathersync
[14:18:40] [ info] [citizen-server-i] Starting resource safecracker
[14:18:40] [ info] [citizen-server-i] Started resource safecracker
[14:18:40] [ info] [citizen-server-i] Starting resource screencapture
[14:18:40] [ info] [citizen-server-i] Started resource screencapture
[14:18:40] [ info] [citizen-server-i] Starting resource scully_emotemenu
[14:18:40] [ info] [citizen-server-i] Started resource scully_emotemenu
[14:18:40] [ info] [citizen-server-i] Starting resource ultra-voltlab
[14:18:40] [ info] [citizen-server-i] Started resource ultra-voltlab
[14:18:40] [ info] [citizen-server-i] Starting resource vehiclehandler
[14:18:40] [ info] [citizen-server-i] Started resource vehiclehandler
[14:18:40] [ info] [citizen-server-i] Starting resource xt-prison
[14:18:40] [error] [extra-natives-fi] Command jail is already registered.
[14:18:40] [error] [extra-natives-fi] Command unjail is already registered.
[14:18:40] [ info] [citizen-server-i] Started resource xt-prison
[14:18:40] [ info] [citizen-server-i] Starting resource mm_radio
[14:18:40] [ info] [citizen-server-i] Started resource mm_radio
[14:18:40] [error] [citizen-server-i] No resources found for category [assets]
[14:18:40] [ info] [citizen-server-i] Starting resource npwd_qbx_garages
[14:18:40] [ info] [citizen-server-i] Started resource npwd_qbx_garages
[14:18:40] [ info] [citizen-server-i] Starting resource npwd_qbx_mail
[14:18:40] [ info] [citizen-server-i] Started resource npwd_qbx_mail
[14:18:40] [ info] [citizen-server-i] Starting resource qbx_npwd
[14:18:40] [ info] [citizen-server-i] Started resource qbx_npwd
[14:18:40] [ info] [citizen-server-i] Starting resource npwd
[14:18:41] [ info] [citizen-server-i] Started resource npwd
║              STDERR║ (node:6916) ExperimentalWarning: localStorage is not available because --localstorage-file was not provided.
║              STDERR║ (Use `node --trace-warnings ...` to show where the warning was created)
[14:18:42] [ warn] [              js] Unhandled promise rejection in resource npwd
[14:18:42] [ warn] [              js] Uncaught Error: Driver not found.
dist/game/server/server.js(5138,130): getDriver
dist/game/server/server.js(5199,28): 
node:internal/process/task_queues(104,5): processTicksAndRejections

[14:18:42] [ warn] [              js] Unhandled promise rejection in resource npwd
[14:18:42] [ warn] [              js] Uncaught Error: Driver not found.
dist/game/server/server.js(5138,130): getDriver
dist/game/server/server.js(5199,28): 
node:internal/process/task_queues(104,5): processTicksAndRejections

[14:18:42] [ warn] [              js] Unhandled promise rejection in resource npwd
[14:18:42] [ warn] [              js] Uncaught Error: No available storage method found.
dist/game/server/server.js(5207,27): 
node:internal/process/task_queues(104,5): processTicksAndRejections

[14:18:42] [error] [citizen-server-i] Server list query returned an error: server request failed: server request failed for endpoint https://171.76.82.227:30120/players.json (Get "https://171.76.82.227:30120/players.json": context deadline exceeded (Client.Timeout exceeded while awaiting headers))
server request failed: server request failed for endpoint https://171.76.82.227:30120/info.json (Get "https://171.76.82.227:30120/info.json": context deadline exceeded (Client.Timeout exceeded while awaiting headers))
server request failed: server request failed for endpoint https://171.76.82.227:30120/dynamic.json (Get "https://171.76.82.227:30120/dynamic.json": context deadline exceeded (Client.Timeout exceeded while awaiting headers)).
[14:18:43] [ warn] [citizen-server-i] ScheduleResourceTick: This native is deprecated. Script resources in FiveM for GTAV Enhanced are running on the same tick rate as the server main tick.
[14:18:43] [ info] [         oxmysql] [12.3.3-MariaDB] Database server connection established!
[14:18:43] [ info] [       xt-prison] [xt-prison] [INFO] Initializing Table: xt_prison
[14:18:43] [ info] [       xt-prison] [xt-prison] [INFO] Initializing Table: xt_prison_items
[14:18:43] [ info] [        qbx_core] [qbx_core] [INFO] Removed invalid groups from player_groups table
[14:18:43] [ info] [        qbx_core] 
Welcome to Qbox!
To learn more, please check out the documentation at https://docs.qbox.re/.
To turn this message off, set the qbx:acknowledge convar to true in your server.cfg file.

[14:18:43] [ info] [    ox_inventory] [ox_inventory] [INFO] Inventory has loaded 218 items
[14:18:43] [ info] [scully_emotemenu] [scully_emotemenu] You are currently running the latest version.
║             TXADMIN║ txaReportResources 
[14:18:47] [ info] [         txadmin] [txAdmin] Sending resources list to txAdmin.
[14:19:13] [error] [citizen-server-i] Server list query returned an error: server request failed: server request failed for endpoint https://171.76.82.227:30120/players.json (Get "https://171.76.82.227:30120/players.json": context deadline exceeded (Client.Timeout exceeded while awaiting headers))
server request failed: server request failed for endpoint https://171.76.82.227:30120/info.json (Get "https://171.76.82.227:30120/info.json": context deadline exceeded (Client.Timeout exceeded while awaiting headers))
server request failed: server request failed for endpoint https://171.76.82.227:30120/dynamic.json (Get "https://171.76.82.227:30120/dynamic.json": context deadline exceeded (Client.Timeout exceeded while awaiting headers)).
[14:19:43] [error] [citizen-server-i] Server list query returned an error: server request failed: server request failed for endpoint https://171.76.82.227:30120/players.json (Get "https://171.76.82.227:30120/players.json": context deadline exceeded (Client.Timeout exceeded while awaiting headers))
server request failed: server request failed for endpoint https://171.76.82.227:30120/info.json (Get "https://171.76.82.227:30120/info.json": context deadline exceeded (Client.Timeout exceeded while awaiting headers))
server request failed: server request failed for endpoint https://171.76.82.227:30120/dynamic.json (Get "https://171.76.82.227:30120/dynamic.json": context deadline exceeded (Client.Timeout exceeded while awaiting headers)).
[14:23:14] [error] [citizen-server-i] Server list query returned an error: server request failed: server request failed for endpoint https://171.76.82.227:30120/players.json (Get "https://171.76.82.227:30120/players.json": context deadline exceeded (Client.Timeout exceeded while awaiting headers))
server request failed: server request failed for endpoint https://171.76.82.227:30120/info.json (Get "https://171.76.82.227:30120/info.json": context deadline exceeded (Client.Timeout exceeded while awaiting headers))
server request failed: server request failed for endpoint https://171.76.82.227:30120/dynamic.json (Get "https://171.76.82.227:30120/dynamic.json": context deadline exceeded (Client.Timeout exceeded while awaiting headers)).
[14:23:44] [error] [citizen-server-i] Server list query returned an error: server request failed: server request failed for endpoint https://171.76.82.227:30120/players.json (Get "https://171.76.82.227:30120/players.json": context deadline exceeded (Client.Timeout exceeded while awaiting headers))
server request failed: server request failed for endpoint https://171.76.82.227:30120/info.json (Get "https://171.76.82.227:30120/info.json": context deadline exceeded (Client.Timeout exceeded while awaiting headers))
server request failed: server request failed for endpoint https://171.76.82.227:30120/dynamic.json (Get "https://171.76.82.227:30120/dynamic.json": context deadline exceeded (Client.Timeout exceeded while awaiting headers)).
[14:24:14] [error] [citizen-server-i] Server list query returned an error: server request failed: server request failed for endpoint https://171.76.82.227:30120/players.json (Get "https://171.76.82.227:30120/players.json": context deadline exceeded (Client.Timeout exceeded while awaiting headers))
server request failed: server request failed for endpoint https://171.76.82.227:30120/info.json (Get "https://171.76.82.227:30120/info.json": context deadline exceeded (Client.Timeout exceeded while awaiting headers))
server request failed: server request failed for endpoint https://171.76.82.227:30120/dynamic.json (Get "https://171.76.82.227:30120/dynamic.json": context deadline exceeded (Client.Timeout exceeded while awaiting headers)).
[14:24:45] [error] [citizen-server-i] Server list query returned an error: server request failed: server request failed for endpoint https://171.76.82.227:30120/players.json (Get "https://171.76.82.227:30120/players.json": context deadline exceeded (Client.Timeout exceeded while awaiting headers))
server request failed: server request failed for endpoint https://171.76.82.227:30120/info.json (Get "https://171.76.82.227:30120/info.json": context deadline exceeded (Client.Timeout exceeded while awaiting headers))
server request failed: server request failed for endpoint https://171.76.82.227:30120/dynamic.json (Get "https://171.76.82.227:30120/dynamic.json": context deadline exceeded (Client.Timeout exceeded while awaiting headers)).
[14:25:15] [error] [citizen-server-i] Server list query returned an error: server request failed: server request failed for endpoint https://171.76.82.227:30120/players.json (Get "https://171.76.82.227:30120/players.json": context deadline exceeded (Client.Timeout exceeded while awaiting headers))
server request failed: server request failed for endpoint https://171.76.82.227:30120/info.json (Get "https://171.76.82.227:30120/info.json": context deadline exceeded (Client.Timeout exceeded while awaiting headers))
server request failed: server request failed for endpoint https://171.76.82.227:30120/dynamic.json (Get "https://171.76.82.227:30120/dynamic.json": context deadline exceeded (Client.Timeout exceeded while awaiting headers)).
[14:25:45] [error] [citizen-server-i] Server list query returned an error: server request failed: server request failed for endpoint https://171.76.82.227:30120/players.json (Get "https://171.76.82.227:30120/players.json": context deadline exceeded (Client.Timeout exceeded while awaiting headers))
server request failed: server request failed for endpoint https://171.76.82.227:30120/info.json (Get "https://171.76.82.227:30120/info.json": context deadline exceeded (Client.Timeout exceeded while awaiting headers))
server request failed: server request failed for endpoint https://171.76.82.227:30120/dynamic.json (Get "https://171.76.82.227:30120/dynamic.json": context deadline exceeded (Client.Timeout exceeded while awaiting headers)).
[14:26:16] [error] [citizen-server-i] Server list query returned an error: server request failed: server request failed for endpoint https://171.76.82.227:30120/players.json (Get "https://171.76.82.227:30120/players.json": context deadline exceeded (Client.Timeout exceeded while awaiting headers))
server request failed: server request failed for endpoint https://171.76.82.227:30120/info.json (Get "https://171.76.82.227:30120/info.json": context deadline exceeded (Client.Timeout exceeded while awaiting headers))
server request failed: server request failed for endpoint https://171.76.82.227:30120/dynamic.json (Get "https://171.76.82.227:30120/dynamic.json": context deadline exceeded (Client.Timeout exceeded while awaiting headers)).
[14:26:46] [error] [citizen-server-i] Server list query returned an error: server request failed: server request failed for endpoint https://171.76.82.227:30120/players.json (Get "https://171.76.82.227:30120/players.json": context deadline exceeded (Client.Timeout exceeded while awaiting headers))
server request failed: server request failed for endpoint https://171.76.82.227:30120/info.json (Get "https://171.76.82.227:30120/info.json": context deadline exceeded (Client.Timeout exceeded while awaiting headers))
server request failed: server request failed for endpoint https://171.76.82.227:30120/dynamic.json (Get "https://171.76.82.227:30120/dynamic.json": context deadline exceeded (Client.Timeout exceeded while awaiting headers)).
[14:27:16] [error] [citizen-server-i] Server list query returned an error: server request failed: server request failed for endpoint https://171.76.82.227:30120/players.json (Get "https://171.76.82.227:30120/players.json": context deadline exceeded (Client.Timeout exceeded while awaiting headers))
server request failed: server request failed for endpoint https://171.76.82.227:30120/info.json (Get "https://171.76.82.227:30120/info.json": context deadline exceeded (Client.Timeout exceeded while awaiting headers))
server request failed: server request failed for endpoint https://171.76.82.227:30120/dynamic.json (Get "https://171.76.82.227:30120/dynamic.json": context deadline exceeded (Client.Timeout exceeded while awaiting headers)).
[14:27:47] [error] [citizen-server-i] Server list query returned an error: server request failed: server request failed for endpoint https://171.76.82.227:30120/players.json (Get "https://171.76.82.227:30120/players.json": context deadline exceeded (Client.Timeout exceeded while awaiting headers))
server request failed: server request failed for endpoint https://171.76.82.227:30120/info.json (Get "https://171.76.82.227:30120/info.json": context deadline exceeded (Client.Timeout exceeded while awaiting headers))
server request failed: server request failed for endpoint https://171.76.82.227:30120/dynamic.json (Get "https://171.76.82.227:30120/dynamic.json": context deadline exceeded (Client.Timeout exceeded while awaiting headers)).
[14:28:17] [error] [citizen-server-i] Server list query returned an error: server request failed: server request failed for endpoint https://171.76.82.227:30120/players.json (Get "https://171.76.82.227:30120/players.json": context deadline exceeded (Client.Timeout exceeded while awaiting headers))
server request failed: server request failed for endpoint https://171.76.82.227:30120/info.json (Get "https://171.76.82.227:30120/info.json": context deadline exceeded (Client.Timeout exceeded while awaiting headers))
server request failed: server request failed for endpoint https://171.76.82.227:30120/dynamic.json (Get "https://171.76.82.227:30120/dynamic.json": context deadline exceeded (Client.Timeout exceeded while awaiting headers)).
[14:28:47] [error] [citizen-server-i] Server list query returned an error: server request failed: server request failed for endpoint https://171.76.82.227:30120/players.json (Get "https://171.76.82.227:30120/players.json": context deadline exceeded (Client.Timeout exceeded while awaiting headers))
server request failed: server request failed for endpoint https://171.76.82.227:30120/info.json (Get "https://171.76.82.227:30120/info.json": context deadline exceeded (Client.Timeout exceeded while awaiting headers))
server request failed: server request failed for endpoint https://171.76.82.227:30120/dynamic.json (Get "https://171.76.82.227:30120/dynamic.json": context deadline exceeded (Client.Timeout exceeded while awaiting headers)).
[14:29:17] [error] [citizen-server-i] Server list query returned an error: server request failed: server request failed for endpoint https://171.76.82.227:30120/players.json (Get "https://171.76.82.227:30120/players.json": context deadline exceeded (Client.Timeout exceeded while awaiting headers))
server request failed: server request failed for endpoint https://171.76.82.227:30120/info.json (Get "https://171.76.82.227:30120/info.json": context deadline exceeded (Client.Timeout exceeded while awaiting headers))
server request failed: server request failed for endpoint https://171.76.82.227:30120/dynamic.json (Get "https://171.76.82.227:30120/dynamic.json": context deadline exceeded (Client.Timeout exceeded while awaiting headers)).
[14:29:48] [error] [citizen-server-i] Server list query returned an error: server request failed: server request failed for endpoint https://171.76.82.227:30120/info.json (Get "https://171.76.82.227:30120/info.json": read tcp 10.0.12.167:60982->171.76.82.227:30120: read: connection reset by peer (Client.Timeout exceeded while awaiting headers))
server request failed: server request failed for endpoint https://171.76.82.227:30120/players.json (Get "https://171.76.82.227:30120/players.json": context deadline exceeded (Client.Timeout exceeded while awaiting headers))
server request failed: server request failed for endpoint https://171.76.82.227:30120/dynamic.json (Get "https://171.76.82.227:30120/dynamic.json": context deadline exceeded (Client.Timeout exceeded while awaiting headers)).
[14:30:18] [error] [citizen-server-i] Server list query returned an error: server request failed: server request failed for endpoint https://171.76.82.227:30120/info.json (Get "https://171.76.82.227:30120/info.json": read tcp 10.0.12.167:60982->171.76.82.227:30120: read: connection reset by peer (Client.Timeout exceeded while awaiting headers))
server request failed: server request failed for endpoint https://171.76.82.227:30120/players.json (Get "https://171.76.82.227:30120/players.json": context deadline exceeded (Client.Timeout exceeded while awaiting headers))
server request failed: server request failed for endpoint https://171.76.82.227:30120/dynamic.json (Get "https://171.76.82.227:30120/dynamic.json": context deadline exceeded (Client.Timeout exceeded while awaiting headers)).
[14:30:48] [error] [citizen-server-i] Server list query returned an error: server request failed: server request failed for endpoint https://171.76.82.227:30120/info.json (Get "https://171.76.82.227:30120/info.json": read tcp 10.0.12.167:60982->171.76.82.227:30120: read: connection reset by peer (Client.Timeout exceeded while awaiting headers))
server request failed: server request failed for endpoint https://171.76.82.227:30120/players.json (Get "https://171.76.82.227:30120/players.json": context deadline exceeded (Client.Timeout exceeded while awaiting headers))
server request failed: server request failed for endpoint https://171.76.82.227:30120/dynamic.json (Get "https://171.76.82.227:30120/dynamic.json": context deadline exceeded (Client.Timeout exceeded while awaiting headers)).
[14:31:19] [error] [citizen-server-i] Server list query returned an error: server request failed: server request failed for endpoint https://171.76.82.227:30120/info.json (Get "https://171.76.82.227:30120/info.json": read tcp 10.0.12.167:60982->171.76.82.227:30120: read: connection reset by peer (Client.Timeout exceeded while awaiting headers))
server request failed: server request failed for endpoint https://171.76.82.227:30120/players.json (Get "https://171.76.82.227:30120/players.json": context deadline exceeded (Client.Timeout exceeded while awaiting headers))
server request failed: server request failed for endpoint https://171.76.82.227:30120/dynamic.json (Get "https://171.76.82.227:30120/dynamic.json": context deadline exceeded (Client.Timeout exceeded while awaiting headers)).
[14:31:49] [error] [citizen-server-i] Server list query returned an error: server request failed: server request failed for endpoint https://171.76.82.227:30120/dynamic.json (Get "https://171.76.82.227:30120/dynamic.json": context deadline exceeded (Client.Timeout exceeded while awaiting headers))
server request failed: server request failed for endpoint https://171.76.82.227:30120/info.json (Get "https://171.76.82.227:30120/info.json": context deadline exceeded (Client.Timeout exceeded while awaiting headers))
server request failed: server request failed for endpoint https://171.76.82.227:30120/players.json (Get "https://171.76.82.227:30120/players.json": context deadline exceeded (Client.Timeout exceeded while awaiting headers)).
[14:32:19] [error] [citizen-server-i] Server list query returned an error: server request failed: server request failed for endpoint https://171.76.82.227:30120/dynamic.json (Get "https://171.76.82.227:30120/dynamic.json": context deadline exceeded (Client.Timeout exceeded while awaiting headers))
server request failed: server request failed for endpoint https://171.76.82.227:30120/info.json (Get "https://171.76.82.227:30120/info.json": context deadline exceeded (Client.Timeout exceeded while awaiting headers))
server request failed: server request failed for endpoint https://171.76.82.227:30120/players.json (Get "https://171.76.82.227:30120/players.json": context deadline exceeded (Client.Timeout exceeded while awaiting headers)).
║             TXADMIN║ txaEvent "serverShuttingDown" "{\"delay\":5000,\"author\":\"NotAGirl\",\"message\":\"Server restarting (admin request).\"}"
[14:32:29] [ info] [         txadmin] [txAdmin] Server shutting down. Kicking all players.

║             TXADMIN║ ================================================================
║             TXADMIN║ ======== [18732] FXServer Starting - 12/9/2026, 2:32:35 pm      
║             TXADMIN║ ================================================================
[14:32:36] [ info] [citizen-server-i] Scanning resources
[14:32:36] [ info] [citizen-server-i] Found 92 resources
[14:32:36] [ warn] [citizen-resource] Resource 'bob74_ipl' uses the deprecated 'stream/' folder. Please rename it to 'stream_enhanced/' for future compatibility.
[14:32:36] [ warn] [citizen-resource] Resource 'qbx_density' uses the deprecated 'stream/' folder. Please rename it to 'stream_enhanced/' for future compatibility.
[14:32:36] [ warn] [citizen-resource] Resource 'qbx_hud' uses the deprecated 'stream/' folder. Please rename it to 'stream_enhanced/' for future compatibility.
[14:32:36] [ warn] [citizen-resource] Resource 'qbx_customs' uses the deprecated 'stream/' folder. Please rename it to 'stream_enhanced/' for future compatibility.
[14:32:36] [ warn] [citizen-resource] Resource 'qbx_properties' uses the deprecated 'stream/' folder. Please rename it to 'stream_enhanced/' for future compatibility.
[14:32:36] [ warn] [citizen-resource] Resource 'ultra-voltlab' uses the deprecated 'stream/' folder. Please rename it to 'stream_enhanced/' for future compatibility.
[14:32:36] [ warn] [citizen-resource] Resource 'scully_emotemenu' uses the deprecated 'stream/' folder. Please rename it to 'stream_enhanced/' for future compatibility.
[14:32:36] [error] [           fivem] sv_enforceGameBuild is used with an invalid value 3258. Only 1 is supported to remove any game dlcs.
[14:32:37] [ info] [         txadmin] [txAdmin] Resource v9.0.0-beta-646aba9a threads and commands set up. All Ready.
[14:32:37] [ info] [citizen-server-i] Starting resource mapmanager
[14:32:37] [ info] [citizen-server-i] Started resource mapmanager
[14:32:37] [ info] [citizen-server-i] Starting resource spawnmanager
[14:32:37] [ info] [citizen-server-i] Started resource spawnmanager
[14:32:37] [error] [citizen-server-i] Failed to ensure resource sessionmanager. Error: Resource "sessionmanager" not found
[14:32:37] [ info] [citizen-server-i] Stopped resource basic-gamemode
[14:32:37] [error] [citizen-server-i] Failed to ensure resource hardcap. Error: Resource "hardcap" not found
[14:32:37] [ info] [citizen-server-i] Starting resource baseevents
[14:32:37] [ info] [citizen-server-i] Started resource baseevents
[14:32:37] [ info] [citizen-server-i] Starting resource ox_lib
[14:32:37] [ info] [citizen-server-i] Started resource ox_lib
[14:32:37] [ info] [citizen-server-i] Starting resource qbx_core
[14:32:37] [ info] [citizen-server-i] Started resource qbx_core
[14:32:37] [ info] [citizen-server-i] Starting resource ox_target
[14:32:37] [ info] [citizen-server-i] Started resource ox_target
[14:32:37] [ info] [citizen-server-i] Starting resource ox_doorlock
[14:32:37] [ info] [citizen-server-i] Started resource ox_doorlock
[14:32:37] [ info] [citizen-server-i] Starting resource ox_fuel
[14:32:37] [ info] [citizen-server-i] Started resource ox_fuel
[14:32:37] [ info] [citizen-server-i] Starting resource qbx_adminmenu
[14:32:37] [ info] [citizen-server-i] Started resource qbx_adminmenu
[14:32:37] [ info] [citizen-server-i] Starting resource qbx_ambulancejob
[14:32:37] [ info] [citizen-server-i] Started resource qbx_ambulancejob
[14:32:37] [ info] [citizen-server-i] Starting resource qbx_bankrobbery
[14:32:37] [ info] [citizen-server-i] Started resource qbx_bankrobbery
[14:32:37] [ info] [citizen-server-i] Starting resource qbx_binoculars
[14:32:37] [ info] [citizen-server-i] Started resource qbx_binoculars
[14:32:37] [ info] [citizen-server-i] Starting resource qbx_busjob
[14:32:37] [ info] [citizen-server-i] Started resource qbx_busjob
[14:32:37] [ info] [citizen-server-i] Starting resource qbx_carwash
[14:32:37] [ info] [citizen-server-i] Started resource qbx_carwash
[14:32:37] [ info] [citizen-server-i] Starting resource qbx_chat_theme
[14:32:37] [ info] [citizen-server-i] Started resource qbx_chat_theme
[14:32:37] [ info] [citizen-server-i] Starting resource qbx_cityhall
[14:32:37] [ info] [citizen-server-i] Started resource qbx_cityhall
[14:32:37] [ info] [citizen-server-i] Starting resource qbx_customs
[14:32:37] [ info] [citizen-server-i] Started resource qbx_customs
[14:32:37] [ info] [citizen-server-i] Starting resource qbx_density
[14:32:37] [ info] [citizen-server-i] Started resource qbx_density
[14:32:37] [ info] [citizen-server-i] Starting resource qbx_divegear
[14:32:37] [ info] [citizen-server-i] Started resource qbx_divegear
[14:32:37] [ info] [citizen-server-i] Starting resource qbx_diving
[14:32:37] [ info] [citizen-server-i] Started resource qbx_diving
[14:32:37] [ info] [citizen-server-i] Starting resource qbx_drugs
[14:32:37] [ info] [citizen-server-i] Started resource qbx_drugs
[14:32:37] [ info] [citizen-server-i] Starting resource qbx_fireworks
[14:32:37] [ info] [citizen-server-i] Started resource qbx_fireworks
[14:32:37] [ info] [citizen-server-i] Starting resource qbx_garages
[14:32:37] [ info] [citizen-server-i] Started resource qbx_garages
[14:32:37] [ info] [citizen-server-i] Starting resource qbx_garbagejob
[14:32:37] [ info] [citizen-server-i] Started resource qbx_garbagejob
[14:32:37] [ info] [citizen-server-i] Starting resource qbx_houserobbery
[14:32:37] [ info] [citizen-server-i] Started resource qbx_houserobbery
[14:32:37] [ info] [citizen-server-i] Starting resource qbx_hud
[14:32:37] [ info] [citizen-server-i] Started resource qbx_hud
[14:32:37] [ info] [citizen-server-i] Starting resource qbx_idcard
[14:32:37] [ info] [citizen-server-i] Started resource qbx_idcard
[14:32:37] [ info] [citizen-server-i] Starting resource qbx_jewelery
[14:32:37] [ info] [citizen-server-i] Started resource qbx_jewelery
[14:32:37] [ info] [citizen-server-i] Starting resource qbx_lapraces
[14:32:37] [ info] [citizen-server-i] Started resource qbx_lapraces
[14:32:37] [ info] [citizen-server-i] Starting resource qbx_management
[14:32:37] [ info] [citizen-server-i] Started resource qbx_management
[14:32:37] [ info] [citizen-server-i] Starting resource qbx_mechanicjob
[14:32:37] [ info] [citizen-server-i] Started resource qbx_mechanicjob
[14:32:37] [ info] [citizen-server-i] Starting resource qbx_newsjob
[14:32:37] [ info] [citizen-server-i] Started resource qbx_newsjob
[14:32:37] [ info] [citizen-server-i] Starting resource qbx_pawnshop
[14:32:37] [ info] [citizen-server-i] Started resource qbx_pawnshop
[14:32:37] [ info] [citizen-server-i] Starting resource qbx_police
[14:32:37] [ info] [citizen-server-i] Started resource qbx_police
[14:32:37] [ info] [citizen-server-i] Starting resource qbx_properties
[14:32:37] [ info] [citizen-server-i] Started resource qbx_properties
[14:32:37] [ info] [citizen-server-i] Starting resource qbx_radialmenu
[14:32:37] [ info] [citizen-server-i] Started resource qbx_radialmenu
[14:32:37] [ info] [citizen-server-i] Starting resource qbx_recyclejob
[14:32:37] [ info] [citizen-server-i] Started resource qbx_recyclejob
[14:32:37] [ info] [citizen-server-i] Starting resource qbx_scoreboard
[14:32:37] [ info] [citizen-server-i] Started resource qbx_scoreboard
[14:32:37] [ info] [citizen-server-i] Starting resource qbx_scrapyard
[14:32:37] [ info] [citizen-server-i] Started resource qbx_scrapyard
[14:32:37] [ info] [citizen-server-i] Starting resource qbx_seatbelt
[14:32:37] [ info] [citizen-server-i] Started resource qbx_seatbelt
[14:32:37] [ info] [citizen-server-i] Starting resource qbx_smallresources
[14:32:37] [ info] [qbx_smallresourc] [qbx_smallresources] [WARN] [qbx_entitiesblacklist] You have entity blacklist enabled, this means that any entity that is blacklisted in config.lua will not be able to spawn, you can change this in qbx_smallresource/qbx_entitiesblacklist/config.lua
[14:32:37] [ info] [citizen-server-i] Started resource qbx_smallresources
[14:32:37] [ info] [citizen-server-i] Starting resource qbx_spawn
[14:32:37] [ info] [citizen-server-i] Started resource qbx_spawn
[14:32:37] [ info] [citizen-server-i] Starting resource qbx_storerobbery
[14:32:37] [ info] [citizen-server-i] Started resource qbx_storerobbery
[14:32:37] [ info] [citizen-server-i] Starting resource qbx_streetraces
[14:32:37] [ info] [citizen-server-i] Started resource qbx_streetraces
[14:32:37] [ info] [citizen-server-i] Starting resource qbx_taxijob
[14:32:37] [ info] [citizen-server-i] Started resource qbx_taxijob
[14:32:37] [ info] [citizen-server-i] Starting resource qbx_towjob
[14:32:37] [ info] [citizen-server-i] Started resource qbx_towjob
[14:32:37] [ info] [citizen-server-i] Starting resource qbx_truckerjob
[14:32:37] [ info] [citizen-server-i] Started resource qbx_truckerjob
[14:32:37] [ info] [citizen-server-i] Starting resource qbx_truckrobbery
[14:32:37] [ info] [citizen-server-i] Started resource qbx_truckrobbery
[14:32:37] [ info] [citizen-server-i] Starting resource qbx_vehiclekeys
[14:32:37] [ info] [citizen-server-i] Started resource qbx_vehiclekeys
[14:32:37] [ info] [citizen-server-i] Starting resource qbx_vehicles
[14:32:37] [ info] [citizen-server-i] Started resource qbx_vehicles
[14:32:37] [ info] [citizen-server-i] Starting resource qbx_vehiclesales
[14:32:37] [ info] [citizen-server-i] Started resource qbx_vehiclesales
[14:32:37] [ info] [citizen-server-i] Starting resource qbx_vehicleshop
[14:32:37] [ info] [citizen-server-i] Started resource qbx_vehicleshop
[14:32:37] [ info] [citizen-server-i] Starting resource qbx_vineyard
[14:32:37] [ info] [citizen-server-i] Started resource qbx_vineyard
[14:32:37] [ info] [citizen-server-i] Starting resource qbx_weed
[14:32:37] [ info] [citizen-server-i] Started resource qbx_weed
[14:32:37] [ info] [citizen-server-i] Starting resource bob74_ipl
[14:32:37] [error] [citizen-server-i] Rsc7 file stream/prop_palm_fan_04_d.ydr in resource bob74_ipl has version 165, expected 159. Skipping cache generation for this file.
[14:32:37] [error] [citizen-server-i] Rsc7 file stream/v_24_lgb_mesh_sofa_old.ydr in resource bob74_ipl has version 165, expected 159. Skipping cache generation for this file.
[14:32:37] [error] [citizen-server-i] Rsc7 file stream/v_24_llga_mesh_coffeetable_old.ydr in resource bob74_ipl has version 165, expected 159. Skipping cache generation for this file.
[14:32:37] [ info] [citizen-server-i] Started resource bob74_ipl
[14:32:37] [ info] [citizen-server-i] Starting resource illenium-appearance
[14:32:38] [ info] [citizen-server-i] Started resource illenium-appearance
[14:32:38] [ info] [citizen-server-i] Starting resource loadscreen
[14:32:38] [ info] [citizen-server-i] Started resource loadscreen
[14:32:38] [ info] [citizen-server-i] Starting resource mana_audio
[14:32:38] [ info] [citizen-server-i] Started resource mana_audio
[14:32:38] [ info] [citizen-server-i] Starting resource mhacking
[14:32:38] [ info] [citizen-server-i] Started resource mhacking
[14:32:38] [ info] [citizen-server-i] Starting resource Renewed-Banking
[14:32:38] [ info] [citizen-server-i] Started resource Renewed-Banking
[14:32:38] [ info] [citizen-server-i] Starting resource Renewed-Weathersync
[14:32:38] [ info] [citizen-server-i] Started resource Renewed-Weathersync
[14:32:38] [ info] [citizen-server-i] Starting resource safecracker
[14:32:38] [ info] [citizen-server-i] Started resource safecracker
[14:32:38] [ info] [citizen-server-i] Starting resource screencapture
[14:32:38] [ info] [citizen-server-i] Started resource screencapture
[14:32:38] [ info] [citizen-server-i] Starting resource scully_emotemenu
[14:32:38] [ info] [citizen-server-i] Started resource scully_emotemenu
[14:32:38] [ info] [citizen-server-i] Starting resource ultra-voltlab
[14:32:38] [ info] [citizen-server-i] Started resource ultra-voltlab
[14:32:38] [ info] [citizen-server-i] Starting resource vehiclehandler
[14:32:38] [ info] [citizen-server-i] Started resource vehiclehandler
[14:32:38] [ info] [citizen-server-i] Starting resource xt-prison
[14:32:38] [error] [extra-natives-fi] Command jail is already registered.
[14:32:38] [error] [extra-natives-fi] Command unjail is already registered.
[14:32:38] [ info] [citizen-server-i] Started resource xt-prison
[14:32:38] [ info] [citizen-server-i] Starting resource mm_radio
[14:32:38] [ info] [citizen-server-i] Started resource mm_radio
[14:32:38] [error] [citizen-server-i] No resources found for category [assets]
[14:32:38] [ info] [citizen-server-i] Starting resource npwd_qbx_garages
[14:32:38] [ info] [citizen-server-i] Started resource npwd_qbx_garages
[14:32:38] [ info] [citizen-server-i] Starting resource npwd_qbx_mail
[14:32:38] [ info] [citizen-server-i] Started resource npwd_qbx_mail
[14:32:38] [ info] [citizen-server-i] Starting resource qbx_npwd
[14:32:38] [ info] [citizen-server-i] Started resource qbx_npwd
[14:32:38] [ info] [citizen-server-i] Starting resource npwd
[14:32:38] [ info] [citizen-server-i] Started resource npwd
║              STDERR║ (node:18732) ExperimentalWarning: localStorage is not available because --localstorage-file was not provided.
║              STDERR║ (Use `node --trace-warnings ...` to show where the warning was created)
[14:32:39] [ warn] [              js] Unhandled promise rejection in resource npwd
[14:32:39] [ warn] [              js] Uncaught Error: Driver not found.
dist/game/server/server.js(5138,130): getDriver
dist/game/server/server.js(5199,28): 
node:internal/process/task_queues(104,5): processTicksAndRejections

[14:32:39] [ warn] [              js] Unhandled promise rejection in resource npwd
[14:32:39] [ warn] [              js] Uncaught Error: Driver not found.
dist/game/server/server.js(5138,130): getDriver
dist/game/server/server.js(5199,28): 
node:internal/process/task_queues(104,5): processTicksAndRejections

[14:32:39] [ warn] [              js] Unhandled promise rejection in resource npwd
[14:32:39] [ warn] [              js] Uncaught Error: No available storage method found.
dist/game/server/server.js(5207,27): 
node:internal/process/task_queues(104,5): processTicksAndRejections

[14:32:39] [error] [citizen-server-i] Server list query returned an error: server request failed: server request failed for endpoint https://171.76.82.227:30120/dynamic.json (Get "https://171.76.82.227:30120/dynamic.json": context deadline exceeded (Client.Timeout exceeded while awaiting headers))
server request failed: server request failed for endpoint https://171.76.82.227:30120/info.json (Get "https://171.76.82.227:30120/info.json": context deadline exceeded (Client.Timeout exceeded while awaiting headers))
server request failed: server request failed for endpoint https://171.76.82.227:30120/players.json (Get "https://171.76.82.227:30120/players.json": context deadline exceeded (Client.Timeout exceeded while awaiting headers)).
[14:32:39] [ warn] [citizen-server-i] ScheduleResourceTick: This native is deprecated. Script resources in FiveM for GTAV Enhanced are running on the same tick rate as the server main tick.
[14:32:39] [ info] [         oxmysql] [12.3.3-MariaDB] Database server connection established!
[14:32:39] [ info] [       xt-prison] [xt-prison] [INFO] Initializing Table: xt_prison
[14:32:39] [ info] [       xt-prison] [xt-prison] [INFO] Initializing Table: xt_prison_items
[14:32:40] [ info] [        qbx_core] [qbx_core] [INFO] Removed invalid groups from player_groups table
[14:32:40] [ info] [        qbx_core] 
Welcome to Qbox!
To learn more, please check out the documentation at https://docs.qbox.re/.
To turn this message off, set the qbx:acknowledge convar to true in your server.cfg file.

[14:32:40] [ info] [    ox_inventory] [ox_inventory] [INFO] Inventory has loaded 218 items
[14:32:40] [ info] [scully_emotemenu] [scully_emotemenu] You are currently running the latest version.
║            NotAGirl║ ensure "bob74_ipl"
║             TXADMIN║ txaReportResources 
║            NotAGirl║ ensure "bob74_ipl"
[14:33:07] [ info] [         txadmin] [txAdmin] Sending resources list to txAdmin.
[14:33:10] [error] [citizen-server-i] Server list query returned an error: server request failed: server request failed for endpoint https://171.76.82.227:30120/dynamic.json (Get "https://171.76.82.227:30120/dynamic.json": context deadline exceeded (Client.Timeout exceeded while awaiting headers))
server request failed: server request failed for endpoint https://171.76.82.227:30120/info.json (Get "https://171.76.82.227:30120/info.json": context deadline exceeded (Client.Timeout exceeded while awaiting headers))
server request failed: server request failed for endpoint https://171.76.82.227:30120/players.json (Get "https://171.76.82.227:30120/players.json": context deadline exceeded (Client.Timeout exceeded while awaiting headers)).
║            NotAGirl║ ensure "basic-gamemode"
║             TXADMIN║ txaReportResources 
[14:33:11] [ info] [citizen-server-i] Starting resource basic-gamemode
[14:33:11] [ info] [      mapmanager] Started gametype Freeroam
[14:33:11] [ info] [citizen-server-i] Started resource basic-gamemode
[14:33:11] [ info] [         txadmin] [txAdmin] Sending resources list to txAdmin.
[14:33:11] [ info] [      mapmanager] Started map fivem-map-hipster
║             TXADMIN║ txaReportResources 
[14:33:33] [ info] [         txadmin] [txAdmin] Sending resources list to txAdmin.
[14:33:40] [error] [citizen-server-i] Server list query returned an error: server request failed: server request failed for endpoint https://171.76.82.227:30120/dynamic.json (Get "https://171.76.82.227:30120/dynamic.json": context deadline exceeded (Client.Timeout exceeded while awaiting headers))
server request failed: server request failed for endpoint https://171.76.82.227:30120/info.json (Get "https://171.76.82.227:30120/info.json": context deadline exceeded (Client.Timeout exceeded while awaiting headers))
server request failed: server request failed for endpoint https://171.76.82.227:30120/players.json (Get "https://171.76.82.227:30120/players.json": context deadline exceeded (Client.Timeout exceeded while awaiting headers)).
[14:34:10] [error] [citizen-server-i] Server list query returned an error: server request failed: server request failed for endpoint https://171.76.82.227:30120/players.json (Get "https://171.76.82.227:30120/players.json": context deadline exceeded (Client.Timeout exceeded while awaiting headers))
server request failed: server request failed for endpoint https://171.76.82.227:30120/info.json (Get "https://171.76.82.227:30120/info.json": context deadline exceeded (Client.Timeout exceeded while awaiting headers))
server request failed: server request failed for endpoint https://171.76.82.227:30120/dynamic.json (Get "https://171.76.82.227:30120/dynamic.json": context deadline exceeded (Client.Timeout exceeded while awaiting headers)).
[14:34:40] [error] [citizen-server-i] Server list query returned an error: server request failed: server request failed for endpoint https://171.76.82.227:30120/players.json (Get "https://171.76.82.227:30120/players.json": context deadline exceeded (Client.Timeout exceeded while awaiting headers))
server request failed: server request failed for endpoint https://171.76.82.227:30120/info.json (Get "https://171.76.82.227:30120/info.json": context deadline exceeded (Client.Timeout exceeded while awaiting headers))
server request failed: server request failed for endpoint https://171.76.82.227:30120/dynamic.json (Get "https://171.76.82.227:30120/dynamic.json": context deadline exceeded (Client.Timeout exceeded while awaiting headers)).
[14:35:11] [error] [citizen-server-i] Server list query returned an error: server request failed: server request failed for endpoint https://171.76.82.227:30120/players.json (Get "https://171.76.82.227:30120/players.json": context deadline exceeded (Client.Timeout exceeded while awaiting headers))
server request failed: server request failed for endpoint https://171.76.82.227:30120/info.json (Get "https://171.76.82.227:30120/info.json": context deadline exceeded (Client.Timeout exceeded while awaiting headers))
server request failed: server request failed for endpoint https://171.76.82.227:30120/dynamic.json (Get "https://171.76.82.227:30120/dynamic.json": context deadline exceeded (Client.Timeout exceeded while awaiting headers)).
[14:35:41] [error] [citizen-server-i] Server list query returned an error: server request failed: server request failed for endpoint https://171.76.82.227:30120/players.json (Get "https://171.76.82.227:30120/players.json": context deadline exceeded (Client.Timeout exceeded while awaiting headers))
server request failed: server request failed for endpoint https://171.76.82.227:30120/info.json (Get "https://171.76.82.227:30120/info.json": context deadline exceeded (Client.Timeout exceeded while awaiting headers))
server request failed: server request failed for endpoint https://171.76.82.227:30120/dynamic.json (Get "https://171.76.82.227:30120/dynamic.json": context deadline exceeded (Client.Timeout exceeded while awaiting headers)).
[14:36:11] [error] [citizen-server-i] Server list query returned an error: server request failed: server request failed for endpoint https://171.76.82.227:30120/info.json (Get "https://171.76.82.227:30120/info.json": context deadline exceeded (Client.Timeout exceeded while awaiting headers))
server request failed: server request failed for endpoint https://171.76.82.227:30120/dynamic.json (Get "https://171.76.82.227:30120/dynamic.json": context deadline exceeded (Client.Timeout exceeded while awaiting headers))
server request failed: server request failed for endpoint https://171.76.82.227:30120/players.json (Get "https://171.76.82.227:30120/players.json": context deadline exceeded (Client.Timeout exceeded while awaiting headers)).
║             TXADMIN║ txaEvent "serverShuttingDown" "{\"delay\":5000,\"author\":\"NotAGirl\",\"message\":\"Server restarting (admin request).\"}"
[14:36:28] [ info] [         txadmin] [txAdmin] Server shutting down. Kicking all players.

║             TXADMIN║ ================================================================
║             TXADMIN║ ======== [24656] FXServer Starting - 12/9/2026, 2:36:33 pm      
║             TXADMIN║ ================================================================
[14:36:35] [ info] [citizen-server-i] Scanning resources
[14:36:35] [ info] [citizen-server-i] Found 92 resources
[14:36:35] [ warn] [citizen-resource] Resource 'bob74_ipl' uses the deprecated 'stream/' folder. Please rename it to 'stream_enhanced/' for future compatibility.
[14:36:35] [ warn] [citizen-resource] Resource 'qbx_hud' uses the deprecated 'stream/' folder. Please rename it to 'stream_enhanced/' for future compatibility.
[14:36:35] [ warn] [citizen-resource] Resource 'qbx_density' uses the deprecated 'stream/' folder. Please rename it to 'stream_enhanced/' for future compatibility.
[14:36:35] [ warn] [citizen-resource] Resource 'qbx_customs' uses the deprecated 'stream/' folder. Please rename it to 'stream_enhanced/' for future compatibility.
[14:36:35] [ warn] [citizen-resource] Resource 'qbx_properties' uses the deprecated 'stream/' folder. Please rename it to 'stream_enhanced/' for future compatibility.
[14:36:35] [ warn] [citizen-resource] Resource 'ultra-voltlab' uses the deprecated 'stream/' folder. Please rename it to 'stream_enhanced/' for future compatibility.
[14:36:35] [ warn] [citizen-resource] Resource 'scully_emotemenu' uses the deprecated 'stream/' folder. Please rename it to 'stream_enhanced/' for future compatibility.
[14:36:35] [error] [           fivem] sv_enforceGameBuild is used with an invalid value 3258. Only 1 is supported to remove any game dlcs.
[14:36:36] [ info] [         txadmin] [txAdmin] Resource v9.0.0-beta-646aba9a threads and commands set up. All Ready.
[14:36:36] [ info] [citizen-server-i] Starting resource mapmanager
[14:36:36] [ info] [citizen-server-i] Started resource mapmanager
[14:36:36] [ info] [citizen-server-i] Starting resource spawnmanager
[14:36:36] [ info] [citizen-server-i] Started resource spawnmanager
[14:36:36] [error] [citizen-server-i] Failed to ensure resource sessionmanager. Error: Resource "sessionmanager" not found
[14:36:36] [ info] [citizen-server-i] Stopped resource basic-gamemode
[14:36:36] [error] [citizen-server-i] Failed to ensure resource hardcap. Error: Resource "hardcap" not found
[14:36:36] [ info] [citizen-server-i] Starting resource baseevents
[14:36:36] [ info] [citizen-server-i] Started resource baseevents
[14:36:36] [ info] [citizen-server-i] Starting resource ox_lib
[14:36:36] [ info] [citizen-server-i] Started resource ox_lib
[14:36:36] [ info] [citizen-server-i] Starting resource qbx_core
[14:36:36] [ info] [citizen-server-i] Started resource qbx_core
[14:36:36] [ info] [citizen-server-i] Starting resource ox_target
[14:36:36] [ info] [citizen-server-i] Started resource ox_target
[14:36:36] [ info] [citizen-server-i] Starting resource ox_doorlock
[14:36:36] [ info] [citizen-server-i] Started resource ox_doorlock
[14:36:36] [ info] [citizen-server-i] Starting resource ox_fuel
[14:36:36] [ info] [citizen-server-i] Started resource ox_fuel
[14:36:36] [ info] [citizen-server-i] Starting resource qbx_adminmenu
[14:36:36] [ info] [citizen-server-i] Started resource qbx_adminmenu
[14:36:36] [ info] [citizen-server-i] Starting resource qbx_ambulancejob
[14:36:36] [ info] [citizen-server-i] Started resource qbx_ambulancejob
[14:36:36] [ info] [citizen-server-i] Starting resource qbx_bankrobbery
[14:36:36] [ info] [citizen-server-i] Started resource qbx_bankrobbery
[14:36:36] [ info] [citizen-server-i] Starting resource qbx_binoculars
[14:36:36] [ info] [citizen-server-i] Started resource qbx_binoculars
[14:36:36] [ info] [citizen-server-i] Starting resource qbx_busjob
[14:36:36] [ info] [citizen-server-i] Started resource qbx_busjob
[14:36:36] [ info] [citizen-server-i] Starting resource qbx_carwash
[14:36:36] [ info] [citizen-server-i] Started resource qbx_carwash
[14:36:36] [ info] [citizen-server-i] Starting resource qbx_chat_theme
[14:36:36] [ info] [citizen-server-i] Started resource qbx_chat_theme
[14:36:36] [ info] [citizen-server-i] Starting resource qbx_cityhall
[14:36:36] [ info] [citizen-server-i] Started resource qbx_cityhall
[14:36:36] [ info] [citizen-server-i] Starting resource qbx_customs
[14:36:36] [ info] [citizen-server-i] Started resource qbx_customs
[14:36:36] [ info] [citizen-server-i] Starting resource qbx_density
[14:36:36] [ info] [citizen-server-i] Started resource qbx_density
[14:36:36] [ info] [citizen-server-i] Starting resource qbx_divegear
[14:36:36] [ info] [citizen-server-i] Started resource qbx_divegear
[14:36:36] [ info] [citizen-server-i] Starting resource qbx_diving
[14:36:36] [ info] [citizen-server-i] Started resource qbx_diving
[14:36:36] [ info] [citizen-server-i] Starting resource qbx_drugs
[14:36:36] [ info] [citizen-server-i] Started resource qbx_drugs
[14:36:36] [ info] [citizen-server-i] Starting resource qbx_fireworks
[14:36:36] [ info] [citizen-server-i] Started resource qbx_fireworks
[14:36:36] [ info] [citizen-server-i] Starting resource qbx_garages
[14:36:36] [ info] [citizen-server-i] Started resource qbx_garages
[14:36:36] [ info] [citizen-server-i] Starting resource qbx_garbagejob
[14:36:36] [ info] [citizen-server-i] Started resource qbx_garbagejob
[14:36:36] [ info] [citizen-server-i] Starting resource qbx_houserobbery
[14:36:36] [ info] [citizen-server-i] Started resource qbx_houserobbery
[14:36:36] [ info] [citizen-server-i] Starting resource qbx_hud
[14:36:36] [ info] [citizen-server-i] Started resource qbx_hud
[14:36:36] [ info] [citizen-server-i] Starting resource qbx_idcard
[14:36:36] [ info] [citizen-server-i] Started resource qbx_idcard
[14:36:36] [ info] [citizen-server-i] Starting resource qbx_jewelery
[14:36:36] [ info] [citizen-server-i] Started resource qbx_jewelery
[14:36:36] [ info] [citizen-server-i] Starting resource qbx_lapraces
[14:36:36] [ info] [citizen-server-i] Started resource qbx_lapraces
[14:36:36] [ info] [citizen-server-i] Starting resource qbx_management
[14:36:36] [ info] [citizen-server-i] Started resource qbx_management
[14:36:36] [ info] [citizen-server-i] Starting resource qbx_mechanicjob
[14:36:36] [ info] [citizen-server-i] Started resource qbx_mechanicjob
[14:36:36] [ info] [citizen-server-i] Starting resource qbx_newsjob
[14:36:36] [ info] [citizen-server-i] Started resource qbx_newsjob
[14:36:36] [ info] [citizen-server-i] Starting resource qbx_pawnshop
[14:36:36] [ info] [citizen-server-i] Started resource qbx_pawnshop
[14:36:36] [ info] [citizen-server-i] Starting resource qbx_police
[14:36:36] [ info] [citizen-server-i] Started resource qbx_police
[14:36:36] [ info] [citizen-server-i] Starting resource qbx_properties
[14:36:36] [ info] [citizen-server-i] Started resource qbx_properties
[14:36:36] [ info] [citizen-server-i] Starting resource qbx_radialmenu
[14:36:36] [ info] [citizen-server-i] Started resource qbx_radialmenu
[14:36:36] [ info] [citizen-server-i] Starting resource qbx_recyclejob
[14:36:36] [ info] [citizen-server-i] Started resource qbx_recyclejob
[14:36:36] [ info] [citizen-server-i] Starting resource qbx_scoreboard
[14:36:36] [ info] [citizen-server-i] Started resource qbx_scoreboard
[14:36:36] [ info] [citizen-server-i] Starting resource qbx_scrapyard
[14:36:36] [ info] [citizen-server-i] Started resource qbx_scrapyard
[14:36:36] [ info] [citizen-server-i] Starting resource qbx_seatbelt
[14:36:36] [ info] [citizen-server-i] Started resource qbx_seatbelt
[14:36:36] [ info] [citizen-server-i] Starting resource qbx_smallresources
[14:36:36] [ info] [qbx_smallresourc] [qbx_smallresources] [WARN] [qbx_entitiesblacklist] You have entity blacklist enabled, this means that any entity that is blacklisted in config.lua will not be able to spawn, you can change this in qbx_smallresource/qbx_entitiesblacklist/config.lua
[14:36:36] [ info] [citizen-server-i] Started resource qbx_smallresources
[14:36:36] [ info] [citizen-server-i] Starting resource qbx_spawn
[14:36:36] [ info] [citizen-server-i] Started resource qbx_spawn
[14:36:36] [ info] [citizen-server-i] Starting resource qbx_storerobbery
[14:36:36] [ info] [citizen-server-i] Started resource qbx_storerobbery
[14:36:36] [ info] [citizen-server-i] Starting resource qbx_streetraces
[14:36:36] [ info] [citizen-server-i] Started resource qbx_streetraces
[14:36:36] [ info] [citizen-server-i] Starting resource qbx_taxijob
[14:36:36] [ info] [citizen-server-i] Started resource qbx_taxijob
[14:36:36] [ info] [citizen-server-i] Starting resource qbx_towjob
[14:36:36] [ info] [citizen-server-i] Started resource qbx_towjob
[14:36:36] [ info] [citizen-server-i] Starting resource qbx_truckerjob
[14:36:36] [ info] [citizen-server-i] Started resource qbx_truckerjob
[14:36:36] [ info] [citizen-server-i] Starting resource qbx_truckrobbery
[14:36:36] [ info] [citizen-server-i] Started resource qbx_truckrobbery
[14:36:36] [ info] [citizen-server-i] Starting resource qbx_vehiclekeys
[14:36:36] [ info] [citizen-server-i] Started resource qbx_vehiclekeys
[14:36:36] [ info] [citizen-server-i] Starting resource qbx_vehicles
[14:36:36] [ info] [citizen-server-i] Started resource qbx_vehicles
[14:36:36] [ info] [citizen-server-i] Starting resource qbx_vehiclesales
[14:36:36] [ info] [citizen-server-i] Started resource qbx_vehiclesales
[14:36:36] [ info] [citizen-server-i] Starting resource qbx_vehicleshop
[14:36:36] [ info] [citizen-server-i] Started resource qbx_vehicleshop
[14:36:36] [ info] [citizen-server-i] Starting resource qbx_vineyard
[14:36:36] [ info] [citizen-server-i] Started resource qbx_vineyard
[14:36:36] [ info] [citizen-server-i] Starting resource qbx_weed
[14:36:36] [ info] [citizen-server-i] Started resource qbx_weed
[14:36:36] [ info] [citizen-server-i] Starting resource bob74_ipl
[14:36:36] [ info] [citizen-server-i] Started resource bob74_ipl
[14:36:36] [ info] [citizen-server-i] Starting resource illenium-appearance
[14:36:37] [ info] [citizen-server-i] Started resource illenium-appearance
[14:36:37] [ info] [citizen-server-i] Starting resource loadscreen
[14:36:37] [ info] [citizen-server-i] Started resource loadscreen
[14:36:37] [ info] [citizen-server-i] Starting resource mana_audio
[14:36:37] [ info] [citizen-server-i] Started resource mana_audio
[14:36:37] [ info] [citizen-server-i] Starting resource mhacking
[14:36:37] [ info] [citizen-server-i] Started resource mhacking
[14:36:37] [ info] [citizen-server-i] Starting resource Renewed-Banking
[14:36:37] [ info] [citizen-server-i] Started resource Renewed-Banking
[14:36:37] [ info] [citizen-server-i] Starting resource Renewed-Weathersync
[14:36:37] [ info] [citizen-server-i] Started resource Renewed-Weathersync
[14:36:37] [ info] [citizen-server-i] Starting resource safecracker
[14:36:37] [ info] [citizen-server-i] Started resource safecracker
[14:36:37] [ info] [citizen-server-i] Starting resource screencapture
[14:36:37] [ info] [citizen-server-i] Started resource screencapture
[14:36:37] [ info] [citizen-server-i] Starting resource scully_emotemenu
[14:36:37] [ info] [citizen-server-i] Started resource scully_emotemenu
[14:36:37] [ info] [citizen-server-i] Starting resource ultra-voltlab
[14:36:37] [ info] [citizen-server-i] Started resource ultra-voltlab
[14:36:37] [ info] [citizen-server-i] Starting resource vehiclehandler
[14:36:37] [ info] [citizen-server-i] Started resource vehiclehandler
[14:36:37] [ info] [citizen-server-i] Starting resource xt-prison
[14:36:37] [error] [extra-natives-fi] Command jail is already registered.
[14:36:37] [error] [extra-natives-fi] Command unjail is already registered.
[14:36:37] [ info] [citizen-server-i] Started resource xt-prison
[14:36:37] [ info] [citizen-server-i] Starting resource mm_radio
[14:36:37] [ info] [citizen-server-i] Started resource mm_radio
[14:36:37] [error] [citizen-server-i] No resources found for category [assets]
[14:36:37] [ info] [citizen-server-i] Starting resource npwd_qbx_garages
[14:36:37] [ info] [citizen-server-i] Started resource npwd_qbx_garages
[14:36:37] [ info] [citizen-server-i] Starting resource npwd_qbx_mail
[14:36:37] [ info] [citizen-server-i] Started resource npwd_qbx_mail
[14:36:37] [ info] [citizen-server-i] Starting resource qbx_npwd
[14:36:37] [ info] [citizen-server-i] Started resource qbx_npwd
[14:36:37] [ info] [citizen-server-i] Starting resource npwd
[14:36:37] [ info] [citizen-server-i] Started resource npwd
║              STDERR║ (node:24656) ExperimentalWarning: localStorage is not available because --localstorage-file was not provided.
║              STDERR║ (Use `node --trace-warnings ...` to show where the warning was created)
[14:36:38] [ warn] [              js] Unhandled promise rejection in resource npwd
[14:36:38] [ warn] [              js] Uncaught Error: Driver not found.
dist/game/server/server.js(5138,130): getDriver
dist/game/server/server.js(5199,28): 
node:internal/process/task_queues(104,5): processTicksAndRejections

[14:36:38] [ warn] [              js] Unhandled promise rejection in resource npwd
[14:36:38] [ warn] [              js] Uncaught Error: Driver not found.
dist/game/server/server.js(5138,130): getDriver
dist/game/server/server.js(5199,28): 
node:internal/process/task_queues(104,5): processTicksAndRejections

[14:36:38] [ warn] [              js] Unhandled promise rejection in resource npwd
[14:36:38] [ warn] [              js] Uncaught Error: No available storage method found.
dist/game/server/server.js(5207,27): 
node:internal/process/task_queues(104,5): processTicksAndRejections

[14:36:38] [error] [citizen-server-i] Server list query returned an error: server request failed: server request failed for endpoint https://171.76.82.227:30120/info.json (Get "https://171.76.82.227:30120/info.json": context deadline exceeded (Client.Timeout exceeded while awaiting headers))
server request failed: server request failed for endpoint https://171.76.82.227:30120/dynamic.json (Get "https://171.76.82.227:30120/dynamic.json": context deadline exceeded (Client.Timeout exceeded while awaiting headers))
server request failed: server request failed for endpoint https://171.76.82.227:30120/players.json (Get "https://171.76.82.227:30120/players.json": context deadline exceeded (Client.Timeout exceeded while awaiting headers)).
[14:36:39] [ warn] [citizen-server-i] ScheduleResourceTick: This native is deprecated. Script resources in FiveM for GTAV Enhanced are running on the same tick rate as the server main tick.
[14:36:39] [ info] [         oxmysql] [12.3.3-MariaDB] Database server connection established!
[14:36:39] [ info] [        qbx_core] 
Welcome to Qbox!
To learn more, please check out the documentation at https://docs.qbox.re/.
To turn this message off, set the qbx:acknowledge convar to true in your server.cfg file.

[14:36:39] [ info] [       xt-prison] [xt-prison] [INFO] Initializing Table: xt_prison
[14:36:39] [ info] [       xt-prison] [xt-prison] [INFO] Initializing Table: xt_prison_items
[14:36:39] [ info] [        qbx_core] [qbx_core] [INFO] Removed invalid groups from player_groups table
[14:36:39] [ info] [    ox_inventory] [ox_inventory] [INFO] Inventory has loaded 218 items
[14:36:39] [ info] [scully_emotemenu] [scully_emotemenu] You are currently running the latest version.
[14:37:08] [error] [citizen-server-i] Server list query returned an error: server request failed: server request failed for endpoint https://171.76.82.227:30120/info.json (Get "https://171.76.82.227:30120/info.json": context deadline exceeded (Client.Timeout exceeded while awaiting headers))
server request failed: server request failed for endpoint https://171.76.82.227:30120/dynamic.json (Get "https://171.76.82.227:30120/dynamic.json": context deadline exceeded (Client.Timeout exceeded while awaiting headers))
server request failed: server request failed for endpoint https://171.76.82.227:30120/players.json (Get "https://171.76.82.227:30120/players.json": context deadline exceeded (Client.Timeout exceeded while awaiting headers)).
[14:37:39] [error] [citizen-server-i] Server list query returned an error: server request failed: server request failed for endpoint https://171.76.82.227:30120/info.json (Get "https://171.76.82.227:30120/info.json": context deadline exceeded (Client.Timeout exceeded while awaiting headers))
server request failed: server request failed for endpoint https://171.76.82.227:30120/dynamic.json (Get "https://171.76.82.227:30120/dynamic.json": context deadline exceeded (Client.Timeout exceeded while awaiting headers))
server request failed: server request failed for endpoint https://171.76.82.227:30120/players.json (Get "https://171.76.82.227:30120/players.json": context deadline exceeded (Client.Timeout exceeded while awaiting headers)).
[14:38:09] [error] [citizen-server-i] Server list query returned an error: server request failed: server request failed for endpoint https://171.76.82.227:30120/info.json (Get "https://171.76.82.227:30120/info.json": context deadline exceeded (Client.Timeout exceeded while awaiting headers))
server request failed: server request failed for endpoint https://171.76.82.227:30120/dynamic.json (Get "https://171.76.82.227:30120/dynamic.json": context deadline exceeded (Client.Timeout exceeded while awaiting headers))
server request failed: server request failed for endpoint https://171.76.82.227:30120/players.json (Get "https://171.76.82.227:30120/players.json": context deadline exceeded (Client.Timeout exceeded while awaiting headers)).
[14:38:40] [error] [citizen-server-i] Server list query returned an error: server request failed: server request failed for endpoint https://171.76.82.227:30120/info.json (Get "https://171.76.82.227:30120/info.json": context deadline exceeded (Client.Timeout exceeded while awaiting headers))
server request failed: server request failed for endpoint https://171.76.82.227:30120/dynamic.json (Get "https://171.76.82.227:30120/dynamic.json": context deadline exceeded (Client.Timeout exceeded while awaiting headers))
server request failed: server request failed for endpoint https://171.76.82.227:30120/players.json (Get "https://171.76.82.227:30120/players.json": context deadline exceeded (Client.Timeout exceeded while awaiting headers)).
║             TXADMIN║ txaEvent "serverShuttingDown" "{\"delay\":5000,\"author\":\"NotAGirl\",\"message\":\"Server restarting (admin request).\"}"
[14:39:09] [ info] [         txadmin] [txAdmin] Server shutting down. Kicking all players.
[14:39:10] [error] [citizen-server-i] Server list query returned an error: server request failed: server request failed for endpoint https://171.76.82.227:30120/info.json (Get "https://171.76.82.227:30120/info.json": context deadline exceeded (Client.Timeout exceeded while awaiting headers))
server request failed: server request failed for endpoint https://171.76.82.227:30120/dynamic.json (Get "https://171.76.82.227:30120/dynamic.json": context deadline exceeded (Client.Timeout exceeded while awaiting headers))
server request failed: server request failed for endpoint https://171.76.82.227:30120/players.json (Get "https://171.76.82.227:30120/players.json": context deadline exceeded (Client.Timeout exceeded while awaiting headers)).

║             TXADMIN║ ================================================================
║             TXADMIN║ ======== [14952] FXServer Starting - 12/9/2026, 2:39:15 pm      
║             TXADMIN║ ================================================================
[14:39:16] [ info] [citizen-server-i] Scanning resources
[14:39:16] [ info] [citizen-server-i] Found 92 resources
[14:39:16] [error] [           fivem] sv_enforceGameBuild is used with an invalid value 3258. Only 1 is supported to remove any game dlcs.
[14:39:17] [ info] [         txadmin] [txAdmin] Resource v9.0.0-beta-646aba9a threads and commands set up. All Ready.
[14:39:17] [ info] [citizen-server-i] Starting resource mapmanager
[14:39:17] [ info] [citizen-server-i] Started resource mapmanager
[14:39:17] [ info] [citizen-server-i] Starting resource spawnmanager
[14:39:17] [ info] [citizen-server-i] Started resource spawnmanager
[14:39:17] [error] [citizen-server-i] Failed to ensure resource sessionmanager. Error: Resource "sessionmanager" not found
[14:39:17] [ info] [citizen-server-i] Stopped resource basic-gamemode
[14:39:17] [error] [citizen-server-i] Failed to ensure resource hardcap. Error: Resource "hardcap" not found
[14:39:17] [ info] [citizen-server-i] Starting resource baseevents
[14:39:17] [ info] [citizen-server-i] Started resource baseevents
[14:39:17] [ info] [citizen-server-i] Starting resource ox_lib
[14:39:17] [ info] [citizen-server-i] Started resource ox_lib
[14:39:17] [ info] [citizen-server-i] Starting resource qbx_core
[14:39:17] [ info] [citizen-server-i] Started resource qbx_core
[14:39:17] [ info] [citizen-server-i] Starting resource ox_target
[14:39:17] [ info] [citizen-server-i] Started resource ox_target
[14:39:17] [ info] [citizen-server-i] Starting resource ox_doorlock
[14:39:17] [ info] [citizen-server-i] Started resource ox_doorlock
[14:39:17] [ info] [citizen-server-i] Starting resource ox_fuel
[14:39:17] [ info] [citizen-server-i] Started resource ox_fuel
[14:39:17] [ info] [citizen-server-i] Starting resource qbx_adminmenu
[14:39:17] [ info] [citizen-server-i] Started resource qbx_adminmenu
[14:39:17] [ info] [citizen-server-i] Starting resource qbx_ambulancejob
[14:39:17] [ info] [citizen-server-i] Started resource qbx_ambulancejob
[14:39:17] [ info] [citizen-server-i] Starting resource qbx_bankrobbery
[14:39:17] [ info] [citizen-server-i] Started resource qbx_bankrobbery
[14:39:17] [ info] [citizen-server-i] Starting resource qbx_binoculars
[14:39:17] [ info] [citizen-server-i] Started resource qbx_binoculars
[14:39:17] [ info] [citizen-server-i] Starting resource qbx_busjob
[14:39:17] [ info] [citizen-server-i] Started resource qbx_busjob
[14:39:17] [ info] [citizen-server-i] Starting resource qbx_carwash
[14:39:17] [ info] [citizen-server-i] Started resource qbx_carwash
[14:39:17] [ info] [citizen-server-i] Starting resource qbx_chat_theme
[14:39:17] [ info] [citizen-server-i] Started resource qbx_chat_theme
[14:39:17] [ info] [citizen-server-i] Starting resource qbx_cityhall
[14:39:18] [ info] [citizen-server-i] Started resource qbx_cityhall
[14:39:18] [ info] [citizen-server-i] Starting resource qbx_customs
[14:39:18] [ info] [citizen-server-i] Started resource qbx_customs
[14:39:18] [ info] [citizen-server-i] Starting resource qbx_density
[14:39:18] [ info] [citizen-server-i] Started resource qbx_density
[14:39:18] [ info] [citizen-server-i] Starting resource qbx_divegear
[14:39:18] [ info] [citizen-server-i] Started resource qbx_divegear
[14:39:18] [ info] [citizen-server-i] Starting resource qbx_diving
[14:39:18] [ info] [citizen-server-i] Started resource qbx_diving
[14:39:18] [ info] [citizen-server-i] Starting resource qbx_drugs
[14:39:18] [ info] [citizen-server-i] Started resource qbx_drugs
[14:39:18] [ info] [citizen-server-i] Starting resource qbx_fireworks
[14:39:18] [ info] [citizen-server-i] Started resource qbx_fireworks
[14:39:18] [ info] [citizen-server-i] Starting resource qbx_garages
[14:39:18] [ info] [citizen-server-i] Started resource qbx_garages
[14:39:18] [ info] [citizen-server-i] Starting resource qbx_garbagejob
[14:39:18] [ info] [citizen-server-i] Started resource qbx_garbagejob
[14:39:18] [ info] [citizen-server-i] Starting resource qbx_houserobbery
[14:39:18] [ info] [citizen-server-i] Started resource qbx_houserobbery
[14:39:18] [ info] [citizen-server-i] Starting resource qbx_hud
[14:39:18] [ info] [citizen-server-i] Started resource qbx_hud
[14:39:18] [ info] [citizen-server-i] Starting resource qbx_idcard
[14:39:18] [ info] [citizen-server-i] Started resource qbx_idcard
[14:39:18] [ info] [citizen-server-i] Starting resource qbx_jewelery
[14:39:18] [ info] [citizen-server-i] Started resource qbx_jewelery
[14:39:18] [ info] [citizen-server-i] Starting resource qbx_lapraces
[14:39:18] [ info] [citizen-server-i] Started resource qbx_lapraces
[14:39:18] [ info] [citizen-server-i] Starting resource qbx_management
[14:39:18] [ info] [citizen-server-i] Started resource qbx_management
[14:39:18] [ info] [citizen-server-i] Starting resource qbx_mechanicjob
[14:39:18] [ info] [citizen-server-i] Started resource qbx_mechanicjob
[14:39:18] [ info] [citizen-server-i] Starting resource qbx_newsjob
[14:39:18] [ info] [citizen-server-i] Started resource qbx_newsjob
[14:39:18] [ info] [citizen-server-i] Starting resource qbx_pawnshop
[14:39:18] [ info] [citizen-server-i] Started resource qbx_pawnshop
[14:39:18] [ info] [citizen-server-i] Starting resource qbx_police
[14:39:18] [ info] [citizen-server-i] Started resource qbx_police
[14:39:18] [ info] [citizen-server-i] Starting resource qbx_properties
[14:39:18] [ info] [citizen-server-i] Started resource qbx_properties
[14:39:18] [ info] [citizen-server-i] Starting resource qbx_radialmenu
[14:39:18] [ info] [citizen-server-i] Started resource qbx_radialmenu
[14:39:18] [ info] [citizen-server-i] Starting resource qbx_recyclejob
[14:39:18] [ info] [citizen-server-i] Started resource qbx_recyclejob
[14:39:18] [ info] [citizen-server-i] Starting resource qbx_scoreboard
[14:39:18] [ info] [citizen-server-i] Started resource qbx_scoreboard
[14:39:18] [ info] [citizen-server-i] Starting resource qbx_scrapyard
[14:39:18] [ info] [citizen-server-i] Started resource qbx_scrapyard
[14:39:18] [ info] [citizen-server-i] Starting resource qbx_seatbelt
[14:39:18] [ info] [citizen-server-i] Started resource qbx_seatbelt
[14:39:18] [ info] [citizen-server-i] Starting resource qbx_smallresources
[14:39:18] [ info] [qbx_smallresourc] [qbx_smallresources] [WARN] [qbx_entitiesblacklist] You have entity blacklist enabled, this means that any entity that is blacklisted in config.lua will not be able to spawn, you can change this in qbx_smallresource/qbx_entitiesblacklist/config.lua
[14:39:18] [ info] [citizen-server-i] Started resource qbx_smallresources
[14:39:18] [ info] [citizen-server-i] Starting resource qbx_spawn
[14:39:18] [ info] [citizen-server-i] Started resource qbx_spawn
[14:39:18] [ info] [citizen-server-i] Starting resource qbx_storerobbery
[14:39:18] [ info] [citizen-server-i] Started resource qbx_storerobbery
[14:39:18] [ info] [citizen-server-i] Starting resource qbx_streetraces
[14:39:18] [ info] [citizen-server-i] Started resource qbx_streetraces
[14:39:18] [ info] [citizen-server-i] Starting resource qbx_taxijob
[14:39:18] [ info] [citizen-server-i] Started resource qbx_taxijob
[14:39:18] [ info] [citizen-server-i] Starting resource qbx_towjob
[14:39:18] [ info] [citizen-server-i] Started resource qbx_towjob
[14:39:18] [ info] [citizen-server-i] Starting resource qbx_truckerjob
[14:39:18] [ info] [citizen-server-i] Started resource qbx_truckerjob
[14:39:18] [ info] [citizen-server-i] Starting resource qbx_truckrobbery
[14:39:18] [ info] [citizen-server-i] Started resource qbx_truckrobbery
[14:39:18] [ info] [citizen-server-i] Starting resource qbx_vehiclekeys
[14:39:18] [ info] [citizen-server-i] Started resource qbx_vehiclekeys
[14:39:18] [ info] [citizen-server-i] Starting resource qbx_vehicles
[14:39:18] [ info] [citizen-server-i] Started resource qbx_vehicles
[14:39:18] [ info] [citizen-server-i] Starting resource qbx_vehiclesales
[14:39:18] [ info] [citizen-server-i] Started resource qbx_vehiclesales
[14:39:18] [ info] [citizen-server-i] Starting resource qbx_vehicleshop
[14:39:18] [ info] [citizen-server-i] Started resource qbx_vehicleshop
[14:39:18] [ info] [citizen-server-i] Starting resource qbx_vineyard
[14:39:18] [ info] [citizen-server-i] Started resource qbx_vineyard
[14:39:18] [ info] [citizen-server-i] Starting resource qbx_weed
[14:39:18] [ info] [citizen-server-i] Started resource qbx_weed
[14:39:18] [ info] [citizen-server-i] Starting resource bob74_ipl
[14:39:18] [ info] [citizen-server-i] Started resource bob74_ipl
[14:39:18] [ info] [citizen-server-i] Starting resource illenium-appearance
[14:39:18] [ info] [citizen-server-i] Started resource illenium-appearance
[14:39:18] [ info] [citizen-server-i] Starting resource loadscreen
[14:39:18] [ info] [citizen-server-i] Started resource loadscreen
[14:39:18] [ info] [citizen-server-i] Starting resource mana_audio
[14:39:18] [ info] [citizen-server-i] Started resource mana_audio
[14:39:18] [ info] [citizen-server-i] Starting resource mhacking
[14:39:18] [ info] [citizen-server-i] Started resource mhacking
[14:39:18] [ info] [citizen-server-i] Starting resource Renewed-Banking
[14:39:18] [ info] [citizen-server-i] Started resource Renewed-Banking
[14:39:18] [ info] [citizen-server-i] Starting resource Renewed-Weathersync
[14:39:18] [ info] [citizen-server-i] Started resource Renewed-Weathersync
[14:39:18] [ info] [citizen-server-i] Starting resource safecracker
[14:39:18] [ info] [citizen-server-i] Started resource safecracker
[14:39:18] [ info] [citizen-server-i] Starting resource screencapture
[14:39:18] [ info] [citizen-server-i] Started resource screencapture
[14:39:18] [ info] [citizen-server-i] Starting resource scully_emotemenu
[14:39:19] [ info] [citizen-server-i] Started resource scully_emotemenu
[14:39:19] [ info] [citizen-server-i] Starting resource ultra-voltlab
[14:39:19] [ info] [citizen-server-i] Started resource ultra-voltlab
[14:39:19] [ info] [citizen-server-i] Starting resource vehiclehandler
[14:39:19] [ info] [citizen-server-i] Started resource vehiclehandler
[14:39:19] [ info] [citizen-server-i] Starting resource xt-prison
[14:39:19] [error] [extra-natives-fi] Command jail is already registered.
[14:39:19] [error] [extra-natives-fi] Command unjail is already registered.
[14:39:19] [ info] [citizen-server-i] Started resource xt-prison
[14:39:19] [ info] [citizen-server-i] Starting resource mm_radio
[14:39:19] [ info] [citizen-server-i] Started resource mm_radio
[14:39:19] [error] [citizen-server-i] No resources found for category [assets]
[14:39:19] [ info] [citizen-server-i] Starting resource npwd_qbx_garages
[14:39:19] [ info] [citizen-server-i] Started resource npwd_qbx_garages
[14:39:19] [ info] [citizen-server-i] Starting resource npwd_qbx_mail
[14:39:19] [ info] [citizen-server-i] Started resource npwd_qbx_mail
[14:39:19] [ info] [citizen-server-i] Starting resource qbx_npwd
[14:39:19] [ info] [citizen-server-i] Started resource qbx_npwd
[14:39:19] [ info] [citizen-server-i] Starting resource npwd
[14:39:19] [ info] [citizen-server-i] Started resource npwd
║              STDERR║ (node:14952) ExperimentalWarning: localStorage is not available because --localstorage-file was not provided.
║              STDERR║ (Use `node --trace-warnings ...` to show where the warning was created)
[14:39:20] [ warn] [              js] Unhandled promise rejection in resource npwd
[14:39:20] [ warn] [              js] Uncaught Error: Driver not found.
dist/game/server/server.js(5138,130): getDriver
dist/game/server/server.js(5199,28): 
node:internal/process/task_queues(104,5): processTicksAndRejections

[14:39:20] [ warn] [              js] Unhandled promise rejection in resource npwd
[14:39:20] [ warn] [              js] Uncaught Error: Driver not found.
dist/game/server/server.js(5138,130): getDriver
dist/game/server/server.js(5199,28): 
node:internal/process/task_queues(104,5): processTicksAndRejections

[14:39:20] [ warn] [              js] Unhandled promise rejection in resource npwd
[14:39:20] [ warn] [              js] Uncaught Error: No available storage method found.
dist/game/server/server.js(5207,27): 
node:internal/process/task_queues(104,5): processTicksAndRejections

[14:39:20] [error] [citizen-server-i] Server list query returned an error: server request failed: server request failed for endpoint https://171.76.82.227:30120/info.json (Get "https://171.76.82.227:30120/info.json": context deadline exceeded (Client.Timeout exceeded while awaiting headers))
server request failed: server request failed for endpoint https://171.76.82.227:30120/dynamic.json (Get "https://171.76.82.227:30120/dynamic.json": context deadline exceeded (Client.Timeout exceeded while awaiting headers))
server request failed: server request failed for endpoint https://171.76.82.227:30120/players.json (Get "https://171.76.82.227:30120/players.json": context deadline exceeded (Client.Timeout exceeded while awaiting headers)).
[14:39:20] [ warn] [citizen-server-i] ScheduleResourceTick: This native is deprecated. Script resources in FiveM for GTAV Enhanced are running on the same tick rate as the server main tick.
[14:39:20] [ info] [         oxmysql] [12.3.3-MariaDB] Database server connection established!
[14:39:20] [ info] [       xt-prison] [xt-prison] [INFO] Initializing Table: xt_prison
[14:39:20] [ info] [       xt-prison] [xt-prison] [INFO] Initializing Table: xt_prison_items
[14:39:21] [ info] [        qbx_core] [qbx_core] [INFO] Removed invalid groups from player_groups table
[14:39:21] [ info] [    ox_inventory] [ox_inventory] [INFO] Inventory has loaded 218 items
[14:39:21] [ info] [        qbx_core] 
Welcome to Qbox!
To learn more, please check out the documentation at https://docs.qbox.re/.
To turn this message off, set the qbx:acknowledge convar to true in your server.cfg file.

[14:39:21] [ info] [scully_emotemenu] [scully_emotemenu] You are currently running the latest version.
[14:39:50] [error] [citizen-server-i] Server list query returned an error: server request failed: server request failed for endpoint https://171.76.82.227:30120/info.json (Get "https://171.76.82.227:30120/info.json": context deadline exceeded (Client.Timeout exceeded while awaiting headers))
server request failed: server request failed for endpoint https://171.76.82.227:30120/dynamic.json (Get "https://171.76.82.227:30120/dynamic.json": context deadline exceeded (Client.Timeout exceeded while awaiting headers))
server request failed: server request failed for endpoint https://171.76.82.227:30120/players.json (Get "https://171.76.82.227:30120/players.json": context deadline exceeded (Client.Timeout exceeded while awaiting headers)).
[14:40:21] [error] [citizen-server-i] Server list query returned an error: server request failed: server request failed for endpoint https://171.76.82.227:30120/info.json (Get "https://171.76.82.227:30120/info.json": context deadline exceeded (Client.Timeout exceeded while awaiting headers))
server request failed: server request failed for endpoint https://171.76.82.227:30120/dynamic.json (Get "https://171.76.82.227:30120/dynamic.json": context deadline exceeded (Client.Timeout exceeded while awaiting headers))
server request failed: server request failed for endpoint https://171.76.82.227:30120/players.json (Get "https://171.76.82.227:30120/players.json": context deadline exceeded (Client.Timeout exceeded while awaiting headers)).
[14:40:51] [error] [citizen-server-i] Server list query returned an error: server request failed: server request failed for endpoint https://171.76.82.227:30120/info.json (Get "https://171.76.82.227:30120/info.json": context deadline exceeded (Client.Timeout exceeded while awaiting headers))
server request failed: server request failed for endpoint https://171.76.82.227:30120/players.json (Get "https://171.76.82.227:30120/players.json": context deadline exceeded (Client.Timeout exceeded while awaiting headers))
server request failed: server request failed for endpoint https://171.76.82.227:30120/dynamic.json (Get "https://171.76.82.227:30120/dynamic.json": context deadline exceeded (Client.Timeout exceeded while awaiting headers)).
[14:41:21] [error] [citizen-server-i] Server list query returned an error: server request failed: server request failed for endpoint https://171.76.82.227:30120/info.json (Get "https://171.76.82.227:30120/info.json": context deadline exceeded (Client.Timeout exceeded while awaiting headers))
server request failed: server request failed for endpoint https://171.76.82.227:30120/players.json (Get "https://171.76.82.227:30120/players.json": context deadline exceeded (Client.Timeout exceeded while awaiting headers))
server request failed: server request failed for endpoint https://171.76.82.227:30120/dynamic.json (Get "https://171.76.82.227:30120/dynamic.json": context deadline exceeded (Client.Timeout exceeded while awaiting headers)).
[14:41:51] [error] [citizen-server-i] Server list query returned an error: server request failed: server request failed for endpoint https://171.76.82.227:30120/info.json (Get "https://171.76.82.227:30120/info.json": context deadline exceeded (Client.Timeout exceeded while awaiting headers))
server request failed: server request failed for endpoint https://171.76.82.227:30120/players.json (Get "https://171.76.82.227:30120/players.json": context deadline exceeded (Client.Timeout exceeded while awaiting headers))
server request failed: server request failed for endpoint https://171.76.82.227:30120/dynamic.json (Get "https://171.76.82.227:30120/dynamic.json": context deadline exceeded (Client.Timeout exceeded while awaiting headers)).
[14:41:52] [ info] [        qbx_core] [qbx_core] [INFO] NotAGirl has created a character
[14:42:22] [error] [citizen-server-i] Server list query returned an error: server request failed: server request failed for endpoint https://171.76.82.227:30120/info.json (Get "https://171.76.82.227:30120/info.json": context deadline exceeded (Client.Timeout exceeded while awaiting headers))
server request failed: server request failed for endpoint https://171.76.82.227:30120/players.json (Get "https://171.76.82.227:30120/players.json": context deadline exceeded (Client.Timeout exceeded while awaiting headers))
server request failed: server request failed for endpoint https://171.76.82.227:30120/dynamic.json (Get "https://171.76.82.227:30120/dynamic.json": context deadline exceeded (Client.Timeout exceeded while awaiting headers)).
[14:42:52] [error] [citizen-server-i] Server list query returned an error: server request failed: server request failed for endpoint https://171.76.82.227:30120/dynamic.json (Get "https://171.76.82.227:30120/dynamic.json": context deadline exceeded (Client.Timeout exceeded while awaiting headers))
server request failed: server request failed for endpoint https://171.76.82.227:30120/players.json (Get "https://171.76.82.227:30120/players.json": context deadline exceeded (Client.Timeout exceeded while awaiting headers))
server request failed: server request failed for endpoint https://171.76.82.227:30120/info.json (Get "https://171.76.82.227:30120/info.json": context deadline exceeded (Client.Timeout exceeded while awaiting headers)).
[14:43:22] [error] [citizen-server-i] Server list query returned an error: server request failed: server request failed for endpoint https://171.76.82.227:30120/dynamic.json (Get "https://171.76.82.227:30120/dynamic.json": context deadline exceeded (Client.Timeout exceeded while awaiting headers))
server request failed: server request failed for endpoint https://171.76.82.227:30120/players.json (Get "https://171.76.82.227:30120/players.json": context deadline exceeded (Client.Timeout exceeded while awaiting headers))
server request failed: server request failed for endpoint https://171.76.82.227:30120/info.json (Get "https://171.76.82.227:30120/info.json": context deadline exceeded (Client.Timeout exceeded while awaiting headers)).
[14:43:53] [error] [citizen-server-i] Server list query returned an error: server request failed: server request failed for endpoint https://171.76.82.227:30120/dynamic.json (Get "https://171.76.82.227:30120/dynamic.json": context deadline exceeded (Client.Timeout exceeded while awaiting headers))
server request failed: server request failed for endpoint https://171.76.82.227:30120/players.json (Get "https://171.76.82.227:30120/players.json": context deadline exceeded (Client.Timeout exceeded while awaiting headers))
server request failed: server request failed for endpoint https://171.76.82.227:30120/info.json (Get "https://171.76.82.227:30120/info.json": context deadline exceeded (Client.Timeout exceeded while awaiting headers)).
[14:44:23] [error] [citizen-server-i] Server list query returned an error: server request failed: server request failed for endpoint https://171.76.82.227:30120/dynamic.json (Get "https://171.76.82.227:30120/dynamic.json": context deadline exceeded (Client.Timeout exceeded while awaiting headers))
server request failed: server request failed for endpoint https://171.76.82.227:30120/players.json (Get "https://171.76.82.227:30120/players.json": context deadline exceeded (Client.Timeout exceeded while awaiting headers))
server request failed: server request failed for endpoint https://171.76.82.227:30120/info.json (Get "https://171.76.82.227:30120/info.json": context deadline exceeded (Client.Timeout exceeded while awaiting headers)).
[14:44:53] [error] [citizen-server-i] Server list query returned an error: server request failed: server request failed for endpoint https://171.76.82.227:30120/dynamic.json (Get "https://171.76.82.227:30120/dynamic.json": context deadline exceeded (Client.Timeout exceeded while awaiting headers))
server request failed: server request failed for endpoint https://171.76.82.227:30120/players.json (Get "https://171.76.82.227:30120/players.json": context deadline exceeded (Client.Timeout exceeded while awaiting headers))
server request failed: server request failed for endpoint https://171.76.82.227:30120/info.json (Get "https://171.76.82.227:30120/info.json": context deadline exceeded (Client.Timeout exceeded while awaiting headers)).
[14:45:24] [error] [citizen-server-i] Server list query returned an error: server request failed: server request failed for endpoint https://171.76.82.227:30120/dynamic.json (Get "https://171.76.82.227:30120/dynamic.json": context deadline exceeded (Client.Timeout exceeded while awaiting headers))
server request failed: server request failed for endpoint https://171.76.82.227:30120/players.json (Get "https://171.76.82.227:30120/players.json": context deadline exceeded (Client.Timeout exceeded while awaiting headers))
server request failed: server request failed for endpoint https://171.76.82.227:30120/info.json (Get "https://171.76.82.227:30120/info.json": context deadline exceeded (Client.Timeout exceeded while awaiting headers)).
║             TXADMIN║ ================================================================
║             TXADMIN║ ======== [17488] FXServer Starting - 12/9/2026, 11:52:33 pm     
║             TXADMIN║ ================================================================
[23:52:36] [ info] [citizen-server-i] Scanning resources
[23:52:36] [ info] [citizen-server-i] Found 95 resources
[23:52:38] [ info] [         txadmin] [txAdmin] Resource v9.0.0-beta-646aba9a threads and commands set up. All Ready.
[23:52:38] [ info] [citizen-server-i] Starting resource mapmanager
[23:52:38] [ info] [citizen-server-i] Started resource mapmanager
[23:52:38] [ info] [citizen-server-i] Starting resource spawnmanager
[23:52:38] [ info] [citizen-server-i] Started resource spawnmanager
[23:52:38] [ info] [citizen-server-i] Stopped resource basic-gamemode
[23:52:38] [ info] [citizen-server-i] Starting resource baseevents
[23:52:38] [ info] [citizen-server-i] Started resource baseevents
[23:52:38] [ info] [citizen-server-i] Starting resource ox_lib
[23:52:39] [ info] [citizen-server-i] Started resource ox_lib
[23:52:39] [ info] [citizen-server-i] Starting resource qbx_core
[23:52:41] [ info] [citizen-server-i] Started resource qbx_core
[23:52:41] [ info] [citizen-server-i] Starting resource ox_target
[23:52:41] [ info] [citizen-server-i] Started resource ox_target
[23:52:41] [ info] [citizen-server-i] Starting resource ox_doorlock
[23:52:42] [ info] [citizen-server-i] Started resource ox_doorlock
[23:52:42] [ info] [citizen-server-i] Starting resource ox_fuel
[23:52:43] [ info] [citizen-server-i] Started resource ox_fuel
[23:52:43] [ info] [citizen-server-i] Starting resource qbx_adminmenu
[23:52:44] [ info] [citizen-server-i] Started resource qbx_adminmenu
[23:52:44] [ info] [citizen-server-i] Starting resource qbx_ambulancejob
[23:52:44] [ info] [citizen-server-i] Started resource qbx_ambulancejob
[23:52:44] [ info] [citizen-server-i] Starting resource qbx_bankrobbery
[23:52:44] [ info] [citizen-server-i] Started resource qbx_bankrobbery
[23:52:44] [ info] [citizen-server-i] Starting resource qbx_binoculars
[23:52:44] [ info] [citizen-server-i] Started resource qbx_binoculars
[23:52:44] [ info] [citizen-server-i] Starting resource qbx_busjob
[23:52:44] [ info] [citizen-server-i] Started resource qbx_busjob
[23:52:44] [ info] [citizen-server-i] Starting resource qbx_carwash
[23:52:45] [ info] [citizen-server-i] Started resource qbx_carwash
[23:52:45] [ info] [citizen-server-i] Starting resource qbx_chat_theme
[23:52:45] [ info] [citizen-server-i] Started resource qbx_chat_theme
[23:52:45] [ info] [citizen-server-i] Starting resource qbx_cityhall
[23:52:45] [ info] [citizen-server-i] Started resource qbx_cityhall
[23:52:45] [ info] [citizen-server-i] Starting resource qbx_customs
[23:52:45] [ info] [citizen-server-i] Started resource qbx_customs
[23:52:45] [ info] [citizen-server-i] Starting resource qbx_density
[23:52:45] [ info] [citizen-server-i] Started resource qbx_density
[23:52:45] [ info] [citizen-server-i] Starting resource qbx_divegear
[23:52:45] [ info] [citizen-server-i] Started resource qbx_divegear
[23:52:45] [ info] [citizen-server-i] Starting resource qbx_diving
[23:52:45] [ info] [citizen-server-i] Started resource qbx_diving
[23:52:45] [ info] [citizen-server-i] Starting resource qbx_drugs
[23:52:46] [ info] [citizen-server-i] Started resource qbx_drugs
[23:52:46] [ info] [citizen-server-i] Starting resource qbx_fireworks
[23:52:46] [ info] [citizen-server-i] Started resource qbx_fireworks
[23:52:46] [ info] [citizen-server-i] Starting resource qbx_garages
[23:52:46] [ info] [citizen-server-i] Started resource qbx_garages
[23:52:46] [ info] [citizen-server-i] Starting resource qbx_garbagejob
[23:52:46] [ info] [citizen-server-i] Started resource qbx_garbagejob
[23:52:46] [ info] [citizen-server-i] Starting resource qbx_houserobbery
[23:52:46] [ info] [citizen-server-i] Started resource qbx_houserobbery
[23:52:46] [ info] [citizen-server-i] Starting resource qbx_hud
[23:52:46] [ info] [citizen-server-i] Started resource qbx_hud
[23:52:46] [ info] [citizen-server-i] Starting resource qbx_idcard
[23:52:47] [ info] [citizen-server-i] Started resource qbx_idcard
[23:52:47] [ info] [citizen-server-i] Starting resource qbx_jewelery
[23:52:47] [ info] [citizen-server-i] Started resource qbx_jewelery
[23:52:47] [ info] [citizen-server-i] Starting resource qbx_lapraces
[23:52:47] [ info] [citizen-server-i] Started resource qbx_lapraces
[23:52:47] [ info] [citizen-server-i] Starting resource qbx_management
[23:52:47] [ info] [citizen-server-i] Started resource qbx_management
[23:52:47] [ info] [citizen-server-i] Starting resource qbx_mechanicjob
[23:52:47] [ info] [citizen-server-i] Started resource qbx_mechanicjob
[23:52:47] [ info] [citizen-server-i] Starting resource qbx_newsjob
[23:52:48] [ info] [citizen-server-i] Started resource qbx_newsjob
[23:52:48] [ info] [citizen-server-i] Starting resource qbx_pawnshop
[23:52:48] [ info] [citizen-server-i] Started resource qbx_pawnshop
[23:52:48] [ info] [citizen-server-i] Starting resource qbx_police
[23:52:48] [ info] [citizen-server-i] Started resource qbx_police
[23:52:48] [ info] [citizen-server-i] Starting resource qbx_properties
[23:52:48] [ info] [citizen-server-i] Started resource qbx_properties
[23:52:48] [ info] [citizen-server-i] Starting resource qbx_radialmenu
[23:52:49] [ info] [citizen-server-i] Started resource qbx_radialmenu
[23:52:49] [ info] [citizen-server-i] Starting resource qbx_recyclejob
[23:52:49] [ info] [citizen-server-i] Started resource qbx_recyclejob
[23:52:49] [ info] [citizen-server-i] Starting resource qbx_scoreboard
[23:52:49] [ info] [citizen-server-i] Started resource qbx_scoreboard
[23:52:49] [ info] [citizen-server-i] Starting resource qbx_scrapyard
[23:52:49] [ info] [citizen-server-i] Started resource qbx_scrapyard
[23:52:49] [ info] [citizen-server-i] Starting resource qbx_seatbelt
[23:52:49] [ info] [citizen-server-i] Started resource qbx_seatbelt
[23:52:49] [ info] [citizen-server-i] Starting resource qbx_smallresources
[23:52:49] [ info] [qbx_smallresourc] [qbx_smallresources] [WARN] [qbx_entitiesblacklist] You have entity blacklist enabled, this means that any entity that is blacklisted in config.lua will not be able to spawn, you can change this in qbx_smallresource/qbx_entitiesblacklist/config.lua
[23:52:50] [ info] [citizen-server-i] Started resource qbx_smallresources
[23:52:50] [ info] [citizen-server-i] Starting resource qbx_spawn
[23:52:50] [ info] [citizen-server-i] Started resource qbx_spawn
[23:52:50] [ info] [citizen-server-i] Starting resource qbx_storerobbery
[23:52:50] [ info] [citizen-server-i] Started resource qbx_storerobbery
[23:52:50] [ info] [citizen-server-i] Starting resource qbx_streetraces
[23:52:50] [ info] [citizen-server-i] Started resource qbx_streetraces
[23:52:50] [ info] [citizen-server-i] Starting resource qbx_taxijob
[23:52:50] [ info] [citizen-server-i] Started resource qbx_taxijob
[23:52:50] [ info] [citizen-server-i] Starting resource qbx_towjob
[23:52:50] [ info] [citizen-server-i] Started resource qbx_towjob
[23:52:50] [ info] [citizen-server-i] Starting resource qbx_truckerjob
[23:52:50] [ info] [citizen-server-i] Started resource qbx_truckerjob
[23:52:50] [ info] [citizen-server-i] Starting resource qbx_truckrobbery
[23:52:50] [ info] [citizen-server-i] Started resource qbx_truckrobbery
[23:52:50] [ info] [citizen-server-i] Starting resource qbx_vehiclekeys
[23:52:51] [ info] [citizen-server-i] Started resource qbx_vehiclekeys
[23:52:51] [ info] [citizen-server-i] Starting resource qbx_vehicles
[23:52:51] [ info] [citizen-server-i] Started resource qbx_vehicles
[23:52:51] [ info] [citizen-server-i] Starting resource qbx_vehiclesales
[23:52:51] [ info] [citizen-server-i] Started resource qbx_vehiclesales
[23:52:51] [ info] [citizen-server-i] Starting resource qbx_vehicleshop
[23:52:51] [ info] [citizen-server-i] Started resource qbx_vehicleshop
[23:52:51] [ info] [citizen-server-i] Starting resource qbx_vineyard
[23:52:51] [ info] [citizen-server-i] Started resource qbx_vineyard
[23:52:51] [ info] [citizen-server-i] Starting resource qbx_weed
[23:52:51] [ info] [citizen-server-i] Started resource qbx_weed
[23:52:51] [ info] [citizen-server-i] Starting resource bob74_ipl
[23:52:52] [ info] [citizen-server-i] Started resource bob74_ipl
[23:52:52] [ info] [citizen-server-i] Starting resource illenium-appearance
[23:52:53] [ info] [citizen-server-i] Started resource illenium-appearance
[23:52:53] [ info] [citizen-server-i] Starting resource loadscreen
[23:52:54] [ info] [citizen-server-i] Started resource loadscreen
[23:52:54] [ info] [citizen-server-i] Starting resource mana_audio
[23:52:54] [ info] [citizen-server-i] Started resource mana_audio
[23:52:54] [ info] [citizen-server-i] Starting resource mhacking
[23:52:54] [ info] [citizen-server-i] Started resource mhacking
[23:52:54] [ info] [citizen-server-i] Starting resource Renewed-Banking
[23:52:54] [ info] [citizen-server-i] Started resource Renewed-Banking
[23:52:54] [ info] [citizen-server-i] Starting resource Renewed-Weathersync
[23:52:54] [ info] [citizen-server-i] Started resource Renewed-Weathersync
[23:52:54] [ info] [citizen-server-i] Starting resource safecracker
[23:52:54] [ info] [citizen-server-i] Started resource safecracker
[23:52:54] [ info] [citizen-server-i] Starting resource screencapture
[23:52:54] [ info] [citizen-server-i] Started resource screencapture
[23:52:54] [ info] [citizen-server-i] Starting resource scully_emotemenu
[23:52:55] [ info] [citizen-server-i] Started resource scully_emotemenu
[23:52:55] [ info] [citizen-server-i] Starting resource ultra-voltlab
[23:52:55] [ info] [citizen-server-i] Started resource ultra-voltlab
[23:52:55] [ info] [citizen-server-i] Starting resource vehiclehandler
[23:52:55] [ info] [citizen-server-i] Started resource vehiclehandler
[23:52:55] [ info] [citizen-server-i] Starting resource xt-prison
[23:52:55] [ info] [citizen-server-i] Started resource xt-prison
[23:52:55] [ info] [citizen-server-i] Starting resource mm_radio
[23:52:56] [ info] [citizen-server-i] Started resource mm_radio
[23:52:56] [ info] [citizen-server-i] Starting resource botrp_core
[23:52:56] [ info] [      botrp_core] [BotRP] core v0.1.0 started
[23:52:56] [ info] [citizen-server-i] Started resource botrp_core
[23:52:56] [ info] [citizen-server-i] Starting resource botrp_identity
[23:52:56] [ info] [  botrp_identity] [BotRP] identity v0.4.0 started
[23:52:56] [ info] [citizen-server-i] Started resource botrp_identity
[23:52:56] [ info] [citizen-server-i] Starting resource botrp_audit
[23:52:56] [ info] [     botrp_audit] [BotRP Audit] botrp_audit started
[23:52:56] [ info] [     botrp_audit] [BotRP Audit] {"timestamp":"2026-09-12T18:22:56Z","metadata":[],"id":"20260912182256-7376-6524","category":"resource","action":"started","resource":"botrp_audit"}
[23:52:56] [ info] [citizen-server-i] Started resource botrp_audit
[23:52:56] [ info] [citizen-server-i] Starting resource botrp_playerstate
[23:52:56] [ info] [     botrp_audit] [BotRP Audit] {"timestamp":"2026-09-12T18:22:56Z","metadata":[],"id":"20260912182256-7376-8642","category":"resource","action":"started","resource":"botrp_playerstate"}
[23:52:56] [ info] [botrp_playerstat] [BotRP] playerstate v0.1.0 started
[23:52:56] [ info] [citizen-server-i] Started resource botrp_playerstate
[23:52:56] [ info] [citizen-server-i] Starting resource qbx_npwd
[23:52:56] [ info] [     botrp_audit] [BotRP Audit] {"timestamp":"2026-09-12T18:22:56Z","metadata":[],"id":"20260912182256-7376-0748","category":"resource","action":"started","resource":"qbx_npwd"}
[23:52:56] [ info] [citizen-server-i] Started resource qbx_npwd
[23:52:56] [ info] [citizen-server-i] Starting resource npwd
[23:52:58] [ info] [     botrp_audit] [BotRP Audit] {"timestamp":"2026-09-12T18:22:58Z","metadata":[],"id":"20260912182258-7378-2315","category":"resource","action":"started","resource":"npwd"}
[23:52:58] [ info] [citizen-server-i] Started resource npwd
║              STDERR║ (node:17488) ExperimentalWarning: localStorage is not available because --localstorage-file was not provided.
║              STDERR║ (Use `node --trace-warnings ...` to show where the warning was created)
[23:52:59] [ warn] [              js] Unhandled promise rejection in resource npwd
[23:52:59] [ warn] [              js] Uncaught Error: Driver not found.
dist/game/server/server.js(5138,130): getDriver
dist/game/server/server.js(5199,28): 
node:internal/process/task_queues(104,5): processTicksAndRejections

[23:52:59] [ warn] [              js] Unhandled promise rejection in resource npwd
[23:52:59] [ warn] [              js] Uncaught Error: Driver not found.
dist/game/server/server.js(5138,130): getDriver
dist/game/server/server.js(5199,28): 
node:internal/process/task_queues(104,5): processTicksAndRejections

[23:52:59] [ warn] [              js] Unhandled promise rejection in resource npwd
[23:52:59] [ warn] [              js] Uncaught Error: No available storage method found.
dist/game/server/server.js(5207,27): 
node:internal/process/task_queues(104,5): processTicksAndRejections

[23:52:59] [error] [citizen-server-i] Server list query returned an error: server request failed: server request failed for endpoint https://171.76.82.227:30120/info.json (Get "https://171.76.82.227:30120/info.json": context deadline exceeded (Client.Timeout exceeded while awaiting headers))
server request failed: server request failed for endpoint https://171.76.82.227:30120/dynamic.json (Get "https://171.76.82.227:30120/dynamic.json": context deadline exceeded (Client.Timeout exceeded while awaiting headers))
server request failed: server request failed for endpoint https://171.76.82.227:30120/players.json (Get "https://171.76.82.227:30120/players.json": context deadline exceeded (Client.Timeout exceeded while awaiting headers)).
[23:52:59] [ warn] [citizen-server-i] ScheduleResourceTick: This native is deprecated. Script resources in FiveM for GTAV Enhanced are running on the same tick rate as the server main tick.
[23:52:59] [ info] [         oxmysql] [12.3.3-MariaDB] Database server connection established!
[23:52:59] [ info] [       xt-prison] [xt-prison] [INFO] Initializing Table: xt_prison
[23:52:59] [ info] [       xt-prison] [xt-prison] [INFO] Initializing Table: xt_prison_items
[23:52:59] [ info] [        qbx_core] 
Welcome to Qbox!
To learn more, please check out the documentation at https://docs.qbox.re/.
To turn this message off, set the qbx:acknowledge convar to true in your server.cfg file.

[23:52:59] [ info] [        qbx_core] [qbx_core] [INFO] Removed invalid groups from player_groups table
[23:53:00] [ info] [    ox_inventory] [ox_inventory] [INFO] Inventory has loaded 221 items
[23:53:00] [ info] [scully_emotemenu] [scully_emotemenu] You are currently running the latest version.
[23:53:29] [error] [citizen-server-i] Server list query returned an error: server request failed: server request failed for endpoint https://171.76.82.227:30120/info.json (Get "https://171.76.82.227:30120/info.json": context deadline exceeded (Client.Timeout exceeded while awaiting headers))
server request failed: server request failed for endpoint https://171.76.82.227:30120/players.json (Get "https://171.76.82.227:30120/players.json": context deadline exceeded (Client.Timeout exceeded while awaiting headers))
server request failed: server request failed for endpoint https://171.76.82.227:30120/dynamic.json (Get "https://171.76.82.227:30120/dynamic.json": context deadline exceeded (Client.Timeout exceeded while awaiting headers)).
[23:54:00] [error] [citizen-server-i] Server list query returned an error: server request failed: server request failed for endpoint https://171.76.82.227:30120/info.json (Get "https://171.76.82.227:30120/info.json": context deadline exceeded (Client.Timeout exceeded while awaiting headers))
server request failed: server request failed for endpoint https://171.76.82.227:30120/players.json (Get "https://171.76.82.227:30120/players.json": context deadline exceeded (Client.Timeout exceeded while awaiting headers))
server request failed: server request failed for endpoint https://171.76.82.227:30120/dynamic.json (Get "https://171.76.82.227:30120/dynamic.json": context deadline exceeded (Client.Timeout exceeded while awaiting headers)).
[23:54:30] [error] [citizen-server-i] Server list query returned an error: server request failed: server request failed for endpoint https://171.76.82.227:30120/info.json (Get "https://171.76.82.227:30120/info.json": context deadline exceeded (Client.Timeout exceeded while awaiting headers))
server request failed: server request failed for endpoint https://171.76.82.227:30120/players.json (Get "https://171.76.82.227:30120/players.json": context deadline exceeded (Client.Timeout exceeded while awaiting headers))
server request failed: server request failed for endpoint https://171.76.82.227:30120/dynamic.json (Get "https://171.76.82.227:30120/dynamic.json": context deadline exceeded (Client.Timeout exceeded while awaiting headers)).
[23:55:00] [error] [citizen-server-i] Server list query returned an error: server request failed: server request failed for endpoint https://171.76.82.227:30120/info.json (Get "https://171.76.82.227:30120/info.json": context deadline exceeded (Client.Timeout exceeded while awaiting headers))
server request failed: server request failed for endpoint https://171.76.82.227:30120/players.json (Get "https://171.76.82.227:30120/players.json": context deadline exceeded (Client.Timeout exceeded while awaiting headers))
server request failed: server request failed for endpoint https://171.76.82.227:30120/dynamic.json (Get "https://171.76.82.227:30120/dynamic.json": context deadline exceeded (Client.Timeout exceeded while awaiting headers)).
[23:55:31] [error] [citizen-server-i] Server list query returned an error: server request failed: server request failed for endpoint https://171.76.82.227:30120/players.json (Get "https://171.76.82.227:30120/players.json": context deadline exceeded (Client.Timeout exceeded while awaiting headers))
server request failed: server request failed for endpoint https://171.76.82.227:30120/dynamic.json (Get "https://171.76.82.227:30120/dynamic.json": context deadline exceeded (Client.Timeout exceeded while awaiting headers))
server request failed: server request failed for endpoint https://171.76.82.227:30120/info.json (Get "https://171.76.82.227:30120/info.json": context deadline exceeded (Client.Timeout exceeded while awaiting headers)).
[23:56:01] [error] [citizen-server-i] Server list query returned an error: server request failed: server request failed for endpoint https://171.76.82.227:30120/players.json (Get "https://171.76.82.227:30120/players.json": context deadline exceeded (Client.Timeout exceeded while awaiting headers))
server request failed: server request failed for endpoint https://171.76.82.227:30120/dynamic.json (Get "https://171.76.82.227:30120/dynamic.json": context deadline exceeded (Client.Timeout exceeded while awaiting headers))
server request failed: server request failed for endpoint https://171.76.82.227:30120/info.json (Get "https://171.76.82.227:30120/info.json": context deadline exceeded (Client.Timeout exceeded while awaiting headers)).
[23:56:07] [ info] [     botrp_audit] [BotRP Audit] {"timestamp":"2026-09-12T18:26:07Z","metadata":[],"id":"20260912182607-7567-9973","category":"player","message":"Player connection started","action":"joining","source":1,"resource":"botrp_audit"}
[23:56:21] [ info] [        qbx_core] [qbx_core] [INFO] NotAGirl has created a character
[23:56:28] [ info] [      botrp_core] event QBCore:Server:OnPlayerLoaded was not safe for net

> Trace
> [global chunk] (scheduler.lua:115)

[23:56:31] [error] [citizen-server-i] Server list query returned an error: server request failed: server request failed for endpoint https://171.76.82.227:30120/players.json (Get "https://171.76.82.227:30120/players.json": context deadline exceeded (Client.Timeout exceeded while awaiting headers))
server request failed: server request failed for endpoint https://171.76.82.227:30120/dynamic.json (Get "https://171.76.82.227:30120/dynamic.json": context deadline exceeded (Client.Timeout exceeded while awaiting headers))
server request failed: server request failed for endpoint https://171.76.82.227:30120/info.json (Get "https://171.76.82.227:30120/info.json": context deadline exceeded (Client.Timeout exceeded while awaiting headers)).
[23:57:02] [error] [citizen-server-i] Server list query returned an error: server request failed: server request failed for endpoint https://171.76.82.227:30120/players.json (Get "https://171.76.82.227:30120/players.json": context deadline exceeded (Client.Timeout exceeded while awaiting headers))
server request failed: server request failed for endpoint https://171.76.82.227:30120/dynamic.json (Get "https://171.76.82.227:30120/dynamic.json": context deadline exceeded (Client.Timeout exceeded while awaiting headers))
server request failed: server request failed for endpoint https://171.76.82.227:30120/info.json (Get "https://171.76.82.227:30120/info.json": context deadline exceeded (Client.Timeout exceeded while awaiting headers)).
[23:57:32] [error] [citizen-server-i] Server list query returned an error: server request failed: server request failed for endpoint https://171.76.82.227:30120/players.json (Get "https://171.76.82.227:30120/players.json": context deadline exceeded (Client.Timeout exceeded while awaiting headers))
server request failed: server request failed for endpoint https://171.76.82.227:30120/dynamic.json (Get "https://171.76.82.227:30120/dynamic.json": context deadline exceeded (Client.Timeout exceeded while awaiting headers))
server request failed: server request failed for endpoint https://171.76.82.227:30120/info.json (Get "https://171.76.82.227:30120/info.json": context deadline exceeded (Client.Timeout exceeded while awaiting headers)).
[23:58:02] [error] [citizen-server-i] Server list query returned an error: server request failed: server request failed for endpoint https://171.76.82.227:30120/players.json (Get "https://171.76.82.227:30120/players.json": context deadline exceeded (Client.Timeout exceeded while awaiting headers))
server request failed: server request failed for endpoint https://171.76.82.227:30120/dynamic.json (Get "https://171.76.82.227:30120/dynamic.json": context deadline exceeded (Client.Timeout exceeded while awaiting headers))
server request failed: server request failed for endpoint https://171.76.82.227:30120/info.json (Get "https://171.76.82.227:30120/info.json": context deadline exceeded (Client.Timeout exceeded while awaiting headers)).
[23:58:33] [error] [citizen-server-i] Server list query returned an error: server request failed: server request failed for endpoint https://171.76.82.227:30120/players.json (Get "https://171.76.82.227:30120/players.json": context deadline exceeded (Client.Timeout exceeded while awaiting headers))
server request failed: server request failed for endpoint https://171.76.82.227:30120/dynamic.json (Get "https://171.76.82.227:30120/dynamic.json": context deadline exceeded (Client.Timeout exceeded while awaiting headers))
server request failed: server request failed for endpoint https://171.76.82.227:30120/info.json (Get "https://171.76.82.227:30120/info.json": context deadline exceeded (Client.Timeout exceeded while awaiting headers)).
[23:58:38] [ info] [     botrp_audit] [BotRP Audit] {"timestamp":"2026-09-12T18:28:38Z","metadata":[],"id":"20260912182838-7718-0130","category":"player","message":"Game triggered: Shutdown","action":"dropped","source":1,"resource":"botrp_audit"}
║             TXADMIN║ txaReportResources 
[23:59:02] [ info] [         txadmin] [txAdmin] Sending resources list to txAdmin.
║             TXADMIN║ txaReportResources 
[23:59:02] [ info] [         txadmin] [txAdmin] Sending resources list to txAdmin.
[23:59:03] [error] [citizen-server-i] Server list query returned an error: server request failed: server request failed for endpoint https://171.76.82.227:30120/players.json (Get "https://171.76.82.227:30120/players.json": context deadline exceeded (Client.Timeout exceeded while awaiting headers))
server request failed: server request failed for endpoint https://171.76.82.227:30120/dynamic.json (Get "https://171.76.82.227:30120/dynamic.json": context deadline exceeded (Client.Timeout exceeded while awaiting headers))
server request failed: server request failed for endpoint https://171.76.82.227:30120/info.json (Get "https://171.76.82.227:30120/info.json": context deadline exceeded (Client.Timeout exceeded while awaiting headers)).
║            NotAGirl║ ensure "botrp_loading"
║             TXADMIN║ txaReportResources 
[23:59:08] [ info] [citizen-server-i] Starting resource botrp_loading
[23:59:08] [ info] [     botrp_audit] [BotRP Audit] {"timestamp":"2026-09-12T18:29:08Z","metadata":[],"id":"20260912182908-7748-7979","category":"resource","action":"started","resource":"botrp_loading"}
[23:59:08] [ info] [citizen-server-i] Started resource botrp_loading
║            NotAGirl║ ensure "botrp_loading"
[23:59:08] [ info] [         txadmin] [txAdmin] Sending resources list to txAdmin.
[23:59:08] [ info] [     botrp_audit] [BotRP Audit] {"timestamp":"2026-09-12T18:29:08Z","metadata":[],"id":"20260912182908-7748-1397","category":"resource","action":"stopped","resource":"botrp_loading"}
[23:59:08] [ info] [     botrp_audit] [BotRP Audit] {"timestamp":"2026-09-12T18:29:08Z","metadata":[],"id":"20260912182908-7748-2138","category":"resource","action":"started","resource":"botrp_loading"}
[23:59:34] [error] [citizen-server-i] Server list query returned an error: server request failed: server request failed for endpoint https://171.76.82.227:30120/dynamic.json (Get "https://171.76.82.227:30120/dynamic.json": context deadline exceeded (Client.Timeout exceeded while awaiting headers))
server request failed: server request failed for endpoint https://171.76.82.227:30120/info.json (Get "https://171.76.82.227:30120/info.json": context deadline exceeded (Client.Timeout exceeded while awaiting headers))
server request failed: server request failed for endpoint https://171.76.82.227:30120/players.json (Get "https://171.76.82.227:30120/players.json": context deadline exceeded (Client.Timeout exceeded while awaiting headers)).
