║             TXADMIN║ ================================================================
║             TXADMIN║ ======== [14004] FXServer Starting - 19/9/2026, 12:18:12 pm     
║             TXADMIN║ ================================================================
[12:18:13] [ info] [citizen-server-i] Scanning resources
[12:18:13] [ info] [citizen-server-i] Found 93 resources
[12:18:13] [ warn] [citizen-resource] Resource 'pillbox' uses the deprecated 'stream/' folder. Please rename it to 'stream_enhanced/' for future compatibility.
[12:18:13] [ warn] [citizen-resource] Resource 'bob74_ipl' uses the deprecated 'stream/' folder. Please rename it to 'stream_enhanced/' for future compatibility.
[12:18:13] [ warn] [citizen-resource] Resource 'qbx_density' uses the deprecated 'stream/' folder. Please rename it to 'stream_enhanced/' for future compatibility.
[12:18:13] [ warn] [citizen-resource] Resource 'qbx_customs' uses the deprecated 'stream/' folder. Please rename it to 'stream_enhanced/' for future compatibility.
[12:18:13] [ warn] [citizen-resource] Resource 'qbx_properties' uses the deprecated 'stream/' folder. Please rename it to 'stream_enhanced/' for future compatibility.
[12:18:13] [ warn] [citizen-resource] Resource 'qbx_hud' uses the deprecated 'stream/' folder. Please rename it to 'stream_enhanced/' for future compatibility.
[12:18:13] [ warn] [citizen-resource] Resource 'ultra-voltlab' uses the deprecated 'stream/' folder. Please rename it to 'stream_enhanced/' for future compatibility.
[12:18:14] [ warn] [citizen-resource] Resource 'scully_emotemenu' uses the deprecated 'stream/' folder. Please rename it to 'stream_enhanced/' for future compatibility.
[12:18:14] [error] [           fivem] sv_enforceGameBuild is used with an invalid value 3258. Only 1 is supported to remove any game dlcs.
[12:18:15] [ info] [         txadmin] [txAdmin] Resource v9.0.0-beta-646aba9a threads and commands set up. All Ready.
[12:18:15] [ info] [citizen-server-i] Starting resource mapmanager
[12:18:15] [ info] [citizen-server-i] Started resource mapmanager
[12:18:15] [ info] [citizen-server-i] Starting resource spawnmanager
[12:18:15] [ info] [citizen-server-i] Started resource spawnmanager
[12:18:15] [ info] [citizen-server-i] Starting resource baseevents
[12:18:15] [ info] [citizen-server-i] Started resource baseevents
[12:18:15] [ info] [citizen-server-i] Starting resource ox_lib
[12:18:15] [ info] [citizen-server-i] Started resource ox_lib
[12:18:15] [ info] [citizen-server-i] Starting resource qbx_core
[12:18:15] [ info] [citizen-server-i] Started resource qbx_core
[12:18:15] [ info] [citizen-server-i] Starting resource ox_target
[12:18:15] [ info] [citizen-server-i] Started resource ox_target
[12:18:15] [ info] [citizen-server-i] Starting resource ox_doorlock
[12:18:15] [ info] [citizen-server-i] Started resource ox_doorlock
[12:18:15] [ info] [citizen-server-i] Starting resource ox_fuel
[12:18:16] [ info] [citizen-server-i] Started resource ox_fuel
[12:18:16] [ info] [citizen-server-i] Starting resource qbx_adminmenu
[12:18:16] [ info] [citizen-server-i] Started resource qbx_adminmenu
[12:18:16] [ info] [citizen-server-i] Starting resource qbx_ambulancejob
[12:18:16] [ info] [citizen-server-i] Started resource qbx_ambulancejob
[12:18:16] [ info] [citizen-server-i] Starting resource qbx_bankrobbery
[12:18:16] [ info] [citizen-server-i] Started resource qbx_bankrobbery
[12:18:16] [ info] [citizen-server-i] Starting resource qbx_binoculars
[12:18:16] [ info] [citizen-server-i] Started resource qbx_binoculars
[12:18:16] [ info] [citizen-server-i] Starting resource qbx_busjob
[12:18:16] [ info] [citizen-server-i] Started resource qbx_busjob
[12:18:16] [ info] [citizen-server-i] Starting resource qbx_carwash
[12:18:16] [ info] [citizen-server-i] Started resource qbx_carwash
[12:18:16] [ info] [citizen-server-i] Starting resource qbx_chat_theme
[12:18:16] [ info] [citizen-server-i] Started resource qbx_chat_theme
[12:18:16] [ info] [citizen-server-i] Starting resource qbx_cityhall
[12:18:16] [ info] [citizen-server-i] Started resource qbx_cityhall
[12:18:16] [ info] [citizen-server-i] Starting resource qbx_customs
[12:18:16] [error] [citizen-server-i] Rsc7 file stream/vehicle_paint_ramps.ytd in resource qbx_customs has version 13, expected 5. Skipping cache generation for this file.
[12:18:16] [ info] [citizen-server-i] Started resource qbx_customs
[12:18:16] [ info] [citizen-server-i] Starting resource qbx_density
[12:18:16] [ info] [citizen-server-i] Started resource qbx_density
[12:18:16] [ info] [citizen-server-i] Starting resource qbx_divegear
[12:18:16] [ info] [citizen-server-i] Started resource qbx_divegear
[12:18:16] [ info] [citizen-server-i] Starting resource qbx_diving
[12:18:16] [ info] [citizen-server-i] Started resource qbx_diving
[12:18:16] [ info] [citizen-server-i] Starting resource qbx_drugs
[12:18:16] [ info] [citizen-server-i] Started resource qbx_drugs
[12:18:16] [ info] [citizen-server-i] Starting resource qbx_fireworks
[12:18:16] [ info] [citizen-server-i] Started resource qbx_fireworks
[12:18:16] [ info] [citizen-server-i] Starting resource qbx_garages
[12:18:16] [ info] [citizen-server-i] Started resource qbx_garages
[12:18:16] [ info] [citizen-server-i] Starting resource qbx_garbagejob
[12:18:16] [ info] [citizen-server-i] Started resource qbx_garbagejob
[12:18:16] [ info] [citizen-server-i] Starting resource qbx_houserobbery
[12:18:16] [ info] [citizen-server-i] Started resource qbx_houserobbery
[12:18:16] [ info] [citizen-server-i] Starting resource qbx_hud
[12:18:16] [error] [citizen-server-i] Rsc7 file stream/circlemap.ytd in resource qbx_hud has version 13, expected 5. Skipping cache generation for this file.
[12:18:16] [error] [citizen-server-i] Rsc7 file stream/minimap.ytd in resource qbx_hud has version 13, expected 5. Skipping cache generation for this file.
[12:18:16] [error] [citizen-server-i] Rsc7 file stream/squaremap.ytd in resource qbx_hud has version 13, expected 5. Skipping cache generation for this file.
[12:18:16] [ info] [citizen-server-i] Started resource qbx_hud
[12:18:16] [ info] [citizen-server-i] Starting resource qbx_idcard
[12:18:16] [ info] [citizen-server-i] Started resource qbx_idcard
[12:18:16] [ info] [citizen-server-i] Starting resource qbx_jewelery
[12:18:16] [ info] [citizen-server-i] Started resource qbx_jewelery
[12:18:16] [ info] [citizen-server-i] Starting resource qbx_lapraces
[12:18:17] [ info] [citizen-server-i] Started resource qbx_lapraces
[12:18:17] [ info] [citizen-server-i] Starting resource qbx_management
[12:18:17] [ info] [citizen-server-i] Started resource qbx_management
[12:18:17] [ info] [citizen-server-i] Starting resource qbx_mechanicjob
[12:18:17] [ info] [citizen-server-i] Started resource qbx_mechanicjob
[12:18:17] [ info] [citizen-server-i] Starting resource qbx_newsjob
[12:18:17] [ info] [citizen-server-i] Started resource qbx_newsjob
[12:18:17] [ info] [citizen-server-i] Starting resource qbx_pawnshop
[12:18:17] [ info] [citizen-server-i] Started resource qbx_pawnshop
[12:18:17] [ info] [citizen-server-i] Starting resource qbx_police
[12:18:17] [ info] [citizen-server-i] Started resource qbx_police
[12:18:17] [ info] [citizen-server-i] Starting resource qbx_properties
[12:18:17] [error] [citizen-server-i] Rsc7 file stream/auto_shop_board.ytd in resource qbx_properties has version 13, expected 5. Skipping cache generation for this file.
[12:18:17] [error] [citizen-server-i] Rsc7 file stream/auto_shop_board_img.ytd in resource qbx_properties has version 13, expected 5. Skipping cache generation for this file.
[12:18:17] [ info] [citizen-server-i] Started resource qbx_properties
[12:18:17] [ info] [citizen-server-i] Starting resource qbx_radialmenu
[12:18:17] [ info] [citizen-server-i] Started resource qbx_radialmenu
[12:18:17] [ info] [citizen-server-i] Starting resource qbx_recyclejob
[12:18:17] [ info] [citizen-server-i] Started resource qbx_recyclejob
[12:18:17] [ info] [citizen-server-i] Starting resource qbx_scoreboard
[12:18:17] [ info] [citizen-server-i] Started resource qbx_scoreboard
[12:18:17] [ info] [citizen-server-i] Starting resource qbx_scrapyard
[12:18:17] [ info] [citizen-server-i] Started resource qbx_scrapyard
[12:18:17] [ info] [citizen-server-i] Starting resource qbx_seatbelt
[12:18:17] [ info] [citizen-server-i] Started resource qbx_seatbelt
[12:18:17] [ info] [citizen-server-i] Starting resource qbx_smallresources
[12:18:17] [ info] [qbx_smallresourc] [qbx_smallresources] [WARN] [qbx_entitiesblacklist] You have entity blacklist enabled, this means that any entity that is blacklisted in config.lua will not be able to spawn, you can change this in qbx_smallresource/qbx_entitiesblacklist/config.lua
[12:18:17] [ info] [citizen-server-i] Started resource qbx_smallresources
[12:18:17] [ info] [citizen-server-i] Starting resource qbx_spawn
[12:18:17] [ info] [citizen-server-i] Started resource qbx_spawn
[12:18:17] [ info] [citizen-server-i] Starting resource qbx_storerobbery
[12:18:17] [ info] [citizen-server-i] Started resource qbx_storerobbery
[12:18:17] [ info] [citizen-server-i] Starting resource qbx_streetraces
[12:18:17] [ info] [citizen-server-i] Started resource qbx_streetraces
[12:18:17] [ info] [citizen-server-i] Starting resource qbx_taxijob
[12:18:17] [ info] [citizen-server-i] Started resource qbx_taxijob
[12:18:17] [ info] [citizen-server-i] Starting resource qbx_towjob
[12:18:17] [ info] [citizen-server-i] Started resource qbx_towjob
[12:18:17] [ info] [citizen-server-i] Starting resource qbx_truckerjob
[12:18:17] [ info] [citizen-server-i] Started resource qbx_truckerjob
[12:18:17] [ info] [citizen-server-i] Starting resource qbx_truckrobbery
[12:18:17] [ info] [citizen-server-i] Started resource qbx_truckrobbery
[12:18:17] [ info] [citizen-server-i] Starting resource qbx_vehiclekeys
[12:18:17] [ info] [citizen-server-i] Started resource qbx_vehiclekeys
[12:18:17] [ info] [citizen-server-i] Starting resource qbx_vehicles
[12:18:17] [ info] [citizen-server-i] Started resource qbx_vehicles
[12:18:17] [ info] [citizen-server-i] Starting resource qbx_vehiclesales
[12:18:17] [ info] [citizen-server-i] Started resource qbx_vehiclesales
[12:18:17] [ info] [citizen-server-i] Starting resource qbx_vehicleshop
[12:18:17] [ info] [citizen-server-i] Started resource qbx_vehicleshop
[12:18:17] [ info] [citizen-server-i] Starting resource qbx_vineyard
[12:18:17] [ info] [citizen-server-i] Started resource qbx_vineyard
[12:18:17] [ info] [citizen-server-i] Starting resource qbx_weed
[12:18:17] [ info] [citizen-server-i] Started resource qbx_weed
[12:18:17] [ info] [citizen-server-i] Starting resource bob74_ipl
[12:18:17] [error] [citizen-server-i] Failed to start resource bob74_ipl. Error: Failed to generate cache for set: resource.rpf
[12:18:17] [ info] [citizen-server-i] Starting resource illenium-appearance
[12:18:17] [ info] [citizen-server-i] Started resource illenium-appearance
[12:18:17] [ info] [citizen-server-i] Starting resource loadscreen
[12:18:18] [ info] [citizen-server-i] Started resource loadscreen
[12:18:18] [ info] [citizen-server-i] Starting resource mana_audio
[12:18:18] [ info] [citizen-server-i] Started resource mana_audio
[12:18:18] [ info] [citizen-server-i] Starting resource mhacking
[12:18:18] [ info] [citizen-server-i] Started resource mhacking
[12:18:18] [ info] [citizen-server-i] Starting resource Renewed-Banking
[12:18:18] [ info] [citizen-server-i] Started resource Renewed-Banking
[12:18:18] [ info] [citizen-server-i] Starting resource Renewed-Weathersync
[12:18:18] [ info] [citizen-server-i] Started resource Renewed-Weathersync
[12:18:18] [ info] [citizen-server-i] Starting resource safecracker
[12:18:18] [ info] [citizen-server-i] Started resource safecracker
[12:18:18] [ info] [citizen-server-i] Starting resource screencapture
[12:18:18] [ info] [citizen-server-i] Started resource screencapture
[12:18:18] [ info] [citizen-server-i] Starting resource scully_emotemenu
[12:18:19] [error] [citizen-server-i] Rsc7 file stream/[Animations]/[Sharror]/fgunpose@sharror.ycd in resource scully_emotemenu has version 80, expected 46. Skipping cache generation for this file.
[12:18:19] [error] [citizen-server-i] Rsc7 file stream/[Animations]/[Sharror]/fmodelpose1@sharror.ycd in resource scully_emotemenu has version 80, expected 46. Skipping cache generation for this file.
[12:18:19] [error] [citizen-server-i] Rsc7 file stream/[Animations]/[Sharror]/fmodelpose2@sharror.ycd in resource scully_emotemenu has version 80, expected 46. Skipping cache generation for this file.
[12:18:19] [error] [citizen-server-i] Rsc7 file stream/[Animations]/[Sharror]/fmodelpose3@sharror.ycd in resource scully_emotemenu has version 80, expected 46. Skipping cache generation for this file.
[12:18:19] [error] [citizen-server-i] Rsc7 file stream/[Animations]/[Sharror]/handinpocket@sharror.ycd in resource scully_emotemenu has version 80, expected 46. Skipping cache generation for this file.
[12:18:19] [error] [citizen-server-i] Rsc7 file stream/[Animations]/[Sharror]/lookdown@sharror.ycd in resource scully_emotemenu has version 80, expected 46. Skipping cache generation for this file.
[12:18:19] [error] [citizen-server-i] Rsc7 file stream/[Animations]/[Sharror]/mmodelpose1@sharror.ycd in resource scully_emotemenu has version 80, expected 46. Skipping cache generation for this file.
[12:18:19] [error] [citizen-server-i] Rsc7 file stream/[Animations]/[Sharror]/perspective1@sharror.ycd in resource scully_emotemenu has version 80, expected 46. Skipping cache generation for this file.
[12:18:19] [error] [citizen-server-i] Rsc7 file stream/[Animations]/[Sharror]/perspective2@sharror.ycd in resource scully_emotemenu has version 80, expected 46. Skipping cache generation for this file.
[12:18:19] [error] [citizen-server-i] Rsc7 file stream/[Animations]/[Sharror]/sitonground1@sharror.ycd in resource scully_emotemenu has version 80, expected 46. Skipping cache generation for this file.
[12:18:19] [error] [citizen-server-i] Rsc7 file stream/[Animations]/[Sharror]/stairpose1@sharror.ycd in resource scully_emotemenu has version 80, expected 46. Skipping cache generation for this file.
[12:18:19] [error] [citizen-server-i] Rsc7 file stream/[Animations]/[Sharror]/stairpose2@sharror.ycd in resource scully_emotemenu has version 80, expected 46. Skipping cache generation for this file.
[12:18:19] [error] [citizen-server-i] Rsc7 file stream/[Props]/[BzZzi]/bzzz_animal_fish002.ydr in resource scully_emotemenu has version 165, expected 159. Skipping cache generation for this file.
[12:18:19] [error] [citizen-server-i] Rsc7 file stream/[Props]/[BzZzi]/bzzz_cigarpack_cig001.ydr in resource scully_emotemenu has version 165, expected 159. Skipping cache generation for this file.
[12:18:19] [error] [citizen-server-i] Rsc7 file stream/[Props]/[BzZzi]/bzzz_cigarpack_cig002.ydr in resource scully_emotemenu has version 165, expected 159. Skipping cache generation for this file.
[12:18:19] [error] [citizen-server-i] Rsc7 file stream/[Props]/[BzZzi]/bzzz_cigarpack_cig003.ydr in resource scully_emotemenu has version 165, expected 159. Skipping cache generation for this file.
[12:18:19] [error] [citizen-server-i] Rsc7 file stream/[Props]/[BzZzi]/bzzz_food_dessert_a.ydr in resource scully_emotemenu has version 165, expected 159. Skipping cache generation for this file.
[12:18:19] [error] [citizen-server-i] Rsc7 file stream/[Props]/[BzZzi]/bzzz_food_xmas_gingerbread_a.ydr in resource scully_emotemenu has version 165, expected 159. Skipping cache generation for this file.
[12:18:19] [error] [citizen-server-i] Rsc7 file stream/[Props]/[BzZzi]/bzzz_food_xmas_lollipop_a.ydr in resource scully_emotemenu has version 165, expected 159. Skipping cache generation for this file.
[12:18:19] [error] [citizen-server-i] Rsc7 file stream/[Props]/[BzZzi]/bzzz_food_xmas_lollipop_b.ydr in resource scully_emotemenu has version 165, expected 159. Skipping cache generation for this file.
[12:18:19] [error] [citizen-server-i] Rsc7 file stream/[Props]/[BzZzi]/bzzz_food_xmas_lollipop_c.ydr in resource scully_emotemenu has version 165, expected 159. Skipping cache generation for this file.
[12:18:19] [error] [citizen-server-i] Rsc7 file stream/[Props]/[BzZzi]/bzzz_food_xmas_lollipop_d.ydr in resource scully_emotemenu has version 165, expected 159. Skipping cache generation for this file.
[12:18:19] [error] [citizen-server-i] Rsc7 file stream/[Props]/[BzZzi]/bzzz_food_xmas_lollipop_e.ydr in resource scully_emotemenu has version 165, expected 159. Skipping cache generation for this file.
[12:18:19] [error] [citizen-server-i] Rsc7 file stream/[Props]/[BzZzi]/bzzz_food_xmas_macaroon_a.ydr in resource scully_emotemenu has version 165, expected 159. Skipping cache generation for this file.
[12:18:19] [error] [citizen-server-i] Rsc7 file stream/[Props]/[BzZzi]/bzzz_food_xmas_mug_a.ydr in resource scully_emotemenu has version 165, expected 159. Skipping cache generation for this file.
[12:18:19] [error] [citizen-server-i] Rsc7 file stream/[Props]/[BzZzi]/bzzz_food_xmas_mug_b.ydr in resource scully_emotemenu has version 165, expected 159. Skipping cache generation for this file.
[12:18:19] [error] [citizen-server-i] Rsc7 file stream/[Props]/[BzZzi]/bzzz_food_xmas_mulled_wine_a.ydr in resource scully_emotemenu has version 165, expected 159. Skipping cache generation for this file.
[12:18:19] [error] [citizen-server-i] Rsc7 file stream/[Props]/[BzZzi]/bzzz_foodpack_croissant001.ydr in resource scully_emotemenu has version 165, expected 159. Skipping cache generation for this file.
[12:18:19] [error] [citizen-server-i] Rsc7 file stream/[Props]/[BzZzi]/bzzz_foodpack_donut001.ydr in resource scully_emotemenu has version 165, expected 159. Skipping cache generation for this file.
[12:18:19] [error] [citizen-server-i] Rsc7 file stream/[Props]/[BzZzi]/bzzz_foodpack_donut002.ydr in resource scully_emotemenu has version 165, expected 159. Skipping cache generation for this file.
[12:18:19] [error] [citizen-server-i] Rsc7 file stream/[Props]/[BzZzi]/bzzz_icecream_cherry.ydr in resource scully_emotemenu has version 165, expected 159. Skipping cache generation for this file.
[12:18:19] [error] [citizen-server-i] Rsc7 file stream/[Props]/[BzZzi]/bzzz_icecream_chocolate.ydr in resource scully_emotemenu has version 165, expected 159. Skipping cache generation for this file.
[12:18:19] [error] [citizen-server-i] Rsc7 file stream/[Props]/[BzZzi]/bzzz_icecream_lemon.ydr in resource scully_emotemenu has version 165, expected 159. Skipping cache generation for this file.
[12:18:19] [error] [citizen-server-i] Rsc7 file stream/[Props]/[BzZzi]/bzzz_icecream_pistachio.ydr in resource scully_emotemenu has version 165, expected 159. Skipping cache generation for this file.
[12:18:19] [error] [citizen-server-i] Rsc7 file stream/[Props]/[BzZzi]/bzzz_icecream_raspberry.ydr in resource scully_emotemenu has version 165, expected 159. Skipping cache generation for this file.
[12:18:19] [error] [citizen-server-i] Rsc7 file stream/[Props]/[BzZzi]/bzzz_icecream_stracciatella.ydr in resource scully_emotemenu has version 165, expected 159. Skipping cache generation for this file.
[12:18:19] [error] [citizen-server-i] Rsc7 file stream/[Props]/[BzZzi]/bzzz_icecream_strawberry.ydr in resource scully_emotemenu has version 165, expected 159. Skipping cache generation for this file.
[12:18:19] [error] [citizen-server-i] Rsc7 file stream/[Props]/[BzZzi]/bzzz_icecream_walnut.ydr in resource scully_emotemenu has version 165, expected 159. Skipping cache generation for this file.
[12:18:19] [error] [citizen-server-i] Rsc7 file stream/[Props]/[BzZzi]/bzzz_murder_axe001.ydr in resource scully_emotemenu has version 165, expected 159. Skipping cache generation for this file.
[12:18:19] [error] [citizen-server-i] Rsc7 file stream/[Props]/[BzZzi]/bzzz_murder_durex001.ydr in resource scully_emotemenu has version 165, expected 159. Skipping cache generation for this file.
[12:18:19] [error] [citizen-server-i] Rsc7 file stream/[Props]/[BzZzi]/bzzz_murder_machete001.ydr in resource scully_emotemenu has version 165, expected 159. Skipping cache generation for this file.
[12:18:19] [error] [citizen-server-i] Rsc7 file stream/[Props]/[BzZzi]/bzzz_pizzahut_box_a.ydr in resource scully_emotemenu has version 165, expected 159. Skipping cache generation for this file.
[12:18:19] [error] [citizen-server-i] Rsc7 file stream/[Props]/[BzZzi]/bzzz_pizzahut_box_a.ytd in resource scully_emotemenu has version 13, expected 5. Skipping cache generation for this file.
[12:18:19] [error] [citizen-server-i] Rsc7 file stream/[Props]/[BzZzi]/bzzz_pizzahut_cup_a.ydr in resource scully_emotemenu has version 165, expected 159. Skipping cache generation for this file.
[12:18:19] [error] [citizen-server-i] Rsc7 file stream/[Props]/[BzZzi]/bzzz_pizzahut_cup_a.ytd in resource scully_emotemenu has version 13, expected 5. Skipping cache generation for this file.
[12:18:19] [error] [citizen-server-i] Rsc7 file stream/[Props]/[BzZzi]/bzzz_pizzahut_menu_a.ydr in resource scully_emotemenu has version 165, expected 159. Skipping cache generation for this file.
[12:18:19] [error] [citizen-server-i] Rsc7 file stream/[Props]/[BzZzi]/bzzz_pizzahut_menu_a.ytd in resource scully_emotemenu has version 13, expected 5. Skipping cache generation for this file.
[12:18:19] [error] [citizen-server-i] Rsc7 file stream/[Props]/[BzZzi]/bzzz_prop_gift_bonbonier.ydr in resource scully_emotemenu has version 165, expected 159. Skipping cache generation for this file.
[12:18:19] [error] [citizen-server-i] Rsc7 file stream/[Props]/[BzZzi]/bzzz_prop_gift_jewel.ydr in resource scully_emotemenu has version 165, expected 159. Skipping cache generation for this file.
[12:18:19] [error] [citizen-server-i] Rsc7 file stream/[Props]/[BzZzi]/bzzz_prop_gift_orange.ydr in resource scully_emotemenu has version 165, expected 159. Skipping cache generation for this file.
[12:18:19] [error] [citizen-server-i] Rsc7 file stream/[Props]/[BzZzi]/bzzz_prop_gift_purple.ydr in resource scully_emotemenu has version 165, expected 159. Skipping cache generation for this file.
[12:18:19] [error] [citizen-server-i] Rsc7 file stream/[Props]/[BzZzi]/bzzz_prop_torch_fire001.ydr in resource scully_emotemenu has version 165, expected 159. Skipping cache generation for this file.
[12:18:19] [error] [citizen-server-i] Rsc7 file stream/[Props]/[EP]/pprp_icefishing_augur.ydr in resource scully_emotemenu has version 165, expected 159. Skipping cache generation for this file.
[12:18:19] [error] [citizen-server-i] Rsc7 file stream/[Props]/[EP]/pprp_icefishing_box_01.ydr in resource scully_emotemenu has version 165, expected 159. Skipping cache generation for this file.
[12:18:19] [error] [citizen-server-i] Rsc7 file stream/[Props]/[EP]/pprp_icefishing_box_02.ydr in resource scully_emotemenu has version 165, expected 159. Skipping cache generation for this file.
[12:18:19] [error] [citizen-server-i] Rsc7 file stream/[Props]/[Natty3d]/natty_lollipop01.ydr in resource scully_emotemenu has version 165, expected 159. Skipping cache generation for this file.
[12:18:19] [error] [citizen-server-i] Rsc7 file stream/[Props]/[Natty3d]/natty_lollipop02.ydr in resource scully_emotemenu has version 165, expected 159. Skipping cache generation for this file.
[12:18:19] [error] [citizen-server-i] Rsc7 file stream/[Props]/[Natty3d]/natty_lollipop03.ydr in resource scully_emotemenu has version 165, expected 159. Skipping cache generation for this file.
[12:18:19] [error] [citizen-server-i] Rsc7 file stream/[Props]/[Natty3d]/natty_lollipop04.ydr in resource scully_emotemenu has version 165, expected 159. Skipping cache generation for this file.
[12:18:19] [error] [citizen-server-i] Rsc7 file stream/[Props]/[Natty3d]/natty_lollipop05.ydr in resource scully_emotemenu has version 165, expected 159. Skipping cache generation for this file.
[12:18:19] [error] [citizen-server-i] Rsc7 file stream/[Props]/[Natty3d]/natty_lollipop_spin01.ydr in resource scully_emotemenu has version 165, expected 159. Skipping cache generation for this file.
[12:18:19] [error] [citizen-server-i] Rsc7 file stream/[Props]/[Natty3d]/natty_lollipop_spin02.ydr in resource scully_emotemenu has version 165, expected 159. Skipping cache generation for this file.
[12:18:19] [error] [citizen-server-i] Rsc7 file stream/[Props]/[Natty3d]/natty_lollipop_spin03.ydr in resource scully_emotemenu has version 165, expected 159. Skipping cache generation for this file.
[12:18:19] [error] [citizen-server-i] Rsc7 file stream/[Props]/[Natty3d]/natty_lollipop_spin04.ydr in resource scully_emotemenu has version 165, expected 159. Skipping cache generation for this file.
[12:18:19] [error] [citizen-server-i] Rsc7 file stream/[Props]/[Natty3d]/natty_lollipop_spin05.ydr in resource scully_emotemenu has version 165, expected 159. Skipping cache generation for this file.
[12:18:19] [error] [citizen-server-i] Rsc7 file stream/[Props]/[Natty3d]/natty_lollipop_spiral01.ydr in resource scully_emotemenu has version 165, expected 159. Skipping cache generation for this file.
[12:18:19] [error] [citizen-server-i] Rsc7 file stream/[Props]/[Natty3d]/natty_lollipop_spiral02.ydr in resource scully_emotemenu has version 165, expected 159. Skipping cache generation for this file.
[12:18:19] [error] [citizen-server-i] Rsc7 file stream/[Props]/[Natty3d]/natty_lollipop_spiral03.ydr in resource scully_emotemenu has version 165, expected 159. Skipping cache generation for this file.
[12:18:19] [error] [citizen-server-i] Rsc7 file stream/[Props]/[Natty3d]/natty_lollipop_spiral04.ydr in resource scully_emotemenu has version 165, expected 159. Skipping cache generation for this file.
[12:18:19] [error] [citizen-server-i] Rsc7 file stream/[Props]/[Natty3d]/natty_lollipop_spiral05.ydr in resource scully_emotemenu has version 165, expected 159. Skipping cache generation for this file.
[12:18:19] [error] [citizen-server-i] Rsc7 file stream/[Props]/[Natty3d]/natty_lollipop_spiral06.ydr in resource scully_emotemenu has version 165, expected 159. Skipping cache generation for this file.
[12:18:19] [error] [citizen-server-i] Rsc7 file stream/[Props]/[Natty3d]/natty_props_lollipops.ytd in resource scully_emotemenu has version 13, expected 5. Skipping cache generation for this file.
[12:18:19] [error] [citizen-server-i] Rsc7 file stream/[Props]/[Rockstar]/p_amb_brolly_01.ydr in resource scully_emotemenu has version 165, expected 159. Skipping cache generation for this file.
[12:18:19] [error] [citizen-server-i] Rsc7 file stream/[Props]/[Rockstar]/p_cs_clipboard.ydr in resource scully_emotemenu has version 165, expected 159. Skipping cache generation for this file.
[12:18:19] [error] [citizen-server-i] Rsc7 file stream/[Props]/[SMGMissy]/lilprideflag1.ydr in resource scully_emotemenu has version 165, expected 159. Skipping cache generation for this file.
[12:18:19] [error] [citizen-server-i] Rsc7 file stream/[Props]/[SMGMissy]/lilprideflag2.ydr in resource scully_emotemenu has version 165, expected 159. Skipping cache generation for this file.
[12:18:19] [error] [citizen-server-i] Rsc7 file stream/[Props]/[SMGMissy]/lilprideflag3.ydr in resource scully_emotemenu has version 165, expected 159. Skipping cache generation for this file.
[12:18:19] [error] [citizen-server-i] Rsc7 file stream/[Props]/[SMGMissy]/lilprideflag4.ydr in resource scully_emotemenu has version 165, expected 159. Skipping cache generation for this file.
[12:18:19] [error] [citizen-server-i] Rsc7 file stream/[Props]/[SMGMissy]/lilprideflag5.ydr in resource scully_emotemenu has version 165, expected 159. Skipping cache generation for this file.
[12:18:19] [error] [citizen-server-i] Rsc7 file stream/[Props]/[SMGMissy]/lilprideflag6.ydr in resource scully_emotemenu has version 165, expected 159. Skipping cache generation for this file.
[12:18:19] [error] [citizen-server-i] Rsc7 file stream/[Props]/[SMGMissy]/lilprideflag7.ydr in resource scully_emotemenu has version 165, expected 159. Skipping cache generation for this file.
[12:18:19] [error] [citizen-server-i] Rsc7 file stream/[Props]/[SMGMissy]/lilprideflag8.ydr in resource scully_emotemenu has version 165, expected 159. Skipping cache generation for this file.
[12:18:19] [error] [citizen-server-i] Rsc7 file stream/[Props]/[SMGMissy]/lilprideflag9.ydr in resource scully_emotemenu has version 165, expected 159. Skipping cache generation for this file.
[12:18:19] [error] [citizen-server-i] Rsc7 file stream/[Props]/[SMGMissy]/pride_sign_01.ydr in resource scully_emotemenu has version 165, expected 159. Skipping cache generation for this file.
[12:18:19] [error] [citizen-server-i] Rsc7 file stream/[Props]/[SMGMissy]/prideflag1.ydr in resource scully_emotemenu has version 165, expected 159. Skipping cache generation for this file.
[12:18:19] [error] [citizen-server-i] Rsc7 file stream/[Props]/[SMGMissy]/prideflag2.ydr in resource scully_emotemenu has version 165, expected 159. Skipping cache generation for this file.
[12:18:19] [error] [citizen-server-i] Rsc7 file stream/[Props]/[SMGMissy]/prideflag3.ydr in resource scully_emotemenu has version 165, expected 159. Skipping cache generation for this file.
[12:18:19] [error] [citizen-server-i] Rsc7 file stream/[Props]/[SMGMissy]/prideflag4.ydr in resource scully_emotemenu has version 165, expected 159. Skipping cache generation for this file.
[12:18:19] [error] [citizen-server-i] Rsc7 file stream/[Props]/[SMGMissy]/prideflag5.ydr in resource scully_emotemenu has version 165, expected 159. Skipping cache generation for this file.
[12:18:19] [error] [citizen-server-i] Rsc7 file stream/[Props]/[SMGMissy]/prideflag6.ydr in resource scully_emotemenu has version 165, expected 159. Skipping cache generation for this file.
[12:18:19] [error] [citizen-server-i] Rsc7 file stream/[Props]/[SMGMissy]/prideflag7.ydr in resource scully_emotemenu has version 165, expected 159. Skipping cache generation for this file.
[12:18:19] [error] [citizen-server-i] Rsc7 file stream/[Props]/[SMGMissy]/prideflag8.ydr in resource scully_emotemenu has version 165, expected 159. Skipping cache generation for this file.
[12:18:19] [error] [citizen-server-i] Rsc7 file stream/[Props]/[SMGMissy]/prideflag9.ydr in resource scully_emotemenu has version 165, expected 159. Skipping cache generation for this file.
[12:18:19] [error] [citizen-server-i] Rsc7 file stream/[Props]/[Sam]/prop_lspd_badge+hidr.ytd in resource scully_emotemenu has version 13, expected 5. Skipping cache generation for this file.
[12:18:19] [error] [citizen-server-i] Rsc7 file stream/[Props]/[Sam]/prop_lspd_badge.ydr in resource scully_emotemenu has version 165, expected 159. Skipping cache generation for this file.
[12:18:19] [error] [citizen-server-i] Rsc7 file stream/[Props]/[Scully]/scully_blm.ydr in resource scully_emotemenu has version 165, expected 159. Skipping cache generation for this file.
[12:18:19] [error] [citizen-server-i] Rsc7 file stream/[Props]/[Scully]/scully_boba.ydr in resource scully_emotemenu has version 165, expected 159. Skipping cache generation for this file.
[12:18:19] [error] [citizen-server-i] Rsc7 file stream/[Props]/[Scully]/scully_boba2.ydr in resource scully_emotemenu has version 165, expected 159. Skipping cache generation for this file.
[12:18:19] [error] [citizen-server-i] Rsc7 file stream/[Props]/[Scully]/scully_boba3.ydr in resource scully_emotemenu has version 165, expected 159. Skipping cache generation for this file.
[12:18:19] [error] [citizen-server-i] Rsc7 file stream/[Props]/[Scully]/scully_pho.ydr in resource scully_emotemenu has version 165, expected 159. Skipping cache generation for this file.
[12:18:19] [error] [citizen-server-i] Rsc7 file stream/[Props]/[Scully]/scully_spoon_pho.ydr in resource scully_emotemenu has version 165, expected 159. Skipping cache generation for this file.
[12:18:19] [error] [citizen-server-i] Rsc7 file stream/[Props]/[Ultrahacx]/ultra_ringcase.ydr in resource scully_emotemenu has version 165, expected 159. Skipping cache generation for this file.
[12:18:19] [ info] [citizen-server-i] Started resource scully_emotemenu
[12:18:19] [ info] [citizen-server-i] Starting resource ultra-voltlab
[12:18:19] [error] [citizen-server-i] Rsc7 file stream/mpisland_voltage.ytd in resource ultra-voltlab has version 13, expected 5. Skipping cache generation for this file.
[12:18:19] [error] [citizen-server-i] Rsc7 file stream/mpisland_voltage_bg.ytd in resource ultra-voltlab has version 13, expected 5. Skipping cache generation for this file.
[12:18:19] [ info] [citizen-server-i] Started resource ultra-voltlab
[12:18:19] [ info] [citizen-server-i] Starting resource vehiclehandler
[12:18:19] [ info] [citizen-server-i] Started resource vehiclehandler
[12:18:19] [ info] [citizen-server-i] Starting resource xt-prison
[12:18:19] [error] [extra-natives-fi] Command jail is already registered.
[12:18:19] [error] [extra-natives-fi] Command unjail is already registered.
[12:18:19] [ info] [citizen-server-i] Started resource xt-prison
[12:18:19] [ info] [citizen-server-i] Starting resource mm_radio
[12:18:19] [ info] [citizen-server-i] Started resource mm_radio
[12:18:19] [ info] [citizen-server-i] Starting resource pillbox
[12:18:19] [ warn] [citizen-server-i] svSync thread warning: timer interval of 237ms milliseconds
[12:18:20] [fatal] [           fivem] The application has crashed!
║             TXADMIN║ Restarting server: Server process close detected.

║             TXADMIN║ ================================================================
║             TXADMIN║ ======== [17820] FXServer Starting - 19/9/2026, 12:18:21 pm     
║             TXADMIN║ ================================================================
[12:18:22] [ info] [citizen-server-i] Scanning resources
[12:18:22] [ info] [citizen-server-i] Found 93 resources
[12:18:22] [ warn] [citizen-resource] Resource 'pillbox' uses the deprecated 'stream/' folder. Please rename it to 'stream_enhanced/' for future compatibility.
[12:18:22] [ warn] [citizen-resource] Resource 'qbx_density' uses the deprecated 'stream/' folder. Please rename it to 'stream_enhanced/' for future compatibility.
[12:18:22] [ warn] [citizen-resource] Resource 'bob74_ipl' uses the deprecated 'stream/' folder. Please rename it to 'stream_enhanced/' for future compatibility.
[12:18:22] [ warn] [citizen-resource] Resource 'qbx_hud' uses the deprecated 'stream/' folder. Please rename it to 'stream_enhanced/' for future compatibility.
[12:18:22] [ warn] [citizen-resource] Resource 'qbx_properties' uses the deprecated 'stream/' folder. Please rename it to 'stream_enhanced/' for future compatibility.
[12:18:22] [ warn] [citizen-resource] Resource 'qbx_customs' uses the deprecated 'stream/' folder. Please rename it to 'stream_enhanced/' for future compatibility.
[12:18:22] [ warn] [citizen-resource] Resource 'ultra-voltlab' uses the deprecated 'stream/' folder. Please rename it to 'stream_enhanced/' for future compatibility.
[12:18:22] [ warn] [citizen-resource] Resource 'scully_emotemenu' uses the deprecated 'stream/' folder. Please rename it to 'stream_enhanced/' for future compatibility.
[12:18:22] [error] [           fivem] sv_enforceGameBuild is used with an invalid value 3258. Only 1 is supported to remove any game dlcs.
[12:18:23] [ info] [         txadmin] [txAdmin] Resource v9.0.0-beta-646aba9a threads and commands set up. All Ready.
[12:18:23] [ info] [citizen-server-i] Starting resource mapmanager
[12:18:23] [ info] [citizen-server-i] Started resource mapmanager
[12:18:23] [ info] [citizen-server-i] Starting resource spawnmanager
[12:18:23] [ info] [citizen-server-i] Started resource spawnmanager
[12:18:23] [ info] [citizen-server-i] Starting resource baseevents
[12:18:23] [ info] [citizen-server-i] Started resource baseevents
[12:18:23] [ info] [citizen-server-i] Starting resource ox_lib
[12:18:23] [ info] [citizen-server-i] Started resource ox_lib
[12:18:23] [ info] [citizen-server-i] Starting resource qbx_core
[12:18:23] [ info] [citizen-server-i] Started resource qbx_core
[12:18:23] [ info] [citizen-server-i] Starting resource ox_target
[12:18:23] [ info] [citizen-server-i] Started resource ox_target
[12:18:23] [ info] [citizen-server-i] Starting resource ox_doorlock
[12:18:23] [ info] [citizen-server-i] Started resource ox_doorlock
[12:18:23] [ info] [citizen-server-i] Starting resource ox_fuel
[12:18:24] [ info] [citizen-server-i] Started resource ox_fuel
[12:18:24] [ info] [citizen-server-i] Starting resource qbx_adminmenu
[12:18:24] [ info] [citizen-server-i] Started resource qbx_adminmenu
[12:18:24] [ info] [citizen-server-i] Starting resource qbx_ambulancejob
[12:18:24] [ info] [citizen-server-i] Started resource qbx_ambulancejob
[12:18:24] [ info] [citizen-server-i] Starting resource qbx_bankrobbery
[12:18:24] [ info] [citizen-server-i] Started resource qbx_bankrobbery
[12:18:24] [ info] [citizen-server-i] Starting resource qbx_binoculars
[12:18:24] [ info] [citizen-server-i] Started resource qbx_binoculars
[12:18:24] [ info] [citizen-server-i] Starting resource qbx_busjob
[12:18:24] [ info] [citizen-server-i] Started resource qbx_busjob
[12:18:24] [ info] [citizen-server-i] Starting resource qbx_carwash
[12:18:24] [ info] [citizen-server-i] Started resource qbx_carwash
[12:18:24] [ info] [citizen-server-i] Starting resource qbx_chat_theme
[12:18:24] [ info] [citizen-server-i] Started resource qbx_chat_theme
[12:18:24] [ info] [citizen-server-i] Starting resource qbx_cityhall
[12:18:24] [ info] [citizen-server-i] Started resource qbx_cityhall
[12:18:24] [ info] [citizen-server-i] Starting resource qbx_customs
[12:18:24] [ info] [citizen-server-i] Started resource qbx_customs
[12:18:24] [ info] [citizen-server-i] Starting resource qbx_density
[12:18:24] [ info] [citizen-server-i] Started resource qbx_density
[12:18:24] [ info] [citizen-server-i] Starting resource qbx_divegear
[12:18:24] [ info] [citizen-server-i] Started resource qbx_divegear
[12:18:24] [ info] [citizen-server-i] Starting resource qbx_diving
[12:18:24] [ info] [citizen-server-i] Started resource qbx_diving
[12:18:24] [ info] [citizen-server-i] Starting resource qbx_drugs
[12:18:24] [ info] [citizen-server-i] Started resource qbx_drugs
[12:18:24] [ info] [citizen-server-i] Starting resource qbx_fireworks
[12:18:24] [ info] [citizen-server-i] Started resource qbx_fireworks
[12:18:24] [ info] [citizen-server-i] Starting resource qbx_garages
[12:18:24] [ info] [citizen-server-i] Started resource qbx_garages
[12:18:24] [ info] [citizen-server-i] Starting resource qbx_garbagejob
[12:18:24] [ info] [citizen-server-i] Started resource qbx_garbagejob
[12:18:24] [ info] [citizen-server-i] Starting resource qbx_houserobbery
[12:18:24] [ info] [citizen-server-i] Started resource qbx_houserobbery
[12:18:24] [ info] [citizen-server-i] Starting resource qbx_hud
[12:18:24] [ info] [citizen-server-i] Started resource qbx_hud
[12:18:24] [ info] [citizen-server-i] Starting resource qbx_idcard
[12:18:24] [ info] [citizen-server-i] Started resource qbx_idcard
[12:18:24] [ info] [citizen-server-i] Starting resource qbx_jewelery
[12:18:24] [ info] [citizen-server-i] Started resource qbx_jewelery
[12:18:24] [ info] [citizen-server-i] Starting resource qbx_lapraces
[12:18:24] [ info] [citizen-server-i] Started resource qbx_lapraces
[12:18:24] [ info] [citizen-server-i] Starting resource qbx_management
[12:18:24] [ info] [citizen-server-i] Started resource qbx_management
[12:18:24] [ info] [citizen-server-i] Starting resource qbx_mechanicjob
[12:18:24] [ info] [citizen-server-i] Started resource qbx_mechanicjob
[12:18:24] [ info] [citizen-server-i] Starting resource qbx_newsjob
[12:18:24] [ info] [citizen-server-i] Started resource qbx_newsjob
[12:18:24] [ info] [citizen-server-i] Starting resource qbx_pawnshop
[12:18:24] [ info] [citizen-server-i] Started resource qbx_pawnshop
[12:18:24] [ info] [citizen-server-i] Starting resource qbx_police
[12:18:24] [ info] [citizen-server-i] Started resource qbx_police
[12:18:24] [ info] [citizen-server-i] Starting resource qbx_properties
[12:18:24] [ info] [citizen-server-i] Started resource qbx_properties
[12:18:24] [ info] [citizen-server-i] Starting resource qbx_radialmenu
[12:18:24] [ info] [citizen-server-i] Started resource qbx_radialmenu
[12:18:24] [ info] [citizen-server-i] Starting resource qbx_recyclejob
[12:18:24] [ info] [citizen-server-i] Started resource qbx_recyclejob
[12:18:24] [ info] [citizen-server-i] Starting resource qbx_scoreboard
[12:18:24] [ info] [citizen-server-i] Started resource qbx_scoreboard
[12:18:24] [ info] [citizen-server-i] Starting resource qbx_scrapyard
[12:18:24] [ info] [citizen-server-i] Started resource qbx_scrapyard
[12:18:24] [ info] [citizen-server-i] Starting resource qbx_seatbelt
[12:18:24] [ info] [citizen-server-i] Started resource qbx_seatbelt
[12:18:24] [ info] [citizen-server-i] Starting resource qbx_smallresources
[12:18:24] [ info] [qbx_smallresourc] [qbx_smallresources] [WARN] [qbx_entitiesblacklist] You have entity blacklist enabled, this means that any entity that is blacklisted in config.lua will not be able to spawn, you can change this in qbx_smallresource/qbx_entitiesblacklist/config.lua
[12:18:24] [ info] [citizen-server-i] Started resource qbx_smallresources
[12:18:24] [ info] [citizen-server-i] Starting resource qbx_spawn
[12:18:24] [ info] [citizen-server-i] Started resource qbx_spawn
[12:18:24] [ info] [citizen-server-i] Starting resource qbx_storerobbery
[12:18:24] [ info] [citizen-server-i] Started resource qbx_storerobbery
[12:18:24] [ info] [citizen-server-i] Starting resource qbx_streetraces
[12:18:24] [ info] [citizen-server-i] Started resource qbx_streetraces
[12:18:24] [ info] [citizen-server-i] Starting resource qbx_taxijob
[12:18:24] [ info] [citizen-server-i] Started resource qbx_taxijob
[12:18:24] [ info] [citizen-server-i] Starting resource qbx_towjob
[12:18:24] [ info] [citizen-server-i] Started resource qbx_towjob
[12:18:24] [ info] [citizen-server-i] Starting resource qbx_truckerjob
[12:18:24] [ info] [citizen-server-i] Started resource qbx_truckerjob
[12:18:24] [ info] [citizen-server-i] Starting resource qbx_truckrobbery
[12:18:24] [ info] [citizen-server-i] Started resource qbx_truckrobbery
[12:18:24] [ info] [citizen-server-i] Starting resource qbx_vehiclekeys
[12:18:24] [ info] [citizen-server-i] Started resource qbx_vehiclekeys
[12:18:24] [ info] [citizen-server-i] Starting resource qbx_vehicles
[12:18:24] [ info] [citizen-server-i] Started resource qbx_vehicles
[12:18:24] [ info] [citizen-server-i] Starting resource qbx_vehiclesales
[12:18:24] [ info] [citizen-server-i] Started resource qbx_vehiclesales
[12:18:24] [ info] [citizen-server-i] Starting resource qbx_vehicleshop
[12:18:24] [ info] [citizen-server-i] Started resource qbx_vehicleshop
[12:18:24] [ info] [citizen-server-i] Starting resource qbx_vineyard
[12:18:24] [ info] [citizen-server-i] Started resource qbx_vineyard
[12:18:24] [ info] [citizen-server-i] Starting resource qbx_weed
[12:18:24] [ info] [citizen-server-i] Started resource qbx_weed
[12:18:24] [ info] [citizen-server-i] Starting resource bob74_ipl
[12:18:24] [error] [citizen-server-i] Failed to start resource bob74_ipl. Error: Failed to generate cache for set: resource.rpf
[12:18:24] [ info] [citizen-server-i] Starting resource illenium-appearance
[12:18:24] [ info] [citizen-server-i] Started resource illenium-appearance
[12:18:24] [ info] [citizen-server-i] Starting resource loadscreen
[12:18:24] [ info] [citizen-server-i] Started resource loadscreen
[12:18:24] [ info] [citizen-server-i] Starting resource mana_audio
[12:18:24] [ info] [citizen-server-i] Started resource mana_audio
[12:18:24] [ info] [citizen-server-i] Starting resource mhacking
[12:18:24] [ info] [citizen-server-i] Started resource mhacking
[12:18:24] [ info] [citizen-server-i] Starting resource Renewed-Banking
[12:18:24] [ info] [citizen-server-i] Started resource Renewed-Banking
[12:18:24] [ info] [citizen-server-i] Starting resource Renewed-Weathersync
[12:18:24] [ info] [citizen-server-i] Started resource Renewed-Weathersync
[12:18:24] [ info] [citizen-server-i] Starting resource safecracker
[12:18:24] [ info] [citizen-server-i] Started resource safecracker
[12:18:24] [ info] [citizen-server-i] Starting resource screencapture
[12:18:24] [ info] [citizen-server-i] Started resource screencapture
[12:18:24] [ info] [citizen-server-i] Starting resource scully_emotemenu
[12:18:24] [ info] [citizen-server-i] Started resource scully_emotemenu
[12:18:24] [ info] [citizen-server-i] Starting resource ultra-voltlab
[12:18:24] [ info] [citizen-server-i] Started resource ultra-voltlab
[12:18:24] [ info] [citizen-server-i] Starting resource vehiclehandler
[12:18:24] [ info] [citizen-server-i] Started resource vehiclehandler
[12:18:24] [ info] [citizen-server-i] Starting resource xt-prison
[12:18:24] [error] [extra-natives-fi] Command jail is already registered.
[12:18:24] [error] [extra-natives-fi] Command unjail is already registered.
[12:18:24] [ info] [citizen-server-i] Started resource xt-prison
[12:18:24] [ info] [citizen-server-i] Starting resource mm_radio
[12:18:25] [ info] [citizen-server-i] Started resource mm_radio
[12:18:25] [ info] [citizen-server-i] Starting resource pillbox
║             TXADMIN║ Restarting server: Server process close detected.

║             TXADMIN║ ================================================================
║             TXADMIN║ ======== [8800] FXServer Starting - 19/9/2026, 12:18:26 pm      
║             TXADMIN║ ================================================================
[12:18:27] [ info] [citizen-server-i] Scanning resources
[12:18:27] [ info] [citizen-server-i] Found 93 resources
[12:18:27] [ warn] [citizen-resource] Resource 'pillbox' uses the deprecated 'stream/' folder. Please rename it to 'stream_enhanced/' for future compatibility.
[12:18:27] [ warn] [citizen-resource] Resource 'bob74_ipl' uses the deprecated 'stream/' folder. Please rename it to 'stream_enhanced/' for future compatibility.
[12:18:27] [ warn] [citizen-resource] Resource 'qbx_density' uses the deprecated 'stream/' folder. Please rename it to 'stream_enhanced/' for future compatibility.
[12:18:27] [ warn] [citizen-resource] Resource 'qbx_properties' uses the deprecated 'stream/' folder. Please rename it to 'stream_enhanced/' for future compatibility.
[12:18:27] [ warn] [citizen-resource] Resource 'qbx_hud' uses the deprecated 'stream/' folder. Please rename it to 'stream_enhanced/' for future compatibility.
[12:18:27] [ warn] [citizen-resource] Resource 'qbx_customs' uses the deprecated 'stream/' folder. Please rename it to 'stream_enhanced/' for future compatibility.
[12:18:27] [ warn] [citizen-resource] Resource 'ultra-voltlab' uses the deprecated 'stream/' folder. Please rename it to 'stream_enhanced/' for future compatibility.
[12:18:27] [ warn] [citizen-resource] Resource 'scully_emotemenu' uses the deprecated 'stream/' folder. Please rename it to 'stream_enhanced/' for future compatibility.
[12:18:27] [error] [           fivem] sv_enforceGameBuild is used with an invalid value 3258. Only 1 is supported to remove any game dlcs.
[12:18:28] [ info] [         txadmin] [txAdmin] Resource v9.0.0-beta-646aba9a threads and commands set up. All Ready.
[12:18:28] [ info] [citizen-server-i] Starting resource mapmanager
[12:18:28] [ info] [citizen-server-i] Started resource mapmanager
[12:18:28] [ info] [citizen-server-i] Starting resource spawnmanager
[12:18:28] [ info] [citizen-server-i] Started resource spawnmanager
[12:18:28] [ info] [citizen-server-i] Starting resource baseevents
[12:18:28] [ info] [citizen-server-i] Started resource baseevents
[12:18:28] [ info] [citizen-server-i] Starting resource ox_lib
[12:18:28] [ info] [citizen-server-i] Started resource ox_lib
[12:18:28] [ info] [citizen-server-i] Starting resource qbx_core
[12:18:28] [ info] [citizen-server-i] Started resource qbx_core
[12:18:28] [ info] [citizen-server-i] Starting resource ox_target
[12:18:28] [ info] [citizen-server-i] Started resource ox_target
[12:18:28] [ info] [citizen-server-i] Starting resource ox_doorlock
[12:18:28] [ info] [citizen-server-i] Started resource ox_doorlock
[12:18:28] [ info] [citizen-server-i] Starting resource ox_fuel
[12:18:28] [ info] [citizen-server-i] Started resource ox_fuel
[12:18:28] [ info] [citizen-server-i] Starting resource qbx_adminmenu
[12:18:28] [ info] [citizen-server-i] Started resource qbx_adminmenu
[12:18:28] [ info] [citizen-server-i] Starting resource qbx_ambulancejob
[12:18:28] [ info] [citizen-server-i] Started resource qbx_ambulancejob
[12:18:28] [ info] [citizen-server-i] Starting resource qbx_bankrobbery
[12:18:28] [ info] [citizen-server-i] Started resource qbx_bankrobbery
[12:18:28] [ info] [citizen-server-i] Starting resource qbx_binoculars
[12:18:28] [ info] [citizen-server-i] Started resource qbx_binoculars
[12:18:28] [ info] [citizen-server-i] Starting resource qbx_busjob
[12:18:28] [ info] [citizen-server-i] Started resource qbx_busjob
[12:18:28] [ info] [citizen-server-i] Starting resource qbx_carwash
[12:18:28] [ info] [citizen-server-i] Started resource qbx_carwash
[12:18:28] [ info] [citizen-server-i] Starting resource qbx_chat_theme
[12:18:28] [ info] [citizen-server-i] Started resource qbx_chat_theme
[12:18:28] [ info] [citizen-server-i] Starting resource qbx_cityhall
[12:18:28] [ info] [citizen-server-i] Started resource qbx_cityhall
[12:18:28] [ info] [citizen-server-i] Starting resource qbx_customs
[12:18:28] [ info] [citizen-server-i] Started resource qbx_customs
[12:18:28] [ info] [citizen-server-i] Starting resource qbx_density
[12:18:28] [ info] [citizen-server-i] Started resource qbx_density
[12:18:28] [ info] [citizen-server-i] Starting resource qbx_divegear
[12:18:28] [ info] [citizen-server-i] Started resource qbx_divegear
[12:18:28] [ info] [citizen-server-i] Starting resource qbx_diving
[12:18:28] [ info] [citizen-server-i] Started resource qbx_diving
[12:18:28] [ info] [citizen-server-i] Starting resource qbx_drugs
[12:18:29] [ info] [citizen-server-i] Started resource qbx_drugs
[12:18:29] [ info] [citizen-server-i] Starting resource qbx_fireworks
[12:18:29] [ info] [citizen-server-i] Started resource qbx_fireworks
[12:18:29] [ info] [citizen-server-i] Starting resource qbx_garages
[12:18:29] [ info] [citizen-server-i] Started resource qbx_garages
[12:18:29] [ info] [citizen-server-i] Starting resource qbx_garbagejob
[12:18:29] [ info] [citizen-server-i] Started resource qbx_garbagejob
[12:18:29] [ info] [citizen-server-i] Starting resource qbx_houserobbery
[12:18:29] [ info] [citizen-server-i] Started resource qbx_houserobbery
[12:18:29] [ info] [citizen-server-i] Starting resource qbx_hud
[12:18:29] [ info] [citizen-server-i] Started resource qbx_hud
[12:18:29] [ info] [citizen-server-i] Starting resource qbx_idcard
[12:18:29] [ info] [citizen-server-i] Started resource qbx_idcard
[12:18:29] [ info] [citizen-server-i] Starting resource qbx_jewelery
[12:18:29] [ info] [citizen-server-i] Started resource qbx_jewelery
[12:18:29] [ info] [citizen-server-i] Starting resource qbx_lapraces
[12:18:29] [ info] [citizen-server-i] Started resource qbx_lapraces
[12:18:29] [ info] [citizen-server-i] Starting resource qbx_management
[12:18:29] [ info] [citizen-server-i] Started resource qbx_management
[12:18:29] [ info] [citizen-server-i] Starting resource qbx_mechanicjob
[12:18:29] [ info] [citizen-server-i] Started resource qbx_mechanicjob
[12:18:29] [ info] [citizen-server-i] Starting resource qbx_newsjob
[12:18:29] [ info] [citizen-server-i] Started resource qbx_newsjob
[12:18:29] [ info] [citizen-server-i] Starting resource qbx_pawnshop
[12:18:29] [ info] [citizen-server-i] Started resource qbx_pawnshop
[12:18:29] [ info] [citizen-server-i] Starting resource qbx_police
[12:18:29] [ info] [citizen-server-i] Started resource qbx_police
[12:18:29] [ info] [citizen-server-i] Starting resource qbx_properties
[12:18:29] [ info] [citizen-server-i] Started resource qbx_properties
[12:18:29] [ info] [citizen-server-i] Starting resource qbx_radialmenu
[12:18:29] [ info] [citizen-server-i] Started resource qbx_radialmenu
[12:18:29] [ info] [citizen-server-i] Starting resource qbx_recyclejob
[12:18:29] [ info] [citizen-server-i] Started resource qbx_recyclejob
[12:18:29] [ info] [citizen-server-i] Starting resource qbx_scoreboard
[12:18:29] [ info] [citizen-server-i] Started resource qbx_scoreboard
[12:18:29] [ info] [citizen-server-i] Starting resource qbx_scrapyard
[12:18:29] [ info] [citizen-server-i] Started resource qbx_scrapyard
[12:18:29] [ info] [citizen-server-i] Starting resource qbx_seatbelt
[12:18:29] [ info] [citizen-server-i] Started resource qbx_seatbelt
[12:18:29] [ info] [citizen-server-i] Starting resource qbx_smallresources
[12:18:29] [ info] [qbx_smallresourc] [qbx_smallresources] [WARN] [qbx_entitiesblacklist] You have entity blacklist enabled, this means that any entity that is blacklisted in config.lua will not be able to spawn, you can change this in qbx_smallresource/qbx_entitiesblacklist/config.lua
[12:18:29] [ info] [citizen-server-i] Started resource qbx_smallresources
[12:18:29] [ info] [citizen-server-i] Starting resource qbx_spawn
[12:18:29] [ info] [citizen-server-i] Started resource qbx_spawn
[12:18:29] [ info] [citizen-server-i] Starting resource qbx_storerobbery
[12:18:29] [ info] [citizen-server-i] Started resource qbx_storerobbery
[12:18:29] [ info] [citizen-server-i] Starting resource qbx_streetraces
[12:18:29] [ info] [citizen-server-i] Started resource qbx_streetraces
[12:18:29] [ info] [citizen-server-i] Starting resource qbx_taxijob
[12:18:29] [ info] [citizen-server-i] Started resource qbx_taxijob
[12:18:29] [ info] [citizen-server-i] Starting resource qbx_towjob
[12:18:29] [ info] [citizen-server-i] Started resource qbx_towjob
[12:18:29] [ info] [citizen-server-i] Starting resource qbx_truckerjob
[12:18:29] [ info] [citizen-server-i] Started resource qbx_truckerjob
[12:18:29] [ info] [citizen-server-i] Starting resource qbx_truckrobbery
[12:18:29] [ info] [citizen-server-i] Started resource qbx_truckrobbery
[12:18:29] [ info] [citizen-server-i] Starting resource qbx_vehiclekeys
[12:18:29] [ info] [citizen-server-i] Started resource qbx_vehiclekeys
[12:18:29] [ info] [citizen-server-i] Starting resource qbx_vehicles
[12:18:29] [ info] [citizen-server-i] Started resource qbx_vehicles
[12:18:29] [ info] [citizen-server-i] Starting resource qbx_vehiclesales
[12:18:29] [ info] [citizen-server-i] Started resource qbx_vehiclesales
[12:18:29] [ info] [citizen-server-i] Starting resource qbx_vehicleshop
[12:18:29] [ info] [citizen-server-i] Started resource qbx_vehicleshop
[12:18:29] [ info] [citizen-server-i] Starting resource qbx_vineyard
[12:18:29] [ info] [citizen-server-i] Started resource qbx_vineyard
[12:18:29] [ info] [citizen-server-i] Starting resource qbx_weed
[12:18:29] [ info] [citizen-server-i] Started resource qbx_weed
[12:18:29] [ info] [citizen-server-i] Starting resource bob74_ipl
[12:18:29] [error] [citizen-server-i] Failed to start resource bob74_ipl. Error: Failed to generate cache for set: resource.rpf
[12:18:29] [ info] [citizen-server-i] Starting resource illenium-appearance
[12:18:29] [ info] [citizen-server-i] Started resource illenium-appearance
[12:18:29] [ info] [citizen-server-i] Starting resource loadscreen
[12:18:29] [ info] [citizen-server-i] Started resource loadscreen
[12:18:29] [ info] [citizen-server-i] Starting resource mana_audio
[12:18:29] [ info] [citizen-server-i] Started resource mana_audio
[12:18:29] [ info] [citizen-server-i] Starting resource mhacking
[12:18:29] [ info] [citizen-server-i] Started resource mhacking
[12:18:29] [ info] [citizen-server-i] Starting resource Renewed-Banking
[12:18:29] [ info] [citizen-server-i] Started resource Renewed-Banking
[12:18:29] [ info] [citizen-server-i] Starting resource Renewed-Weathersync
[12:18:29] [ info] [citizen-server-i] Started resource Renewed-Weathersync
[12:18:29] [ info] [citizen-server-i] Starting resource safecracker
[12:18:29] [ info] [citizen-server-i] Started resource safecracker
[12:18:29] [ info] [citizen-server-i] Starting resource screencapture
[12:18:29] [ info] [citizen-server-i] Started resource screencapture
[12:18:29] [ info] [citizen-server-i] Starting resource scully_emotemenu
[12:18:29] [ info] [citizen-server-i] Started resource scully_emotemenu
[12:18:29] [ info] [citizen-server-i] Starting resource ultra-voltlab
[12:18:29] [ info] [citizen-server-i] Started resource ultra-voltlab
[12:18:29] [ info] [citizen-server-i] Starting resource vehiclehandler
[12:18:29] [ info] [citizen-server-i] Started resource vehiclehandler
[12:18:29] [ info] [citizen-server-i] Starting resource xt-prison
[12:18:29] [error] [extra-natives-fi] Command jail is already registered.
[12:18:29] [error] [extra-natives-fi] Command unjail is already registered.
[12:18:29] [ info] [citizen-server-i] Started resource xt-prison
[12:18:29] [ info] [citizen-server-i] Starting resource mm_radio
[12:18:29] [ info] [citizen-server-i] Started resource mm_radio
[12:18:29] [ info] [citizen-server-i] Starting resource pillbox
[12:18:30] [fatal] [           fivem] The application has crashed!
║             TXADMIN║ Restarting server: Server process close detected.

║             TXADMIN║ ================================================================
║             TXADMIN║ ======== [1544] FXServer Starting - 19/9/2026, 12:18:31 pm      
║             TXADMIN║ ================================================================
[12:18:32] [ info] [citizen-server-i] Scanning resources
[12:18:32] [ info] [citizen-server-i] Found 93 resources
[12:18:32] [ warn] [citizen-resource] Resource 'pillbox' uses the deprecated 'stream/' folder. Please rename it to 'stream_enhanced/' for future compatibility.
[12:18:32] [ warn] [citizen-resource] Resource 'bob74_ipl' uses the deprecated 'stream/' folder. Please rename it to 'stream_enhanced/' for future compatibility.
[12:18:32] [ warn] [citizen-resource] Resource 'qbx_density' uses the deprecated 'stream/' folder. Please rename it to 'stream_enhanced/' for future compatibility.
[12:18:32] [ warn] [citizen-resource] Resource 'qbx_hud' uses the deprecated 'stream/' folder. Please rename it to 'stream_enhanced/' for future compatibility.
[12:18:32] [ warn] [citizen-resource] Resource 'qbx_customs' uses the deprecated 'stream/' folder. Please rename it to 'stream_enhanced/' for future compatibility.
[12:18:32] [ warn] [citizen-resource] Resource 'qbx_properties' uses the deprecated 'stream/' folder. Please rename it to 'stream_enhanced/' for future compatibility.
[12:18:32] [ warn] [citizen-resource] Resource 'ultra-voltlab' uses the deprecated 'stream/' folder. Please rename it to 'stream_enhanced/' for future compatibility.
[12:18:32] [ warn] [citizen-resource] Resource 'scully_emotemenu' uses the deprecated 'stream/' folder. Please rename it to 'stream_enhanced/' for future compatibility.
[12:18:32] [error] [           fivem] sv_enforceGameBuild is used with an invalid value 3258. Only 1 is supported to remove any game dlcs.
[12:18:33] [ info] [         txadmin] [txAdmin] Resource v9.0.0-beta-646aba9a threads and commands set up. All Ready.
[12:18:33] [ info] [citizen-server-i] Starting resource mapmanager
[12:18:33] [ info] [citizen-server-i] Started resource mapmanager
[12:18:33] [ info] [citizen-server-i] Starting resource spawnmanager
[12:18:33] [ info] [citizen-server-i] Started resource spawnmanager
[12:18:33] [ info] [citizen-server-i] Starting resource baseevents
[12:18:33] [ info] [citizen-server-i] Started resource baseevents
[12:18:33] [ info] [citizen-server-i] Starting resource ox_lib
[12:18:33] [ info] [citizen-server-i] Started resource ox_lib
[12:18:33] [ info] [citizen-server-i] Starting resource qbx_core
[12:18:33] [ info] [citizen-server-i] Started resource qbx_core
[12:18:33] [ info] [citizen-server-i] Starting resource ox_target
[12:18:33] [ info] [citizen-server-i] Started resource ox_target
[12:18:33] [ info] [citizen-server-i] Starting resource ox_doorlock
[12:18:33] [ info] [citizen-server-i] Started resource ox_doorlock
[12:18:33] [ info] [citizen-server-i] Starting resource ox_fuel
[12:18:33] [ info] [citizen-server-i] Started resource ox_fuel
[12:18:33] [ info] [citizen-server-i] Starting resource qbx_adminmenu
[12:18:33] [ info] [citizen-server-i] Started resource qbx_adminmenu
[12:18:33] [ info] [citizen-server-i] Starting resource qbx_ambulancejob
[12:18:33] [ info] [citizen-server-i] Started resource qbx_ambulancejob
[12:18:33] [ info] [citizen-server-i] Starting resource qbx_bankrobbery
[12:18:33] [ info] [citizen-server-i] Started resource qbx_bankrobbery
[12:18:33] [ info] [citizen-server-i] Starting resource qbx_binoculars
[12:18:33] [ info] [citizen-server-i] Started resource qbx_binoculars
[12:18:33] [ info] [citizen-server-i] Starting resource qbx_busjob
[12:18:33] [ info] [citizen-server-i] Started resource qbx_busjob
[12:18:33] [ info] [citizen-server-i] Starting resource qbx_carwash
[12:18:33] [ info] [citizen-server-i] Started resource qbx_carwash
[12:18:33] [ info] [citizen-server-i] Starting resource qbx_chat_theme
[12:18:33] [ info] [citizen-server-i] Started resource qbx_chat_theme
[12:18:33] [ info] [citizen-server-i] Starting resource qbx_cityhall
[12:18:33] [ info] [citizen-server-i] Started resource qbx_cityhall
[12:18:33] [ info] [citizen-server-i] Starting resource qbx_customs
[12:18:33] [ info] [citizen-server-i] Started resource qbx_customs
[12:18:33] [ info] [citizen-server-i] Starting resource qbx_density
[12:18:33] [ info] [citizen-server-i] Started resource qbx_density
[12:18:33] [ info] [citizen-server-i] Starting resource qbx_divegear
[12:18:33] [ info] [citizen-server-i] Started resource qbx_divegear
[12:18:33] [ info] [citizen-server-i] Starting resource qbx_diving
[12:18:33] [ info] [citizen-server-i] Started resource qbx_diving
[12:18:33] [ info] [citizen-server-i] Starting resource qbx_drugs
[12:18:34] [ info] [citizen-server-i] Started resource qbx_drugs
[12:18:34] [ info] [citizen-server-i] Starting resource qbx_fireworks
[12:18:34] [ info] [citizen-server-i] Started resource qbx_fireworks
[12:18:34] [ info] [citizen-server-i] Starting resource qbx_garages
[12:18:34] [ info] [citizen-server-i] Started resource qbx_garages
[12:18:34] [ info] [citizen-server-i] Starting resource qbx_garbagejob
[12:18:34] [ info] [citizen-server-i] Started resource qbx_garbagejob
[12:18:34] [ info] [citizen-server-i] Starting resource qbx_houserobbery
[12:18:34] [ info] [citizen-server-i] Started resource qbx_houserobbery
[12:18:34] [ info] [citizen-server-i] Starting resource qbx_hud
[12:18:34] [ info] [citizen-server-i] Started resource qbx_hud
[12:18:34] [ info] [citizen-server-i] Starting resource qbx_idcard
[12:18:34] [ info] [citizen-server-i] Started resource qbx_idcard
[12:18:34] [ info] [citizen-server-i] Starting resource qbx_jewelery
[12:18:34] [ info] [citizen-server-i] Started resource qbx_jewelery
[12:18:34] [ info] [citizen-server-i] Starting resource qbx_lapraces
[12:18:34] [ info] [citizen-server-i] Started resource qbx_lapraces
[12:18:34] [ info] [citizen-server-i] Starting resource qbx_management
[12:18:34] [ info] [citizen-server-i] Started resource qbx_management
[12:18:34] [ info] [citizen-server-i] Starting resource qbx_mechanicjob
[12:18:34] [ info] [citizen-server-i] Started resource qbx_mechanicjob
[12:18:34] [ info] [citizen-server-i] Starting resource qbx_newsjob
[12:18:34] [ info] [citizen-server-i] Started resource qbx_newsjob
[12:18:34] [ info] [citizen-server-i] Starting resource qbx_pawnshop
[12:18:34] [ info] [citizen-server-i] Started resource qbx_pawnshop
[12:18:34] [ info] [citizen-server-i] Starting resource qbx_police
[12:18:34] [ info] [citizen-server-i] Started resource qbx_police
[12:18:34] [ info] [citizen-server-i] Starting resource qbx_properties
[12:18:34] [ info] [citizen-server-i] Started resource qbx_properties
[12:18:34] [ info] [citizen-server-i] Starting resource qbx_radialmenu
[12:18:34] [ info] [citizen-server-i] Started resource qbx_radialmenu
[12:18:34] [ info] [citizen-server-i] Starting resource qbx_recyclejob
[12:18:34] [ info] [citizen-server-i] Started resource qbx_recyclejob
[12:18:34] [ info] [citizen-server-i] Starting resource qbx_scoreboard
[12:18:34] [ info] [citizen-server-i] Started resource qbx_scoreboard
[12:18:34] [ info] [citizen-server-i] Starting resource qbx_scrapyard
[12:18:34] [ info] [citizen-server-i] Started resource qbx_scrapyard
[12:18:34] [ info] [citizen-server-i] Starting resource qbx_seatbelt
[12:18:34] [ info] [citizen-server-i] Started resource qbx_seatbelt
[12:18:34] [ info] [citizen-server-i] Starting resource qbx_smallresources
[12:18:34] [ info] [qbx_smallresourc] [qbx_smallresources] [WARN] [qbx_entitiesblacklist] You have entity blacklist enabled, this means that any entity that is blacklisted in config.lua will not be able to spawn, you can change this in qbx_smallresource/qbx_entitiesblacklist/config.lua
[12:18:34] [ info] [citizen-server-i] Started resource qbx_smallresources
[12:18:34] [ info] [citizen-server-i] Starting resource qbx_spawn
[12:18:34] [ info] [citizen-server-i] Started resource qbx_spawn
[12:18:34] [ info] [citizen-server-i] Starting resource qbx_storerobbery
[12:18:34] [ info] [citizen-server-i] Started resource qbx_storerobbery
[12:18:34] [ info] [citizen-server-i] Starting resource qbx_streetraces
[12:18:34] [ info] [citizen-server-i] Started resource qbx_streetraces
[12:18:34] [ info] [citizen-server-i] Starting resource qbx_taxijob
[12:18:34] [ info] [citizen-server-i] Started resource qbx_taxijob
[12:18:34] [ info] [citizen-server-i] Starting resource qbx_towjob
[12:18:34] [ info] [citizen-server-i] Started resource qbx_towjob
[12:18:34] [ info] [citizen-server-i] Starting resource qbx_truckerjob
[12:18:34] [ info] [citizen-server-i] Started resource qbx_truckerjob
[12:18:34] [ info] [citizen-server-i] Starting resource qbx_truckrobbery
[12:18:34] [ info] [citizen-server-i] Started resource qbx_truckrobbery
[12:18:34] [ info] [citizen-server-i] Starting resource qbx_vehiclekeys
[12:18:34] [ info] [citizen-server-i] Started resource qbx_vehiclekeys
[12:18:34] [ info] [citizen-server-i] Starting resource qbx_vehicles
[12:18:34] [ info] [citizen-server-i] Started resource qbx_vehicles
[12:18:34] [ info] [citizen-server-i] Starting resource qbx_vehiclesales
[12:18:34] [ info] [citizen-server-i] Started resource qbx_vehiclesales
[12:18:34] [ info] [citizen-server-i] Starting resource qbx_vehicleshop
[12:18:34] [ info] [citizen-server-i] Started resource qbx_vehicleshop
[12:18:34] [ info] [citizen-server-i] Starting resource qbx_vineyard
[12:18:34] [ info] [citizen-server-i] Started resource qbx_vineyard
[12:18:34] [ info] [citizen-server-i] Starting resource qbx_weed
[12:18:34] [ info] [citizen-server-i] Started resource qbx_weed
[12:18:34] [ info] [citizen-server-i] Starting resource bob74_ipl
[12:18:34] [error] [citizen-server-i] Failed to start resource bob74_ipl. Error: Failed to generate cache for set: resource.rpf
[12:18:34] [ info] [citizen-server-i] Starting resource illenium-appearance
[12:18:34] [ info] [citizen-server-i] Started resource illenium-appearance
[12:18:34] [ info] [citizen-server-i] Starting resource loadscreen
[12:18:34] [ info] [citizen-server-i] Started resource loadscreen
[12:18:34] [ info] [citizen-server-i] Starting resource mana_audio
[12:18:34] [ info] [citizen-server-i] Started resource mana_audio
[12:18:34] [ info] [citizen-server-i] Starting resource mhacking
[12:18:34] [ info] [citizen-server-i] Started resource mhacking
[12:18:34] [ info] [citizen-server-i] Starting resource Renewed-Banking
[12:18:34] [ info] [citizen-server-i] Started resource Renewed-Banking
[12:18:34] [ info] [citizen-server-i] Starting resource Renewed-Weathersync
[12:18:34] [ info] [citizen-server-i] Started resource Renewed-Weathersync
[12:18:34] [ info] [citizen-server-i] Starting resource safecracker
[12:18:34] [ info] [citizen-server-i] Started resource safecracker
[12:18:34] [ info] [citizen-server-i] Starting resource screencapture
[12:18:34] [ info] [citizen-server-i] Started resource screencapture
[12:18:34] [ info] [citizen-server-i] Starting resource scully_emotemenu
[12:18:34] [ info] [citizen-server-i] Started resource scully_emotemenu
[12:18:34] [ info] [citizen-server-i] Starting resource ultra-voltlab
[12:18:34] [ info] [citizen-server-i] Started resource ultra-voltlab
[12:18:34] [ info] [citizen-server-i] Starting resource vehiclehandler
[12:18:34] [ info] [citizen-server-i] Started resource vehiclehandler
[12:18:34] [ info] [citizen-server-i] Starting resource xt-prison
[12:18:34] [error] [extra-natives-fi] Command jail is already registered.
[12:18:34] [error] [extra-natives-fi] Command unjail is already registered.
[12:18:34] [ info] [citizen-server-i] Started resource xt-prison
[12:18:34] [ info] [citizen-server-i] Starting resource mm_radio
[12:18:34] [ info] [citizen-server-i] Started resource mm_radio
[12:18:34] [ info] [citizen-server-i] Starting resource pillbox
║             TXADMIN║ Restarting server: Server process close detected.

║             TXADMIN║ ================================================================
║             TXADMIN║ ======== [464] FXServer Starting - 19/9/2026, 12:18:36 pm       
║             TXADMIN║ ================================================================
[12:18:37] [ info] [citizen-server-i] Scanning resources
[12:18:37] [ info] [citizen-server-i] Found 93 resources
[12:18:37] [ warn] [citizen-resource] Resource 'pillbox' uses the deprecated 'stream/' folder. Please rename it to 'stream_enhanced/' for future compatibility.
[12:18:37] [ warn] [citizen-resource] Resource 'bob74_ipl' uses the deprecated 'stream/' folder. Please rename it to 'stream_enhanced/' for future compatibility.
[12:18:37] [ warn] [citizen-resource] Resource 'qbx_properties' uses the deprecated 'stream/' folder. Please rename it to 'stream_enhanced/' for future compatibility.
[12:18:37] [ warn] [citizen-resource] Resource 'qbx_density' uses the deprecated 'stream/' folder. Please rename it to 'stream_enhanced/' for future compatibility.
[12:18:37] [ warn] [citizen-resource] Resource 'qbx_customs' uses the deprecated 'stream/' folder. Please rename it to 'stream_enhanced/' for future compatibility.
[12:18:37] [ warn] [citizen-resource] Resource 'qbx_hud' uses the deprecated 'stream/' folder. Please rename it to 'stream_enhanced/' for future compatibility.
[12:18:37] [ warn] [citizen-resource] Resource 'ultra-voltlab' uses the deprecated 'stream/' folder. Please rename it to 'stream_enhanced/' for future compatibility.
[12:18:37] [ warn] [citizen-resource] Resource 'scully_emotemenu' uses the deprecated 'stream/' folder. Please rename it to 'stream_enhanced/' for future compatibility.
[12:18:37] [error] [           fivem] sv_enforceGameBuild is used with an invalid value 3258. Only 1 is supported to remove any game dlcs.
[12:18:38] [ info] [         txadmin] [txAdmin] Resource v9.0.0-beta-646aba9a threads and commands set up. All Ready.
[12:18:38] [ info] [citizen-server-i] Starting resource mapmanager
[12:18:38] [ info] [citizen-server-i] Started resource mapmanager
[12:18:38] [ info] [citizen-server-i] Starting resource spawnmanager
[12:18:38] [ info] [citizen-server-i] Started resource spawnmanager
[12:18:38] [ info] [citizen-server-i] Starting resource baseevents
[12:18:38] [ info] [citizen-server-i] Started resource baseevents
[12:18:38] [ info] [citizen-server-i] Starting resource ox_lib
║             TXADMIN║ txaEvent "serverShuttingDown" "{\"delay\":5000,\"author\":\"NotAGirl\",\"message\":\"Server shutting down (admin request).\"}"
[12:18:38] [ info] [citizen-server-i] Started resource ox_lib
[12:18:38] [ info] [citizen-server-i] Starting resource qbx_core
[12:18:38] [ info] [citizen-server-i] Started resource qbx_core
[12:18:38] [ info] [citizen-server-i] Starting resource ox_target
[12:18:38] [ info] [citizen-server-i] Started resource ox_target
[12:18:38] [ info] [citizen-server-i] Starting resource ox_doorlock
[12:18:38] [ info] [citizen-server-i] Started resource ox_doorlock
[12:18:38] [ info] [citizen-server-i] Starting resource ox_fuel
[12:18:38] [ info] [citizen-server-i] Started resource ox_fuel
[12:18:38] [ info] [citizen-server-i] Starting resource qbx_adminmenu
[12:18:38] [ info] [citizen-server-i] Started resource qbx_adminmenu
[12:18:38] [ info] [citizen-server-i] Starting resource qbx_ambulancejob
[12:18:39] [ info] [citizen-server-i] Started resource qbx_ambulancejob
[12:18:39] [ info] [citizen-server-i] Starting resource qbx_bankrobbery
[12:18:39] [ info] [citizen-server-i] Started resource qbx_bankrobbery
[12:18:39] [ info] [citizen-server-i] Starting resource qbx_binoculars
[12:18:39] [ info] [citizen-server-i] Started resource qbx_binoculars
[12:18:39] [ info] [citizen-server-i] Starting resource qbx_busjob
[12:18:39] [ info] [citizen-server-i] Started resource qbx_busjob
[12:18:39] [ info] [citizen-server-i] Starting resource qbx_carwash
[12:18:39] [ info] [citizen-server-i] Started resource qbx_carwash
[12:18:39] [ info] [citizen-server-i] Starting resource qbx_chat_theme
[12:18:39] [ info] [citizen-server-i] Started resource qbx_chat_theme
[12:18:39] [ info] [citizen-server-i] Starting resource qbx_cityhall
[12:18:39] [ info] [citizen-server-i] Started resource qbx_cityhall
[12:18:39] [ info] [citizen-server-i] Starting resource qbx_customs
[12:18:39] [ info] [citizen-server-i] Started resource qbx_customs
[12:18:39] [ info] [citizen-server-i] Starting resource qbx_density
[12:18:39] [ info] [citizen-server-i] Started resource qbx_density
[12:18:39] [ info] [citizen-server-i] Starting resource qbx_divegear
[12:18:39] [ info] [citizen-server-i] Started resource qbx_divegear
[12:18:39] [ info] [citizen-server-i] Starting resource qbx_diving
[12:18:39] [ info] [citizen-server-i] Started resource qbx_diving
[12:18:39] [ info] [citizen-server-i] Starting resource qbx_drugs
[12:18:39] [ info] [citizen-server-i] Started resource qbx_drugs
[12:18:39] [ info] [citizen-server-i] Starting resource qbx_fireworks
[12:18:39] [ info] [citizen-server-i] Started resource qbx_fireworks
[12:18:39] [ info] [citizen-server-i] Starting resource qbx_garages
[12:18:39] [ info] [citizen-server-i] Started resource qbx_garages
[12:18:39] [ info] [citizen-server-i] Starting resource qbx_garbagejob
[12:18:39] [ info] [citizen-server-i] Started resource qbx_garbagejob
[12:18:39] [ info] [citizen-server-i] Starting resource qbx_houserobbery
[12:18:39] [ info] [citizen-server-i] Started resource qbx_houserobbery
[12:18:39] [ info] [citizen-server-i] Starting resource qbx_hud
[12:18:39] [ info] [citizen-server-i] Started resource qbx_hud
[12:18:39] [ info] [citizen-server-i] Starting resource qbx_idcard
[12:18:39] [ info] [citizen-server-i] Started resource qbx_idcard
[12:18:39] [ info] [citizen-server-i] Starting resource qbx_jewelery
[12:18:39] [ info] [citizen-server-i] Started resource qbx_jewelery
[12:18:39] [ info] [citizen-server-i] Starting resource qbx_lapraces
[12:18:39] [ info] [citizen-server-i] Started resource qbx_lapraces
[12:18:39] [ info] [citizen-server-i] Starting resource qbx_management
[12:18:39] [ info] [citizen-server-i] Started resource qbx_management
[12:18:39] [ info] [citizen-server-i] Starting resource qbx_mechanicjob
[12:18:39] [ info] [citizen-server-i] Started resource qbx_mechanicjob
[12:18:39] [ info] [citizen-server-i] Starting resource qbx_newsjob
[12:18:39] [ info] [citizen-server-i] Started resource qbx_newsjob
[12:18:39] [ info] [citizen-server-i] Starting resource qbx_pawnshop
[12:18:39] [ info] [citizen-server-i] Started resource qbx_pawnshop
[12:18:39] [ info] [citizen-server-i] Starting resource qbx_police
[12:18:39] [ info] [citizen-server-i] Started resource qbx_police
[12:18:39] [ info] [citizen-server-i] Starting resource qbx_properties
[12:18:39] [ info] [citizen-server-i] Started resource qbx_properties
[12:18:39] [ info] [citizen-server-i] Starting resource qbx_radialmenu
[12:18:39] [ info] [citizen-server-i] Started resource qbx_radialmenu
[12:18:39] [ info] [citizen-server-i] Starting resource qbx_recyclejob
[12:18:39] [ info] [citizen-server-i] Started resource qbx_recyclejob
[12:18:39] [ info] [citizen-server-i] Starting resource qbx_scoreboard
[12:18:39] [ info] [citizen-server-i] Started resource qbx_scoreboard
[12:18:39] [ info] [citizen-server-i] Starting resource qbx_scrapyard
[12:18:39] [ info] [citizen-server-i] Started resource qbx_scrapyard
[12:18:39] [ info] [citizen-server-i] Starting resource qbx_seatbelt
[12:18:39] [ info] [citizen-server-i] Started resource qbx_seatbelt
[12:18:39] [ info] [citizen-server-i] Starting resource qbx_smallresources
[12:18:39] [ info] [qbx_smallresourc] [qbx_smallresources] [WARN] [qbx_entitiesblacklist] You have entity blacklist enabled, this means that any entity that is blacklisted in config.lua will not be able to spawn, you can change this in qbx_smallresource/qbx_entitiesblacklist/config.lua
[12:18:39] [ info] [citizen-server-i] Started resource qbx_smallresources
[12:18:39] [ info] [citizen-server-i] Starting resource qbx_spawn
[12:18:39] [ info] [citizen-server-i] Started resource qbx_spawn
[12:18:39] [ info] [citizen-server-i] Starting resource qbx_storerobbery
[12:18:39] [ info] [citizen-server-i] Started resource qbx_storerobbery
[12:18:39] [ info] [citizen-server-i] Starting resource qbx_streetraces
[12:18:39] [ info] [citizen-server-i] Started resource qbx_streetraces
[12:18:39] [ info] [citizen-server-i] Starting resource qbx_taxijob
[12:18:39] [ info] [citizen-server-i] Started resource qbx_taxijob
[12:18:39] [ info] [citizen-server-i] Starting resource qbx_towjob
[12:18:39] [ info] [citizen-server-i] Started resource qbx_towjob
[12:18:39] [ info] [citizen-server-i] Starting resource qbx_truckerjob
[12:18:39] [ info] [citizen-server-i] Started resource qbx_truckerjob
[12:18:39] [ info] [citizen-server-i] Starting resource qbx_truckrobbery
[12:18:39] [ info] [citizen-server-i] Started resource qbx_truckrobbery
[12:18:39] [ info] [citizen-server-i] Starting resource qbx_vehiclekeys
[12:18:39] [ info] [citizen-server-i] Started resource qbx_vehiclekeys
[12:18:39] [ info] [citizen-server-i] Starting resource qbx_vehicles
[12:18:39] [ info] [citizen-server-i] Started resource qbx_vehicles
[12:18:39] [ info] [citizen-server-i] Starting resource qbx_vehiclesales
[12:18:39] [ info] [citizen-server-i] Started resource qbx_vehiclesales
[12:18:39] [ info] [citizen-server-i] Starting resource qbx_vehicleshop
[12:18:39] [ info] [citizen-server-i] Started resource qbx_vehicleshop
[12:18:39] [ info] [citizen-server-i] Starting resource qbx_vineyard
[12:18:39] [ info] [citizen-server-i] Started resource qbx_vineyard
[12:18:39] [ info] [citizen-server-i] Starting resource qbx_weed
[12:18:39] [ info] [citizen-server-i] Started resource qbx_weed
[12:18:39] [ info] [citizen-server-i] Starting resource bob74_ipl
[12:18:39] [error] [citizen-server-i] Failed to start resource bob74_ipl. Error: Failed to generate cache for set: resource.rpf
[12:18:39] [ info] [citizen-server-i] Starting resource illenium-appearance
[12:18:39] [ info] [citizen-server-i] Started resource illenium-appearance
[12:18:39] [ info] [citizen-server-i] Starting resource loadscreen
[12:18:39] [ info] [citizen-server-i] Started resource loadscreen
[12:18:39] [ info] [citizen-server-i] Starting resource mana_audio
[12:18:39] [ info] [citizen-server-i] Started resource mana_audio
[12:18:39] [ info] [citizen-server-i] Starting resource mhacking
[12:18:39] [ info] [citizen-server-i] Started resource mhacking
[12:18:39] [ info] [citizen-server-i] Starting resource Renewed-Banking
[12:18:39] [ info] [citizen-server-i] Started resource Renewed-Banking
[12:18:39] [ info] [citizen-server-i] Starting resource Renewed-Weathersync
[12:18:39] [ info] [citizen-server-i] Started resource Renewed-Weathersync
[12:18:39] [ info] [citizen-server-i] Starting resource safecracker
[12:18:39] [ info] [citizen-server-i] Started resource safecracker
[12:18:39] [ info] [citizen-server-i] Starting resource screencapture
[12:18:39] [ info] [citizen-server-i] Started resource screencapture
[12:18:39] [ info] [citizen-server-i] Starting resource scully_emotemenu
[12:18:39] [ info] [citizen-server-i] Started resource scully_emotemenu
[12:18:39] [ info] [citizen-server-i] Starting resource ultra-voltlab
[12:18:39] [ info] [citizen-server-i] Started resource ultra-voltlab
[12:18:39] [ info] [citizen-server-i] Starting resource vehiclehandler
[12:18:39] [ info] [citizen-server-i] Started resource vehiclehandler
[12:18:39] [ info] [citizen-server-i] Starting resource xt-prison
[12:18:39] [error] [extra-natives-fi] Command jail is already registered.
[12:18:39] [error] [extra-natives-fi] Command unjail is already registered.
[12:18:39] [ info] [citizen-server-i] Started resource xt-prison
[12:18:39] [ info] [citizen-server-i] Starting resource mm_radio
[12:18:40] [ info] [citizen-server-i] Started resource mm_radio
[12:18:40] [ info] [citizen-server-i] Starting resource pillbox
[12:18:40] [fatal] [           fivem] The application has crashed!
║             TXADMIN║ Restarting server: Server process close detected.

║             TXADMIN║ ================================================================
║             TXADMIN║ ======== [20352] FXServer Starting - 19/9/2026, 12:19:03 pm     
║             TXADMIN║ ================================================================
[12:19:04] [ info] [citizen-server-i] Scanning resources
[12:19:04] [ info] [citizen-server-i] Found 92 resources
[12:19:04] [ warn] [citizen-resource] Resource 'bob74_ipl' uses the deprecated 'stream/' folder. Please rename it to 'stream_enhanced/' for future compatibility.
[12:19:04] [ warn] [citizen-resource] Resource 'qbx_density' uses the deprecated 'stream/' folder. Please rename it to 'stream_enhanced/' for future compatibility.
[12:19:04] [ warn] [citizen-resource] Resource 'qbx_properties' uses the deprecated 'stream/' folder. Please rename it to 'stream_enhanced/' for future compatibility.
[12:19:04] [ warn] [citizen-resource] Resource 'qbx_hud' uses the deprecated 'stream/' folder. Please rename it to 'stream_enhanced/' for future compatibility.
[12:19:04] [ warn] [citizen-resource] Resource 'qbx_customs' uses the deprecated 'stream/' folder. Please rename it to 'stream_enhanced/' for future compatibility.
[12:19:04] [ warn] [citizen-resource] Resource 'ultra-voltlab' uses the deprecated 'stream/' folder. Please rename it to 'stream_enhanced/' for future compatibility.
[12:19:04] [ warn] [citizen-resource] Resource 'scully_emotemenu' uses the deprecated 'stream/' folder. Please rename it to 'stream_enhanced/' for future compatibility.
[12:19:04] [error] [           fivem] sv_enforceGameBuild is used with an invalid value 3258. Only 1 is supported to remove any game dlcs.
[12:19:05] [ info] [         txadmin] [txAdmin] Resource v9.0.0-beta-646aba9a threads and commands set up. All Ready.
[12:19:05] [ info] [citizen-server-i] Starting resource mapmanager
[12:19:05] [ info] [citizen-server-i] Started resource mapmanager
[12:19:05] [ info] [citizen-server-i] Starting resource spawnmanager
[12:19:05] [ info] [citizen-server-i] Started resource spawnmanager
[12:19:05] [ info] [citizen-server-i] Starting resource baseevents
[12:19:05] [ info] [citizen-server-i] Started resource baseevents
[12:19:05] [ info] [citizen-server-i] Starting resource ox_lib
[12:19:05] [ info] [citizen-server-i] Started resource ox_lib
[12:19:05] [ info] [citizen-server-i] Starting resource qbx_core
[12:19:05] [ info] [citizen-server-i] Started resource qbx_core
[12:19:05] [ info] [citizen-server-i] Starting resource ox_target
[12:19:05] [ info] [citizen-server-i] Started resource ox_target
[12:19:05] [ info] [citizen-server-i] Starting resource ox_doorlock
[12:19:05] [ info] [citizen-server-i] Started resource ox_doorlock
[12:19:05] [ info] [citizen-server-i] Starting resource ox_fuel
[12:19:05] [ info] [citizen-server-i] Started resource ox_fuel
[12:19:05] [ info] [citizen-server-i] Starting resource qbx_adminmenu
[12:19:05] [ info] [citizen-server-i] Started resource qbx_adminmenu
[12:19:05] [ info] [citizen-server-i] Starting resource qbx_ambulancejob
[12:19:05] [ info] [citizen-server-i] Started resource qbx_ambulancejob
[12:19:05] [ info] [citizen-server-i] Starting resource qbx_bankrobbery
[12:19:05] [ info] [citizen-server-i] Started resource qbx_bankrobbery
[12:19:05] [ info] [citizen-server-i] Starting resource qbx_binoculars
[12:19:05] [ info] [citizen-server-i] Started resource qbx_binoculars
[12:19:05] [ info] [citizen-server-i] Starting resource qbx_busjob
[12:19:05] [ info] [citizen-server-i] Started resource qbx_busjob
[12:19:05] [ info] [citizen-server-i] Starting resource qbx_carwash
[12:19:05] [ info] [citizen-server-i] Started resource qbx_carwash
[12:19:05] [ info] [citizen-server-i] Starting resource qbx_chat_theme
[12:19:05] [ info] [citizen-server-i] Started resource qbx_chat_theme
[12:19:05] [ info] [citizen-server-i] Starting resource qbx_cityhall
[12:19:05] [ info] [citizen-server-i] Started resource qbx_cityhall
[12:19:05] [ info] [citizen-server-i] Starting resource qbx_customs
[12:19:05] [ info] [citizen-server-i] Started resource qbx_customs
[12:19:05] [ info] [citizen-server-i] Starting resource qbx_density
[12:19:05] [ info] [citizen-server-i] Started resource qbx_density
[12:19:05] [ info] [citizen-server-i] Starting resource qbx_divegear
[12:19:05] [ info] [citizen-server-i] Started resource qbx_divegear
[12:19:05] [ info] [citizen-server-i] Starting resource qbx_diving
[12:19:05] [ info] [citizen-server-i] Started resource qbx_diving
[12:19:05] [ info] [citizen-server-i] Starting resource qbx_drugs
[12:19:05] [ info] [citizen-server-i] Started resource qbx_drugs
[12:19:05] [ info] [citizen-server-i] Starting resource qbx_fireworks
[12:19:05] [ info] [citizen-server-i] Started resource qbx_fireworks
[12:19:05] [ info] [citizen-server-i] Starting resource qbx_garages
[12:19:05] [ info] [citizen-server-i] Started resource qbx_garages
[12:19:05] [ info] [citizen-server-i] Starting resource qbx_garbagejob
[12:19:05] [ info] [citizen-server-i] Started resource qbx_garbagejob
[12:19:05] [ info] [citizen-server-i] Starting resource qbx_houserobbery
[12:19:05] [ info] [citizen-server-i] Started resource qbx_houserobbery
[12:19:05] [ info] [citizen-server-i] Starting resource qbx_hud
[12:19:05] [ info] [citizen-server-i] Started resource qbx_hud
[12:19:05] [ info] [citizen-server-i] Starting resource qbx_idcard
[12:19:06] [ info] [citizen-server-i] Started resource qbx_idcard
[12:19:06] [ info] [citizen-server-i] Starting resource qbx_jewelery
[12:19:06] [ info] [citizen-server-i] Started resource qbx_jewelery
[12:19:06] [ info] [citizen-server-i] Starting resource qbx_lapraces
[12:19:06] [ info] [citizen-server-i] Started resource qbx_lapraces
[12:19:06] [ info] [citizen-server-i] Starting resource qbx_management
[12:19:06] [ info] [citizen-server-i] Started resource qbx_management
[12:19:06] [ info] [citizen-server-i] Starting resource qbx_mechanicjob
[12:19:06] [ info] [citizen-server-i] Started resource qbx_mechanicjob
[12:19:06] [ info] [citizen-server-i] Starting resource qbx_newsjob
[12:19:06] [ info] [citizen-server-i] Started resource qbx_newsjob
[12:19:06] [ info] [citizen-server-i] Starting resource qbx_pawnshop
[12:19:06] [ info] [citizen-server-i] Started resource qbx_pawnshop
[12:19:06] [ info] [citizen-server-i] Starting resource qbx_police
[12:19:06] [ info] [citizen-server-i] Started resource qbx_police
[12:19:06] [ info] [citizen-server-i] Starting resource qbx_properties
[12:19:06] [ info] [citizen-server-i] Started resource qbx_properties
[12:19:06] [ info] [citizen-server-i] Starting resource qbx_radialmenu
[12:19:06] [ info] [citizen-server-i] Started resource qbx_radialmenu
[12:19:06] [ info] [citizen-server-i] Starting resource qbx_recyclejob
[12:19:06] [ info] [citizen-server-i] Started resource qbx_recyclejob
[12:19:06] [ info] [citizen-server-i] Starting resource qbx_scoreboard
[12:19:06] [ info] [citizen-server-i] Started resource qbx_scoreboard
[12:19:06] [ info] [citizen-server-i] Starting resource qbx_scrapyard
[12:19:06] [ info] [citizen-server-i] Started resource qbx_scrapyard
[12:19:06] [ info] [citizen-server-i] Starting resource qbx_seatbelt
[12:19:06] [ info] [citizen-server-i] Started resource qbx_seatbelt
[12:19:06] [ info] [citizen-server-i] Starting resource qbx_smallresources
[12:19:06] [ info] [qbx_smallresourc] [qbx_smallresources] [WARN] [qbx_entitiesblacklist] You have entity blacklist enabled, this means that any entity that is blacklisted in config.lua will not be able to spawn, you can change this in qbx_smallresource/qbx_entitiesblacklist/config.lua
[12:19:06] [ info] [citizen-server-i] Started resource qbx_smallresources
[12:19:06] [ info] [citizen-server-i] Starting resource qbx_spawn
[12:19:06] [ info] [citizen-server-i] Started resource qbx_spawn
[12:19:06] [ info] [citizen-server-i] Starting resource qbx_storerobbery
[12:19:06] [ info] [citizen-server-i] Started resource qbx_storerobbery
[12:19:06] [ info] [citizen-server-i] Starting resource qbx_streetraces
[12:19:06] [ info] [citizen-server-i] Started resource qbx_streetraces
[12:19:06] [ info] [citizen-server-i] Starting resource qbx_taxijob
[12:19:06] [ info] [citizen-server-i] Started resource qbx_taxijob
[12:19:06] [ info] [citizen-server-i] Starting resource qbx_towjob
[12:19:06] [ info] [citizen-server-i] Started resource qbx_towjob
[12:19:06] [ info] [citizen-server-i] Starting resource qbx_truckerjob
[12:19:06] [ info] [citizen-server-i] Started resource qbx_truckerjob
[12:19:06] [ info] [citizen-server-i] Starting resource qbx_truckrobbery
[12:19:06] [ info] [citizen-server-i] Started resource qbx_truckrobbery
[12:19:06] [ info] [citizen-server-i] Starting resource qbx_vehiclekeys
[12:19:06] [ info] [citizen-server-i] Started resource qbx_vehiclekeys
[12:19:06] [ info] [citizen-server-i] Starting resource qbx_vehicles
[12:19:06] [ info] [citizen-server-i] Started resource qbx_vehicles
[12:19:06] [ info] [citizen-server-i] Starting resource qbx_vehiclesales
[12:19:06] [ info] [citizen-server-i] Started resource qbx_vehiclesales
[12:19:06] [ info] [citizen-server-i] Starting resource qbx_vehicleshop
[12:19:06] [ info] [citizen-server-i] Started resource qbx_vehicleshop
[12:19:06] [ info] [citizen-server-i] Starting resource qbx_vineyard
[12:19:06] [ info] [citizen-server-i] Started resource qbx_vineyard
[12:19:06] [ info] [citizen-server-i] Starting resource qbx_weed
[12:19:06] [ info] [citizen-server-i] Started resource qbx_weed
[12:19:06] [ info] [citizen-server-i] Starting resource bob74_ipl
[12:19:06] [error] [citizen-server-i] Failed to start resource bob74_ipl. Error: Failed to generate cache for set: resource.rpf
[12:19:06] [ info] [citizen-server-i] Starting resource illenium-appearance
[12:19:06] [ info] [citizen-server-i] Started resource illenium-appearance
[12:19:06] [ info] [citizen-server-i] Starting resource loadscreen
[12:19:06] [ info] [citizen-server-i] Started resource loadscreen
[12:19:06] [ info] [citizen-server-i] Starting resource mana_audio
[12:19:06] [ info] [citizen-server-i] Started resource mana_audio
[12:19:06] [ info] [citizen-server-i] Starting resource mhacking
[12:19:06] [ info] [citizen-server-i] Started resource mhacking
[12:19:06] [ info] [citizen-server-i] Starting resource Renewed-Banking
[12:19:06] [ info] [citizen-server-i] Started resource Renewed-Banking
[12:19:06] [ info] [citizen-server-i] Starting resource Renewed-Weathersync
[12:19:06] [ info] [citizen-server-i] Started resource Renewed-Weathersync
[12:19:06] [ info] [citizen-server-i] Starting resource safecracker
[12:19:06] [ info] [citizen-server-i] Started resource safecracker
[12:19:06] [ info] [citizen-server-i] Starting resource screencapture
[12:19:06] [ info] [citizen-server-i] Started resource screencapture
[12:19:06] [ info] [citizen-server-i] Starting resource scully_emotemenu
[12:19:06] [ info] [citizen-server-i] Started resource scully_emotemenu
[12:19:06] [ info] [citizen-server-i] Starting resource ultra-voltlab
[12:19:06] [ info] [citizen-server-i] Started resource ultra-voltlab
[12:19:06] [ info] [citizen-server-i] Starting resource vehiclehandler
[12:19:06] [ info] [citizen-server-i] Started resource vehiclehandler
[12:19:06] [ info] [citizen-server-i] Starting resource xt-prison
[12:19:06] [error] [extra-natives-fi] Command jail is already registered.
[12:19:06] [error] [extra-natives-fi] Command unjail is already registered.
[12:19:06] [ info] [citizen-server-i] Started resource xt-prison
[12:19:06] [ info] [citizen-server-i] Starting resource mm_radio
[12:19:06] [ info] [citizen-server-i] Started resource mm_radio
[12:19:06] [error] [citizen-server-i] No resources found for category [assets]
[12:19:06] [ info] [citizen-server-i] Starting resource npwd_qbx_garages
[12:19:06] [ info] [citizen-server-i] Started resource npwd_qbx_garages
[12:19:06] [ info] [citizen-server-i] Starting resource npwd_qbx_mail
[12:19:06] [ info] [citizen-server-i] Started resource npwd_qbx_mail
[12:19:06] [ info] [citizen-server-i] Starting resource qbx_npwd
[12:19:06] [ info] [citizen-server-i] Started resource qbx_npwd
[12:19:06] [ info] [citizen-server-i] Starting resource npwd
[12:19:07] [ info] [citizen-server-i] Started resource npwd
║              STDERR║ (node:20352) ExperimentalWarning: localStorage is not available because --localstorage-file was not provided.
║              STDERR║ (Use `node --trace-warnings ...` to show where the warning was created)
[12:19:07] [ warn] [              js] Unhandled promise rejection in resource npwd
[12:19:07] [ warn] [              js] Uncaught Error: Driver not found.
dist/game/server/server.js(5138,130): getDriver
dist/game/server/server.js(5199,28): 
node:internal/process/task_queues(104,5): processTicksAndRejections

[12:19:07] [ warn] [              js] Unhandled promise rejection in resource npwd
[12:19:07] [ warn] [              js] Uncaught Error: Driver not found.
dist/game/server/server.js(5138,130): getDriver
dist/game/server/server.js(5199,28): 
node:internal/process/task_queues(104,5): processTicksAndRejections

[12:19:07] [ warn] [              js] Unhandled promise rejection in resource npwd
[12:19:07] [ warn] [              js] Uncaught Error: No available storage method found.
dist/game/server/server.js(5207,27): 
node:internal/process/task_queues(104,5): processTicksAndRejections

[12:19:08] [ warn] [citizen-server-i] ScheduleResourceTick: This native is deprecated. Script resources in FiveM for GTAV Enhanced are running on the same tick rate as the server main tick.
[12:19:08] [ info] [         oxmysql] [12.3.3-MariaDB] Database server connection established!
[12:19:08] [ info] [       xt-prison] [xt-prison] [INFO] Initializing Table: xt_prison_items
[12:19:08] [ info] [       xt-prison] [xt-prison] [INFO] Initializing Table: xt_prison
[12:19:08] [ info] [        qbx_core] 
Welcome to Qbox!
To learn more, please check out the documentation at https://docs.qbox.re/.
To turn this message off, set the qbx:acknowledge convar to true in your server.cfg file.

[12:19:08] [ info] [        qbx_core] [qbx_core] [INFO] Removed invalid groups from player_groups table
[12:19:08] [ info] [    ox_inventory] [ox_inventory] [INFO] Inventory has loaded 301 items
[12:19:09] [ info] [scully_emotemenu] [scully_emotemenu] You are currently running the latest version.
[12:22:08] [error] [citizen-server-i] Server list query returned an error: server request failed: server request failed for endpoint https://171.76.85.36:30120/info.json (Get "https://171.76.85.36:30120/info.json": context deadline exceeded (Client.Timeout exceeded while awaiting headers))
server request failed: server request failed for endpoint https://171.76.85.36:30120/players.json (Get "https://171.76.85.36:30120/players.json": context deadline exceeded (Client.Timeout exceeded while awaiting headers))
server request failed: server request failed for endpoint https://171.76.85.36:30120/dynamic.json (Get "https://171.76.85.36:30120/dynamic.json": context deadline exceeded (Client.Timeout exceeded while awaiting headers)).
[12:22:39] [error] [citizen-server-i] Server list query returned an error: server request failed: server request failed for endpoint https://171.76.85.36:30120/players.json (Get "https://171.76.85.36:30120/players.json": context deadline exceeded (Client.Timeout exceeded while awaiting headers))
server request failed: server request failed for endpoint https://171.76.85.36:30120/info.json (Get "https://171.76.85.36:30120/info.json": context deadline exceeded (Client.Timeout exceeded while awaiting headers))
server request failed: server request failed for endpoint https://171.76.85.36:30120/dynamic.json (Get "https://171.76.85.36:30120/dynamic.json": context deadline exceeded (Client.Timeout exceeded while awaiting headers)).
[12:23:09] [error] [citizen-server-i] Server list query returned an error: server request failed: server request failed for endpoint https://171.76.85.36:30120/players.json (Get "https://171.76.85.36:30120/players.json": context deadline exceeded (Client.Timeout exceeded while awaiting headers))
server request failed: server request failed for endpoint https://171.76.85.36:30120/info.json (Get "https://171.76.85.36:30120/info.json": context deadline exceeded (Client.Timeout exceeded while awaiting headers))
server request failed: server request failed for endpoint https://171.76.85.36:30120/dynamic.json (Get "https://171.76.85.36:30120/dynamic.json": context deadline exceeded (Client.Timeout exceeded while awaiting headers)).
[12:23:39] [error] [citizen-server-i] Server list query returned an error: server request failed: server request failed for endpoint https://171.76.85.36:30120/players.json (Get "https://171.76.85.36:30120/players.json": context deadline exceeded (Client.Timeout exceeded while awaiting headers))
server request failed: server request failed for endpoint https://171.76.85.36:30120/info.json (Get "https://171.76.85.36:30120/info.json": context deadline exceeded (Client.Timeout exceeded while awaiting headers))
server request failed: server request failed for endpoint https://171.76.85.36:30120/dynamic.json (Get "https://171.76.85.36:30120/dynamic.json": context deadline exceeded (Client.Timeout exceeded while awaiting headers)).
║             TXADMIN║ ================================================================
║             TXADMIN║ ======== [9728] FXServer Starting - 19/9/2026, 12:34:30 pm      
║             TXADMIN║ ================================================================
[12:34:33] [ info] [citizen-server-i] Scanning resources
[12:34:33] [ info] [citizen-server-i] Found 92 resources
[12:34:33] [ warn] [citizen-resource] Resource 'bob74_ipl' uses the deprecated 'stream/' folder. Please rename it to 'stream_enhanced/' for future compatibility.
[12:34:33] [ warn] [citizen-resource] Resource 'qbx_density' uses the deprecated 'stream/' folder. Please rename it to 'stream_enhanced/' for future compatibility.
[12:34:33] [ warn] [citizen-resource] Resource 'qbx_customs' uses the deprecated 'stream/' folder. Please rename it to 'stream_enhanced/' for future compatibility.
[12:34:33] [ warn] [citizen-resource] Resource 'qbx_hud' uses the deprecated 'stream/' folder. Please rename it to 'stream_enhanced/' for future compatibility.
[12:34:33] [ warn] [citizen-resource] Resource 'qbx_properties' uses the deprecated 'stream/' folder. Please rename it to 'stream_enhanced/' for future compatibility.
[12:34:33] [ warn] [citizen-resource] Resource 'ultra-voltlab' uses the deprecated 'stream/' folder. Please rename it to 'stream_enhanced/' for future compatibility.
[12:34:33] [ warn] [citizen-resource] Resource 'scully_emotemenu' uses the deprecated 'stream/' folder. Please rename it to 'stream_enhanced/' for future compatibility.
[12:34:33] [error] [           fivem] sv_enforceGameBuild is used with an invalid value 3258. Only 1 is supported to remove any game dlcs.
[12:34:34] [ info] [         txadmin] [txAdmin] Resource v9.0.0-beta-646aba9a threads and commands set up. All Ready.
[12:34:35] [ info] [citizen-server-i] Starting resource mapmanager
[12:34:35] [ info] [citizen-server-i] Started resource mapmanager
[12:34:35] [ info] [citizen-server-i] Starting resource spawnmanager
[12:34:35] [ info] [citizen-server-i] Started resource spawnmanager
[12:34:35] [ info] [citizen-server-i] Starting resource baseevents
[12:34:35] [ info] [citizen-server-i] Started resource baseevents
[12:34:35] [ info] [citizen-server-i] Starting resource ox_lib
[12:34:36] [ info] [citizen-server-i] Started resource ox_lib
[12:34:36] [ info] [citizen-server-i] Starting resource qbx_core
[12:34:37] [ info] [citizen-server-i] Started resource qbx_core
[12:34:37] [ info] [citizen-server-i] Starting resource ox_target
[12:34:37] [ info] [citizen-server-i] Started resource ox_target
[12:34:37] [ info] [citizen-server-i] Starting resource ox_doorlock
[12:34:38] [ info] [citizen-server-i] Started resource ox_doorlock
[12:34:38] [ info] [citizen-server-i] Starting resource ox_fuel
[12:34:41] [ info] [citizen-server-i] Started resource ox_fuel
[12:34:41] [ info] [citizen-server-i] Starting resource qbx_adminmenu
[12:34:41] [ info] [citizen-server-i] Started resource qbx_adminmenu
[12:34:41] [ info] [citizen-server-i] Starting resource qbx_ambulancejob
[12:34:41] [ info] [citizen-server-i] Started resource qbx_ambulancejob
[12:34:41] [ info] [citizen-server-i] Starting resource qbx_bankrobbery
[12:34:41] [ info] [citizen-server-i] Started resource qbx_bankrobbery
[12:34:41] [ info] [citizen-server-i] Starting resource qbx_binoculars
[12:34:41] [ info] [citizen-server-i] Started resource qbx_binoculars
[12:34:41] [ info] [citizen-server-i] Starting resource qbx_busjob
[12:34:42] [ info] [citizen-server-i] Started resource qbx_busjob
[12:34:42] [ info] [citizen-server-i] Starting resource qbx_carwash
[12:34:42] [ info] [citizen-server-i] Started resource qbx_carwash
[12:34:42] [ info] [citizen-server-i] Starting resource qbx_chat_theme
[12:34:42] [ info] [citizen-server-i] Started resource qbx_chat_theme
[12:34:42] [ info] [citizen-server-i] Starting resource qbx_cityhall
[12:34:42] [ info] [citizen-server-i] Started resource qbx_cityhall
[12:34:42] [ info] [citizen-server-i] Starting resource qbx_customs
[12:34:42] [ info] [citizen-server-i] Started resource qbx_customs
[12:34:42] [ info] [citizen-server-i] Starting resource qbx_density
[12:34:42] [ info] [citizen-server-i] Started resource qbx_density
[12:34:42] [ info] [citizen-server-i] Starting resource qbx_divegear
[12:34:42] [ info] [citizen-server-i] Started resource qbx_divegear
[12:34:42] [ info] [citizen-server-i] Starting resource qbx_diving
[12:34:43] [ info] [citizen-server-i] Started resource qbx_diving
[12:34:43] [ info] [citizen-server-i] Starting resource qbx_drugs
[12:34:43] [ info] [citizen-server-i] Started resource qbx_drugs
[12:34:43] [ info] [citizen-server-i] Starting resource qbx_fireworks
[12:34:43] [ info] [citizen-server-i] Started resource qbx_fireworks
[12:34:43] [ info] [citizen-server-i] Starting resource qbx_garages
[12:34:43] [ info] [citizen-server-i] Started resource qbx_garages
[12:34:43] [ info] [citizen-server-i] Starting resource qbx_garbagejob
[12:34:43] [ info] [citizen-server-i] Started resource qbx_garbagejob
[12:34:43] [ info] [citizen-server-i] Starting resource qbx_houserobbery
[12:34:43] [ info] [citizen-server-i] Started resource qbx_houserobbery
[12:34:43] [ info] [citizen-server-i] Starting resource qbx_hud
[12:34:44] [ info] [citizen-server-i] Started resource qbx_hud
[12:34:44] [ info] [citizen-server-i] Starting resource qbx_idcard
[12:34:44] [ info] [citizen-server-i] Started resource qbx_idcard
[12:34:44] [ info] [citizen-server-i] Starting resource qbx_jewelery
[12:34:44] [ info] [citizen-server-i] Started resource qbx_jewelery
[12:34:44] [ info] [citizen-server-i] Starting resource qbx_lapraces
[12:34:44] [ info] [citizen-server-i] Started resource qbx_lapraces
[12:34:44] [ info] [citizen-server-i] Starting resource qbx_management
[12:34:44] [ info] [citizen-server-i] Started resource qbx_management
[12:34:44] [ info] [citizen-server-i] Starting resource qbx_mechanicjob
[12:34:45] [ info] [citizen-server-i] Started resource qbx_mechanicjob
[12:34:45] [ info] [citizen-server-i] Starting resource qbx_newsjob
[12:34:45] [ info] [citizen-server-i] Started resource qbx_newsjob
[12:34:45] [ info] [citizen-server-i] Starting resource qbx_pawnshop
[12:34:45] [ info] [citizen-server-i] Started resource qbx_pawnshop
[12:34:45] [ info] [citizen-server-i] Starting resource qbx_police
[12:34:45] [ info] [citizen-server-i] Started resource qbx_police
[12:34:45] [ info] [citizen-server-i] Starting resource qbx_properties
[12:34:46] [ info] [citizen-server-i] Started resource qbx_properties
[12:34:46] [ info] [citizen-server-i] Starting resource qbx_radialmenu
[12:34:46] [ info] [citizen-server-i] Started resource qbx_radialmenu
[12:34:46] [ info] [citizen-server-i] Starting resource qbx_recyclejob
[12:34:46] [ info] [citizen-server-i] Started resource qbx_recyclejob
[12:34:46] [ info] [citizen-server-i] Starting resource qbx_scoreboard
[12:34:46] [ info] [citizen-server-i] Started resource qbx_scoreboard
[12:34:46] [ info] [citizen-server-i] Starting resource qbx_scrapyard
[12:34:46] [ info] [citizen-server-i] Started resource qbx_scrapyard
[12:34:46] [ info] [citizen-server-i] Starting resource qbx_seatbelt
[12:34:46] [ info] [citizen-server-i] Started resource qbx_seatbelt
[12:34:46] [ info] [citizen-server-i] Starting resource qbx_smallresources
[12:34:47] [ info] [qbx_smallresourc] [qbx_smallresources] [WARN] [qbx_entitiesblacklist] You have entity blacklist enabled, this means that any entity that is blacklisted in config.lua will not be able to spawn, you can change this in qbx_smallresource/qbx_entitiesblacklist/config.lua
[12:34:47] [ info] [citizen-server-i] Started resource qbx_smallresources
[12:34:47] [ info] [citizen-server-i] Starting resource qbx_spawn
[12:34:47] [ info] [citizen-server-i] Started resource qbx_spawn
[12:34:47] [ info] [citizen-server-i] Starting resource qbx_storerobbery
[12:34:47] [ info] [citizen-server-i] Started resource qbx_storerobbery
[12:34:47] [ info] [citizen-server-i] Starting resource qbx_streetraces
[12:34:47] [ info] [citizen-server-i] Started resource qbx_streetraces
[12:34:47] [ info] [citizen-server-i] Starting resource qbx_taxijob
[12:34:47] [ info] [citizen-server-i] Started resource qbx_taxijob
[12:34:47] [ info] [citizen-server-i] Starting resource qbx_towjob
[12:34:47] [ info] [citizen-server-i] Started resource qbx_towjob
[12:34:47] [ info] [citizen-server-i] Starting resource qbx_truckerjob
[12:34:47] [ info] [citizen-server-i] Started resource qbx_truckerjob
[12:34:47] [ info] [citizen-server-i] Starting resource qbx_truckrobbery
[12:34:48] [ info] [citizen-server-i] Started resource qbx_truckrobbery
[12:34:48] [ info] [citizen-server-i] Starting resource qbx_vehiclekeys
[12:34:48] [ info] [citizen-server-i] Started resource qbx_vehiclekeys
[12:34:48] [ info] [citizen-server-i] Starting resource qbx_vehicles
[12:34:48] [ info] [citizen-server-i] Started resource qbx_vehicles
[12:34:48] [ info] [citizen-server-i] Starting resource qbx_vehiclesales
[12:34:48] [ info] [citizen-server-i] Started resource qbx_vehiclesales
[12:34:48] [ info] [citizen-server-i] Starting resource qbx_vehicleshop
[12:34:48] [ info] [citizen-server-i] Started resource qbx_vehicleshop
[12:34:48] [ info] [citizen-server-i] Starting resource qbx_vineyard
[12:34:48] [ info] [citizen-server-i] Started resource qbx_vineyard
[12:34:48] [ info] [citizen-server-i] Starting resource qbx_weed
[12:34:49] [ info] [citizen-server-i] Started resource qbx_weed
[12:34:49] [ info] [citizen-server-i] Starting resource bob74_ipl
[12:34:49] [error] [citizen-server-i] Failed to start resource bob74_ipl. Error: Failed to generate cache for set: resource.rpf
[12:34:49] [ info] [citizen-server-i] Starting resource illenium-appearance
[12:34:49] [ info] [citizen-server-i] Started resource illenium-appearance
[12:34:49] [ info] [citizen-server-i] Starting resource loadscreen
[12:34:50] [ info] [citizen-server-i] Started resource loadscreen
[12:34:50] [ info] [citizen-server-i] Starting resource mana_audio
[12:34:50] [ info] [citizen-server-i] Started resource mana_audio
[12:34:50] [ info] [citizen-server-i] Starting resource mhacking
[12:34:50] [ info] [citizen-server-i] Started resource mhacking
[12:34:50] [ info] [citizen-server-i] Starting resource Renewed-Banking
[12:34:50] [ info] [citizen-server-i] Started resource Renewed-Banking
[12:34:50] [ info] [citizen-server-i] Starting resource Renewed-Weathersync
[12:34:50] [ info] [citizen-server-i] Started resource Renewed-Weathersync
[12:34:50] [ info] [citizen-server-i] Starting resource safecracker
[12:34:50] [ info] [citizen-server-i] Started resource safecracker
[12:34:50] [ info] [citizen-server-i] Starting resource screencapture
[12:34:51] [ info] [citizen-server-i] Started resource screencapture
[12:34:51] [ info] [citizen-server-i] Starting resource scully_emotemenu
[12:34:52] [ info] [citizen-server-i] Started resource scully_emotemenu
[12:34:52] [ info] [citizen-server-i] Starting resource ultra-voltlab
[12:34:53] [ info] [citizen-server-i] Started resource ultra-voltlab
[12:34:53] [ info] [citizen-server-i] Starting resource vehiclehandler
[12:34:53] [ info] [citizen-server-i] Started resource vehiclehandler
[12:34:53] [ info] [citizen-server-i] Starting resource xt-prison
[12:34:53] [error] [extra-natives-fi] Command jail is already registered.
[12:34:53] [error] [extra-natives-fi] Command unjail is already registered.
[12:34:53] [ info] [citizen-server-i] Started resource xt-prison
[12:34:53] [ info] [citizen-server-i] Starting resource mm_radio
[12:34:54] [ info] [citizen-server-i] Started resource mm_radio
[12:34:54] [error] [citizen-server-i] No resources found for category [assets]
[12:34:54] [ info] [citizen-server-i] Starting resource npwd_qbx_garages
[12:34:54] [ info] [citizen-server-i] Started resource npwd_qbx_garages
[12:34:54] [ info] [citizen-server-i] Starting resource npwd_qbx_mail
[12:34:54] [ info] [citizen-server-i] Started resource npwd_qbx_mail
[12:34:54] [ info] [citizen-server-i] Starting resource qbx_npwd
[12:34:55] [ info] [citizen-server-i] Started resource qbx_npwd
[12:34:55] [ info] [citizen-server-i] Starting resource npwd
[12:34:56] [ info] [citizen-server-i] Started resource npwd
║              STDERR║ (node:9728) ExperimentalWarning: localStorage is not available because --localstorage-file was not provided.
║              STDERR║ (Use `node --trace-warnings ...` to show where the warning was created)
[12:34:58] [ warn] [              js] Unhandled promise rejection in resource npwd
[12:34:58] [ warn] [              js] Uncaught Error: Driver not found.
dist/game/server/server.js(5138,130): getDriver
dist/game/server/server.js(5199,28): 
node:internal/process/task_queues(104,5): processTicksAndRejections

[12:34:58] [ warn] [              js] Unhandled promise rejection in resource npwd
[12:34:58] [ warn] [              js] Uncaught Error: Driver not found.
dist/game/server/server.js(5138,130): getDriver
dist/game/server/server.js(5199,28): 
node:internal/process/task_queues(104,5): processTicksAndRejections

[12:34:58] [ warn] [              js] Unhandled promise rejection in resource npwd
[12:34:58] [ warn] [              js] Uncaught Error: No available storage method found.
dist/game/server/server.js(5207,27): 
node:internal/process/task_queues(104,5): processTicksAndRejections

[12:34:58] [error] [citizen-server-i] Server list query returned an error: server request failed: server request failed for endpoint https://171.76.85.36:30120/players.json (Get "https://171.76.85.36:30120/players.json": context deadline exceeded (Client.Timeout exceeded while awaiting headers))
server request failed: server request failed for endpoint https://171.76.85.36:30120/info.json (Get "https://171.76.85.36:30120/info.json": context deadline exceeded (Client.Timeout exceeded while awaiting headers))
server request failed: server request failed for endpoint https://171.76.85.36:30120/dynamic.json (Get "https://171.76.85.36:30120/dynamic.json": context deadline exceeded (Client.Timeout exceeded while awaiting headers)).
[12:34:59] [ warn] [citizen-server-i] ScheduleResourceTick: This native is deprecated. Script resources in FiveM for GTAV Enhanced are running on the same tick rate as the server main tick.
[12:34:59] [ info] [         oxmysql] [12.3.3-MariaDB] Database server connection established!
[12:34:59] [ info] [       xt-prison] [xt-prison] [INFO] Initializing Table: xt_prison
[12:34:59] [ info] [       xt-prison] [xt-prison] [INFO] Initializing Table: xt_prison_items
[12:34:59] [ info] [        qbx_core] [qbx_core] [INFO] Removed invalid groups from player_groups table
[12:34:59] [ info] [        qbx_core] 
Welcome to Qbox!
To learn more, please check out the documentation at https://docs.qbox.re/.
To turn this message off, set the qbx:acknowledge convar to true in your server.cfg file.

[12:34:59] [ info] [    ox_inventory] [ox_inventory] [INFO] Inventory has loaded 301 items
[12:34:59] [ info] [scully_emotemenu] [scully_emotemenu] You are currently running the latest version.
[12:35:29] [error] [citizen-server-i] Server list query returned an error: server request failed: server request failed for endpoint https://171.76.85.36:30120/dynamic.json (Get "https://171.76.85.36:30120/dynamic.json": context deadline exceeded (Client.Timeout exceeded while awaiting headers))
server request failed: server request failed for endpoint https://171.76.85.36:30120/players.json (Get "https://171.76.85.36:30120/players.json": context deadline exceeded (Client.Timeout exceeded while awaiting headers))
server request failed: server request failed for endpoint https://171.76.85.36:30120/info.json (Get "https://171.76.85.36:30120/info.json": context deadline exceeded (Client.Timeout exceeded while awaiting headers)).
[12:35:59] [error] [citizen-server-i] Server list query returned an error: server request failed: server request failed for endpoint https://171.76.85.36:30120/dynamic.json (Get "https://171.76.85.36:30120/dynamic.json": context deadline exceeded (Client.Timeout exceeded while awaiting headers))
server request failed: server request failed for endpoint https://171.76.85.36:30120/players.json (Get "https://171.76.85.36:30120/players.json": context deadline exceeded (Client.Timeout exceeded while awaiting headers))
server request failed: server request failed for endpoint https://171.76.85.36:30120/info.json (Get "https://171.76.85.36:30120/info.json": context deadline exceeded (Client.Timeout exceeded while awaiting headers)).
[12:36:29] [error] [citizen-server-i] Server list query returned an error: server request failed: server request failed for endpoint https://171.76.85.36:30120/dynamic.json (Get "https://171.76.85.36:30120/dynamic.json": context deadline exceeded (Client.Timeout exceeded while awaiting headers))
server request failed: server request failed for endpoint https://171.76.85.36:30120/players.json (Get "https://171.76.85.36:30120/players.json": context deadline exceeded (Client.Timeout exceeded while awaiting headers))
server request failed: server request failed for endpoint https://171.76.85.36:30120/info.json (Get "https://171.76.85.36:30120/info.json": context deadline exceeded (Client.Timeout exceeded while awaiting headers)).
║             TXADMIN║ txaReportResources 
[12:36:30] [ info] [         txadmin] [txAdmin] Sending resources list to txAdmin.
║             TXADMIN║ txaReportResources 
[12:36:30] [ info] [         txadmin] [txAdmin] Sending resources list to txAdmin.
║            NotAGirl║ ensure "npwd"
║             TXADMIN║ txaReportResources 
[12:39:20] [ info] [         txadmin] [txAdmin] Sending resources list to txAdmin.
║              STDERR║ (node:9728) ExperimentalWarning: localStorage is not available because --localstorage-file was not provided.
║              STDERR║ (Use `node --trace-warnings ...` to show where the warning was created)
[12:39:20] [ warn] [              js] Unhandled promise rejection in resource npwd
[12:39:20] [ warn] [              js] Uncaught Error: Driver not found.
dist/game/server/server.js(5138,130): getDriver
dist/game/server/server.js(5199,28): 
node:internal/process/task_queues(104,5): processTicksAndRejections

[12:39:20] [ warn] [              js] Unhandled promise rejection in resource npwd
[12:39:20] [ warn] [              js] Uncaught Error: Driver not found.
dist/game/server/server.js(5138,130): getDriver
dist/game/server/server.js(5199,28): 
node:internal/process/task_queues(104,5): processTicksAndRejections

[12:39:20] [ warn] [              js] Unhandled promise rejection in resource npwd
[12:39:20] [ warn] [              js] Uncaught Error: No available storage method found.
dist/game/server/server.js(5207,27): 
node:internal/process/task_queues(104,5): processTicksAndRejections

║             TXADMIN║ txaEvent "serverShuttingDown" "{\"delay\":5000,\"author\":\"NotAGirl\",\"message\":\"Server restarting (admin request).\"}"
[12:39:32] [ info] [         txadmin] [txAdmin] Server shutting down. Kicking all players.

║             TXADMIN║ ================================================================
║             TXADMIN║ ======== [12988] FXServer Starting - 19/9/2026, 12:39:38 pm     
║             TXADMIN║ ================================================================
[12:39:41] [ info] [citizen-server-i] Scanning resources
[12:39:41] [ info] [citizen-server-i] Found 92 resources
[12:39:41] [ warn] [citizen-resource] Resource 'bob74_ipl' uses the deprecated 'stream/' folder. Please rename it to 'stream_enhanced/' for future compatibility.
[12:39:41] [ warn] [citizen-resource] Resource 'qbx_customs' uses the deprecated 'stream/' folder. Please rename it to 'stream_enhanced/' for future compatibility.
[12:39:41] [ warn] [citizen-resource] Resource 'qbx_hud' uses the deprecated 'stream/' folder. Please rename it to 'stream_enhanced/' for future compatibility.
[12:39:41] [ warn] [citizen-resource] Resource 'qbx_density' uses the deprecated 'stream/' folder. Please rename it to 'stream_enhanced/' for future compatibility.
[12:39:41] [ warn] [citizen-resource] Resource 'qbx_properties' uses the deprecated 'stream/' folder. Please rename it to 'stream_enhanced/' for future compatibility.
[12:39:41] [ warn] [citizen-resource] Resource 'ultra-voltlab' uses the deprecated 'stream/' folder. Please rename it to 'stream_enhanced/' for future compatibility.
[12:39:41] [ warn] [citizen-resource] Resource 'scully_emotemenu' uses the deprecated 'stream/' folder. Please rename it to 'stream_enhanced/' for future compatibility.
[12:39:41] [error] [           fivem] sv_enforceGameBuild is used with an invalid value 3258. Only 1 is supported to remove any game dlcs.
[12:39:45] [ info] [         txadmin] [txAdmin] Resource v9.0.0-beta-646aba9a threads and commands set up. All Ready.
[12:39:45] [ info] [citizen-server-i] Starting resource mapmanager
[12:39:45] [ info] [citizen-server-i] Started resource mapmanager
[12:39:45] [ info] [citizen-server-i] Starting resource spawnmanager
[12:39:45] [ info] [citizen-server-i] Started resource spawnmanager
[12:39:45] [ info] [citizen-server-i] Starting resource baseevents
[12:39:45] [ info] [citizen-server-i] Started resource baseevents
[12:39:45] [ info] [citizen-server-i] Starting resource ox_lib
[12:39:47] [ info] [citizen-server-i] Started resource ox_lib
[12:39:47] [ info] [citizen-server-i] Starting resource qbx_core
[12:39:48] [ info] [citizen-server-i] Started resource qbx_core
[12:39:48] [ info] [citizen-server-i] Starting resource ox_target
[12:39:48] [ info] [citizen-server-i] Started resource ox_target
[12:39:48] [ info] [citizen-server-i] Starting resource ox_doorlock
[12:39:48] [ info] [citizen-server-i] Started resource ox_doorlock
[12:39:48] [ info] [citizen-server-i] Starting resource ox_fuel
[12:39:51] [ info] [citizen-server-i] Started resource ox_fuel
[12:39:51] [ info] [citizen-server-i] Starting resource qbx_adminmenu
[12:39:51] [ info] [citizen-server-i] Started resource qbx_adminmenu
[12:39:51] [ info] [citizen-server-i] Starting resource qbx_ambulancejob
[12:39:52] [ info] [citizen-server-i] Started resource qbx_ambulancejob
[12:39:52] [ info] [citizen-server-i] Starting resource qbx_bankrobbery
[12:39:52] [ info] [citizen-server-i] Started resource qbx_bankrobbery
[12:39:52] [ info] [citizen-server-i] Starting resource qbx_binoculars
[12:39:52] [ info] [citizen-server-i] Started resource qbx_binoculars
[12:39:52] [ info] [citizen-server-i] Starting resource qbx_busjob
[12:39:52] [ info] [citizen-server-i] Started resource qbx_busjob
[12:39:52] [ info] [citizen-server-i] Starting resource qbx_carwash
[12:39:52] [ info] [citizen-server-i] Started resource qbx_carwash
[12:39:52] [ info] [citizen-server-i] Starting resource qbx_chat_theme
[12:39:52] [ info] [citizen-server-i] Started resource qbx_chat_theme
[12:39:52] [ info] [citizen-server-i] Starting resource qbx_cityhall
[12:39:52] [ info] [citizen-server-i] Started resource qbx_cityhall
[12:39:52] [ info] [citizen-server-i] Starting resource qbx_customs
[12:39:53] [ info] [citizen-server-i] Started resource qbx_customs
[12:39:53] [ info] [citizen-server-i] Starting resource qbx_density
[12:39:53] [ info] [citizen-server-i] Started resource qbx_density
[12:39:53] [ info] [citizen-server-i] Starting resource qbx_divegear
[12:39:53] [ info] [citizen-server-i] Started resource qbx_divegear
[12:39:53] [ info] [citizen-server-i] Starting resource qbx_diving
[12:39:53] [ info] [citizen-server-i] Started resource qbx_diving
[12:39:53] [ info] [citizen-server-i] Starting resource qbx_drugs
[12:39:53] [ info] [citizen-server-i] Started resource qbx_drugs
[12:39:53] [ info] [citizen-server-i] Starting resource qbx_fireworks
[12:39:53] [ info] [citizen-server-i] Started resource qbx_fireworks
[12:39:53] [ info] [citizen-server-i] Starting resource qbx_garages
[12:39:54] [ info] [citizen-server-i] Started resource qbx_garages
[12:39:54] [ info] [citizen-server-i] Starting resource qbx_garbagejob
[12:39:54] [ info] [citizen-server-i] Started resource qbx_garbagejob
[12:39:54] [ info] [citizen-server-i] Starting resource qbx_houserobbery
[12:39:54] [ info] [citizen-server-i] Started resource qbx_houserobbery
[12:39:54] [ info] [citizen-server-i] Starting resource qbx_hud
[12:39:54] [ info] [citizen-server-i] Started resource qbx_hud
[12:39:54] [ info] [citizen-server-i] Starting resource qbx_idcard
[12:39:54] [ info] [citizen-server-i] Started resource qbx_idcard
[12:39:54] [ info] [citizen-server-i] Starting resource qbx_jewelery
[12:39:55] [ info] [citizen-server-i] Started resource qbx_jewelery
[12:39:55] [ info] [citizen-server-i] Starting resource qbx_lapraces
[12:39:55] [ info] [citizen-server-i] Started resource qbx_lapraces
[12:39:55] [ info] [citizen-server-i] Starting resource qbx_management
[12:39:55] [ info] [citizen-server-i] Started resource qbx_management
[12:39:55] [ info] [citizen-server-i] Starting resource qbx_mechanicjob
[12:39:55] [ info] [citizen-server-i] Started resource qbx_mechanicjob
[12:39:55] [ info] [citizen-server-i] Starting resource qbx_newsjob
[12:39:55] [ info] [citizen-server-i] Started resource qbx_newsjob
[12:39:55] [ info] [citizen-server-i] Starting resource qbx_pawnshop
[12:39:55] [ info] [citizen-server-i] Started resource qbx_pawnshop
[12:39:55] [ info] [citizen-server-i] Starting resource qbx_police
[12:39:56] [ info] [citizen-server-i] Started resource qbx_police
[12:39:56] [ info] [citizen-server-i] Starting resource qbx_properties
[12:39:56] [ info] [citizen-server-i] Started resource qbx_properties
[12:39:56] [ info] [citizen-server-i] Starting resource qbx_radialmenu
[12:39:56] [ info] [citizen-server-i] Started resource qbx_radialmenu
[12:39:56] [ info] [citizen-server-i] Starting resource qbx_recyclejob
[12:39:56] [ info] [citizen-server-i] Started resource qbx_recyclejob
[12:39:56] [ info] [citizen-server-i] Starting resource qbx_scoreboard
[12:39:56] [ info] [citizen-server-i] Started resource qbx_scoreboard
[12:39:56] [ info] [citizen-server-i] Starting resource qbx_scrapyard
[12:39:57] [ info] [citizen-server-i] Started resource qbx_scrapyard
[12:39:57] [ info] [citizen-server-i] Starting resource qbx_seatbelt
[12:39:57] [ info] [citizen-server-i] Started resource qbx_seatbelt
[12:39:57] [ info] [citizen-server-i] Starting resource qbx_smallresources
[12:39:57] [ info] [qbx_smallresourc] [qbx_smallresources] [WARN] [qbx_entitiesblacklist] You have entity blacklist enabled, this means that any entity that is blacklisted in config.lua will not be able to spawn, you can change this in qbx_smallresource/qbx_entitiesblacklist/config.lua
[12:39:57] [ info] [citizen-server-i] Started resource qbx_smallresources
[12:39:57] [ info] [citizen-server-i] Starting resource qbx_spawn
[12:39:57] [ info] [citizen-server-i] Started resource qbx_spawn
[12:39:57] [ info] [citizen-server-i] Starting resource qbx_storerobbery
[12:39:57] [ info] [citizen-server-i] Started resource qbx_storerobbery
[12:39:57] [ info] [citizen-server-i] Starting resource qbx_streetraces
[12:39:57] [ info] [citizen-server-i] Started resource qbx_streetraces
[12:39:57] [ info] [citizen-server-i] Starting resource qbx_taxijob
[12:39:58] [ info] [citizen-server-i] Started resource qbx_taxijob
[12:39:58] [ info] [citizen-server-i] Starting resource qbx_towjob
[12:39:58] [ info] [citizen-server-i] Started resource qbx_towjob
[12:39:58] [ info] [citizen-server-i] Starting resource qbx_truckerjob
[12:39:58] [ info] [citizen-server-i] Started resource qbx_truckerjob
[12:39:58] [ info] [citizen-server-i] Starting resource qbx_truckrobbery
[12:39:58] [ info] [citizen-server-i] Started resource qbx_truckrobbery
[12:39:58] [ info] [citizen-server-i] Starting resource qbx_vehiclekeys
[12:39:58] [ info] [citizen-server-i] Started resource qbx_vehiclekeys
[12:39:58] [ info] [citizen-server-i] Starting resource qbx_vehicles
[12:39:58] [ info] [citizen-server-i] Started resource qbx_vehicles
[12:39:58] [ info] [citizen-server-i] Starting resource qbx_vehiclesales
[12:39:58] [ info] [citizen-server-i] Started resource qbx_vehiclesales
[12:39:58] [ info] [citizen-server-i] Starting resource qbx_vehicleshop
[12:39:59] [ info] [citizen-server-i] Started resource qbx_vehicleshop
[12:39:59] [ info] [citizen-server-i] Starting resource qbx_vineyard
[12:39:59] [ info] [citizen-server-i] Started resource qbx_vineyard
[12:39:59] [ info] [citizen-server-i] Starting resource qbx_weed
[12:39:59] [ info] [citizen-server-i] Started resource qbx_weed
[12:39:59] [ info] [citizen-server-i] Starting resource bob74_ipl
[12:39:59] [error] [citizen-server-i] Failed to start resource bob74_ipl. Error: Failed to generate cache for set: resource.rpf
[12:39:59] [ info] [citizen-server-i] Starting resource illenium-appearance
[12:40:00] [ info] [citizen-server-i] Started resource illenium-appearance
[12:40:00] [ info] [citizen-server-i] Starting resource loadscreen
[12:40:00] [ info] [citizen-server-i] Started resource loadscreen
[12:40:00] [ info] [citizen-server-i] Starting resource mana_audio
[12:40:00] [ info] [citizen-server-i] Started resource mana_audio
[12:40:00] [ info] [citizen-server-i] Starting resource mhacking
[12:40:00] [ info] [citizen-server-i] Started resource mhacking
[12:40:00] [ info] [citizen-server-i] Starting resource Renewed-Banking
[12:40:00] [ info] [citizen-server-i] Started resource Renewed-Banking
[12:40:00] [ info] [citizen-server-i] Starting resource Renewed-Weathersync
[12:40:01] [ info] [citizen-server-i] Started resource Renewed-Weathersync
[12:40:01] [ info] [citizen-server-i] Starting resource safecracker
[12:40:01] [ info] [citizen-server-i] Started resource safecracker
[12:40:01] [ info] [citizen-server-i] Starting resource screencapture
[12:40:01] [ info] [citizen-server-i] Started resource screencapture
[12:40:01] [ info] [citizen-server-i] Starting resource scully_emotemenu
[12:40:03] [ info] [citizen-server-i] Started resource scully_emotemenu
[12:40:03] [ info] [citizen-server-i] Starting resource ultra-voltlab
[12:40:03] [ info] [citizen-server-i] Started resource ultra-voltlab
[12:40:03] [ info] [citizen-server-i] Starting resource vehiclehandler
[12:40:03] [ info] [citizen-server-i] Started resource vehiclehandler
[12:40:03] [ info] [citizen-server-i] Starting resource xt-prison
[12:40:04] [error] [extra-natives-fi] Command jail is already registered.
[12:40:04] [error] [extra-natives-fi] Command unjail is already registered.
[12:40:04] [ info] [citizen-server-i] Started resource xt-prison
[12:40:04] [ info] [citizen-server-i] Starting resource mm_radio
[12:40:04] [ info] [citizen-server-i] Started resource mm_radio
[12:40:04] [error] [citizen-server-i] No resources found for category [assets]
[12:40:04] [ info] [citizen-server-i] Starting resource npwd_qbx_garages
[12:40:05] [ info] [citizen-server-i] Started resource npwd_qbx_garages
[12:40:05] [ info] [citizen-server-i] Starting resource npwd_qbx_mail
[12:40:05] [ info] [citizen-server-i] Started resource npwd_qbx_mail
[12:40:05] [ info] [citizen-server-i] Starting resource qbx_npwd
[12:40:05] [ info] [citizen-server-i] Started resource qbx_npwd
[12:40:05] [ info] [citizen-server-i] Starting resource npwd
[12:40:05] [ info] [citizen-server-i] Started resource npwd
║              STDERR║ (node:12988) ExperimentalWarning: localStorage is not available because --localstorage-file was not provided.
║              STDERR║ (Use `node --trace-warnings ...` to show where the warning was created)
[12:40:06] [ warn] [              js] Unhandled promise rejection in resource npwd
[12:40:06] [ warn] [              js] Uncaught Error: Driver not found.
dist/game/server/server.js(5138,130): getDriver
dist/game/server/server.js(5199,28): 
node:internal/process/task_queues(104,5): processTicksAndRejections

[12:40:06] [ warn] [              js] Unhandled promise rejection in resource npwd
[12:40:06] [ warn] [              js] Uncaught Error: Driver not found.
dist/game/server/server.js(5138,130): getDriver
dist/game/server/server.js(5199,28): 
node:internal/process/task_queues(104,5): processTicksAndRejections

[12:40:06] [ warn] [              js] Unhandled promise rejection in resource npwd
[12:40:06] [ warn] [              js] Uncaught Error: No available storage method found.
dist/game/server/server.js(5207,27): 
node:internal/process/task_queues(104,5): processTicksAndRejections

[12:40:06] [error] [citizen-server-i] Server list query returned an error: server request failed: server request failed for endpoint https://171.76.85.36:30120/dynamic.json (Get "https://171.76.85.36:30120/dynamic.json": context deadline exceeded (Client.Timeout exceeded while awaiting headers))
server request failed: server request failed for endpoint https://171.76.85.36:30120/players.json (Get "https://171.76.85.36:30120/players.json": context deadline exceeded (Client.Timeout exceeded while awaiting headers))
server request failed: server request failed for endpoint https://171.76.85.36:30120/info.json (Get "https://171.76.85.36:30120/info.json": context deadline exceeded (Client.Timeout exceeded while awaiting headers)).
[12:40:06] [ warn] [citizen-server-i] ScheduleResourceTick: This native is deprecated. Script resources in FiveM for GTAV Enhanced are running on the same tick rate as the server main tick.
[12:40:06] [ info] [         oxmysql] [12.3.3-MariaDB] Database server connection established!
[12:40:06] [ info] [       xt-prison] [xt-prison] [INFO] Initializing Table: xt_prison
[12:40:06] [ info] [       xt-prison] [xt-prison] [INFO] Initializing Table: xt_prison_items
[12:40:06] [ info] [        qbx_core] 
Welcome to Qbox!
To learn more, please check out the documentation at https://docs.qbox.re/.
To turn this message off, set the qbx:acknowledge convar to true in your server.cfg file.

[12:40:07] [ info] [        qbx_core] [qbx_core] [INFO] Removed invalid groups from player_groups table
[12:40:07] [ info] [    ox_inventory] [ox_inventory] [INFO] Inventory has loaded 301 items
[12:40:07] [ info] [scully_emotemenu] [scully_emotemenu] You are currently running the latest version.
║             TXADMIN║ txaReportResources 
[12:40:10] [ info] [         txadmin] [txAdmin] Sending resources list to txAdmin.
║             TXADMIN║ txaReportResources 
[12:40:10] [ info] [         txadmin] [txAdmin] Sending resources list to txAdmin.
[12:40:36] [error] [citizen-server-i] Server list query returned an error: server request failed: server request failed for endpoint https://171.76.85.36:30120/info.json (Get "https://171.76.85.36:30120/info.json": context deadline exceeded (Client.Timeout exceeded while awaiting headers))
server request failed: server request failed for endpoint https://171.76.85.36:30120/dynamic.json (Get "https://171.76.85.36:30120/dynamic.json": context deadline exceeded (Client.Timeout exceeded while awaiting headers))
server request failed: server request failed for endpoint https://171.76.85.36:30120/players.json (Get "https://171.76.85.36:30120/players.json": context deadline exceeded (Client.Timeout exceeded while awaiting headers)).
[12:41:07] [error] [citizen-server-i] Server list query returned an error: server request failed: server request failed for endpoint https://171.76.85.36:30120/info.json (Get "https://171.76.85.36:30120/info.json": context deadline exceeded (Client.Timeout exceeded while awaiting headers))
server request failed: server request failed for endpoint https://171.76.85.36:30120/dynamic.json (Get "https://171.76.85.36:30120/dynamic.json": context deadline exceeded (Client.Timeout exceeded while awaiting headers))
server request failed: server request failed for endpoint https://171.76.85.36:30120/players.json (Get "https://171.76.85.36:30120/players.json": context deadline exceeded (Client.Timeout exceeded while awaiting headers)).
║             TXADMIN║ txaEvent "serverShuttingDown" "{\"delay\":5000,\"author\":\"NotAGirl\",\"message\":\"Server shutting down (admin request).\"}"
[12:41:09] [ info] [         txadmin] [txAdmin] Server shutting down. Kicking all players.

║             TXADMIN║ ================================================================
║             TXADMIN║ ======== [7324] FXServer Starting - 19/9/2026, 12:41:29 pm      
║             TXADMIN║ ================================================================
[12:41:30] [ info] [citizen-server-i] Scanning resources
[12:41:30] [ info] [citizen-server-i] Found 92 resources
[12:41:30] [ warn] [citizen-resource] Resource 'bob74_ipl' uses the deprecated 'stream/' folder. Please rename it to 'stream_enhanced/' for future compatibility.
[12:41:30] [ warn] [citizen-resource] Resource 'qbx_density' uses the deprecated 'stream/' folder. Please rename it to 'stream_enhanced/' for future compatibility.
[12:41:30] [ warn] [citizen-resource] Resource 'qbx_customs' uses the deprecated 'stream/' folder. Please rename it to 'stream_enhanced/' for future compatibility.
[12:41:30] [ warn] [citizen-resource] Resource 'qbx_hud' uses the deprecated 'stream/' folder. Please rename it to 'stream_enhanced/' for future compatibility.
[12:41:30] [ warn] [citizen-resource] Resource 'qbx_properties' uses the deprecated 'stream/' folder. Please rename it to 'stream_enhanced/' for future compatibility.
[12:41:30] [ warn] [citizen-resource] Resource 'ultra-voltlab' uses the deprecated 'stream/' folder. Please rename it to 'stream_enhanced/' for future compatibility.
[12:41:30] [ warn] [citizen-resource] Resource 'scully_emotemenu' uses the deprecated 'stream/' folder. Please rename it to 'stream_enhanced/' for future compatibility.
[12:41:30] [error] [           fivem] sv_enforceGameBuild is used with an invalid value 3258. Only 1 is supported to remove any game dlcs.
[12:41:31] [ info] [         txadmin] [txAdmin] Resource v9.0.0-beta-646aba9a threads and commands set up. All Ready.
[12:41:31] [ info] [citizen-server-i] Starting resource mapmanager
[12:41:31] [ info] [citizen-server-i] Started resource mapmanager
[12:41:31] [ info] [citizen-server-i] Starting resource spawnmanager
[12:41:31] [ info] [citizen-server-i] Started resource spawnmanager
[12:41:31] [ info] [citizen-server-i] Starting resource baseevents
[12:41:31] [ info] [citizen-server-i] Started resource baseevents
[12:41:31] [ info] [citizen-server-i] Starting resource ox_lib
[12:41:31] [ info] [citizen-server-i] Started resource ox_lib
[12:41:31] [ info] [citizen-server-i] Starting resource qbx_core
[12:41:31] [ info] [citizen-server-i] Started resource qbx_core
[12:41:31] [ info] [citizen-server-i] Starting resource ox_target
[12:41:31] [ info] [citizen-server-i] Started resource ox_target
[12:41:31] [ info] [citizen-server-i] Starting resource ox_doorlock
[12:41:31] [ info] [citizen-server-i] Started resource ox_doorlock
[12:41:31] [ info] [citizen-server-i] Starting resource ox_fuel
[12:41:31] [ info] [citizen-server-i] Started resource ox_fuel
[12:41:31] [ info] [citizen-server-i] Starting resource qbx_adminmenu
[12:41:31] [ info] [citizen-server-i] Started resource qbx_adminmenu
[12:41:31] [ info] [citizen-server-i] Starting resource qbx_ambulancejob
[12:41:31] [ info] [citizen-server-i] Started resource qbx_ambulancejob
[12:41:31] [ info] [citizen-server-i] Starting resource qbx_bankrobbery
[12:41:31] [ info] [citizen-server-i] Started resource qbx_bankrobbery
[12:41:31] [ info] [citizen-server-i] Starting resource qbx_binoculars
[12:41:31] [ info] [citizen-server-i] Started resource qbx_binoculars
[12:41:31] [ info] [citizen-server-i] Starting resource qbx_busjob
[12:41:31] [ info] [citizen-server-i] Started resource qbx_busjob
[12:41:31] [ info] [citizen-server-i] Starting resource qbx_carwash
[12:41:31] [ info] [citizen-server-i] Started resource qbx_carwash
[12:41:31] [ info] [citizen-server-i] Starting resource qbx_chat_theme
[12:41:31] [ info] [citizen-server-i] Started resource qbx_chat_theme
[12:41:31] [ info] [citizen-server-i] Starting resource qbx_cityhall
[12:41:31] [ info] [citizen-server-i] Started resource qbx_cityhall
[12:41:31] [ info] [citizen-server-i] Starting resource qbx_customs
[12:41:31] [ info] [citizen-server-i] Started resource qbx_customs
[12:41:31] [ info] [citizen-server-i] Starting resource qbx_density
[12:41:31] [ info] [citizen-server-i] Started resource qbx_density
[12:41:31] [ info] [citizen-server-i] Starting resource qbx_divegear
[12:41:31] [ info] [citizen-server-i] Started resource qbx_divegear
[12:41:31] [ info] [citizen-server-i] Starting resource qbx_diving
[12:41:31] [ info] [citizen-server-i] Started resource qbx_diving
[12:41:31] [ info] [citizen-server-i] Starting resource qbx_drugs
[12:41:31] [ info] [citizen-server-i] Started resource qbx_drugs
[12:41:31] [ info] [citizen-server-i] Starting resource qbx_fireworks
[12:41:31] [ info] [citizen-server-i] Started resource qbx_fireworks
[12:41:31] [ info] [citizen-server-i] Starting resource qbx_garages
[12:41:31] [ info] [citizen-server-i] Started resource qbx_garages
[12:41:31] [ info] [citizen-server-i] Starting resource qbx_garbagejob
[12:41:32] [ info] [citizen-server-i] Started resource qbx_garbagejob
[12:41:32] [ info] [citizen-server-i] Starting resource qbx_houserobbery
[12:41:32] [ info] [citizen-server-i] Started resource qbx_houserobbery
[12:41:32] [ info] [citizen-server-i] Starting resource qbx_hud
[12:41:32] [ info] [citizen-server-i] Started resource qbx_hud
[12:41:32] [ info] [citizen-server-i] Starting resource qbx_idcard
[12:41:32] [ info] [citizen-server-i] Started resource qbx_idcard
[12:41:32] [ info] [citizen-server-i] Starting resource qbx_jewelery
[12:41:32] [ info] [citizen-server-i] Started resource qbx_jewelery
[12:41:32] [ info] [citizen-server-i] Starting resource qbx_lapraces
[12:41:32] [ info] [citizen-server-i] Started resource qbx_lapraces
[12:41:32] [ info] [citizen-server-i] Starting resource qbx_management
[12:41:32] [ info] [citizen-server-i] Started resource qbx_management
[12:41:32] [ info] [citizen-server-i] Starting resource qbx_mechanicjob
[12:41:32] [ info] [citizen-server-i] Started resource qbx_mechanicjob
[12:41:32] [ info] [citizen-server-i] Starting resource qbx_newsjob
[12:41:32] [ info] [citizen-server-i] Started resource qbx_newsjob
[12:41:32] [ info] [citizen-server-i] Starting resource qbx_pawnshop
[12:41:32] [ info] [citizen-server-i] Started resource qbx_pawnshop
[12:41:32] [ info] [citizen-server-i] Starting resource qbx_police
[12:41:32] [ info] [citizen-server-i] Started resource qbx_police
[12:41:32] [ info] [citizen-server-i] Starting resource qbx_properties
[12:41:32] [ info] [citizen-server-i] Started resource qbx_properties
[12:41:32] [ info] [citizen-server-i] Starting resource qbx_radialmenu
[12:41:32] [ info] [citizen-server-i] Started resource qbx_radialmenu
[12:41:32] [ info] [citizen-server-i] Starting resource qbx_recyclejob
[12:41:32] [ info] [citizen-server-i] Started resource qbx_recyclejob
[12:41:32] [ info] [citizen-server-i] Starting resource qbx_scoreboard
[12:41:32] [ info] [citizen-server-i] Started resource qbx_scoreboard
[12:41:32] [ info] [citizen-server-i] Starting resource qbx_scrapyard
[12:41:32] [ info] [citizen-server-i] Started resource qbx_scrapyard
[12:41:32] [ info] [citizen-server-i] Starting resource qbx_seatbelt
[12:41:32] [ info] [citizen-server-i] Started resource qbx_seatbelt
[12:41:32] [ info] [citizen-server-i] Starting resource qbx_smallresources
[12:41:32] [ info] [qbx_smallresourc] [qbx_smallresources] [WARN] [qbx_entitiesblacklist] You have entity blacklist enabled, this means that any entity that is blacklisted in config.lua will not be able to spawn, you can change this in qbx_smallresource/qbx_entitiesblacklist/config.lua
[12:41:32] [ info] [citizen-server-i] Started resource qbx_smallresources
[12:41:32] [ info] [citizen-server-i] Starting resource qbx_spawn
[12:41:32] [ info] [citizen-server-i] Started resource qbx_spawn
[12:41:32] [ info] [citizen-server-i] Starting resource qbx_storerobbery
[12:41:32] [ info] [citizen-server-i] Started resource qbx_storerobbery
[12:41:32] [ info] [citizen-server-i] Starting resource qbx_streetraces
[12:41:32] [ info] [citizen-server-i] Started resource qbx_streetraces
[12:41:32] [ info] [citizen-server-i] Starting resource qbx_taxijob
[12:41:32] [ info] [citizen-server-i] Started resource qbx_taxijob
[12:41:32] [ info] [citizen-server-i] Starting resource qbx_towjob
[12:41:32] [ info] [citizen-server-i] Started resource qbx_towjob
[12:41:32] [ info] [citizen-server-i] Starting resource qbx_truckerjob
[12:41:32] [ info] [citizen-server-i] Started resource qbx_truckerjob
[12:41:32] [ info] [citizen-server-i] Starting resource qbx_truckrobbery
[12:41:32] [ info] [citizen-server-i] Started resource qbx_truckrobbery
[12:41:32] [ info] [citizen-server-i] Starting resource qbx_vehiclekeys
[12:41:32] [ info] [citizen-server-i] Started resource qbx_vehiclekeys
[12:41:32] [ info] [citizen-server-i] Starting resource qbx_vehicles
[12:41:32] [ info] [citizen-server-i] Started resource qbx_vehicles
[12:41:32] [ info] [citizen-server-i] Starting resource qbx_vehiclesales
[12:41:32] [ info] [citizen-server-i] Started resource qbx_vehiclesales
[12:41:32] [ info] [citizen-server-i] Starting resource qbx_vehicleshop
[12:41:32] [ info] [citizen-server-i] Started resource qbx_vehicleshop
[12:41:32] [ info] [citizen-server-i] Starting resource qbx_vineyard
[12:41:32] [ info] [citizen-server-i] Started resource qbx_vineyard
[12:41:32] [ info] [citizen-server-i] Starting resource qbx_weed
[12:41:32] [ info] [citizen-server-i] Started resource qbx_weed
[12:41:32] [ info] [citizen-server-i] Starting resource bob74_ipl
[12:41:32] [error] [citizen-server-i] Failed to start resource bob74_ipl. Error: Failed to generate cache for set: resource.rpf
[12:41:32] [ info] [citizen-server-i] Starting resource illenium-appearance
[12:41:32] [ info] [citizen-server-i] Started resource illenium-appearance
[12:41:32] [ info] [citizen-server-i] Starting resource loadscreen
[12:41:32] [ info] [citizen-server-i] Started resource loadscreen
[12:41:32] [ info] [citizen-server-i] Starting resource mana_audio
[12:41:32] [ info] [citizen-server-i] Started resource mana_audio
[12:41:32] [ info] [citizen-server-i] Starting resource mhacking
[12:41:32] [ info] [citizen-server-i] Started resource mhacking
[12:41:32] [ info] [citizen-server-i] Starting resource Renewed-Banking
[12:41:32] [ info] [citizen-server-i] Started resource Renewed-Banking
[12:41:32] [ info] [citizen-server-i] Starting resource Renewed-Weathersync
[12:41:32] [ info] [citizen-server-i] Started resource Renewed-Weathersync
[12:41:32] [ info] [citizen-server-i] Starting resource safecracker
[12:41:32] [ info] [citizen-server-i] Started resource safecracker
[12:41:32] [ info] [citizen-server-i] Starting resource screencapture
[12:41:32] [ info] [citizen-server-i] Started resource screencapture
[12:41:32] [ info] [citizen-server-i] Starting resource scully_emotemenu
[12:41:32] [ info] [citizen-server-i] Started resource scully_emotemenu
[12:41:32] [ info] [citizen-server-i] Starting resource ultra-voltlab
[12:41:32] [ info] [citizen-server-i] Started resource ultra-voltlab
[12:41:32] [ info] [citizen-server-i] Starting resource vehiclehandler
[12:41:32] [ info] [citizen-server-i] Started resource vehiclehandler
[12:41:32] [ info] [citizen-server-i] Starting resource xt-prison
[12:41:32] [error] [extra-natives-fi] Command jail is already registered.
[12:41:32] [error] [extra-natives-fi] Command unjail is already registered.
[12:41:32] [ info] [citizen-server-i] Started resource xt-prison
[12:41:32] [ info] [citizen-server-i] Starting resource mm_radio
[12:41:32] [ info] [citizen-server-i] Started resource mm_radio
[12:41:32] [error] [citizen-server-i] No resources found for category [assets]
[12:41:32] [ info] [citizen-server-i] Starting resource npwd_qbx_garages
[12:41:32] [ info] [citizen-server-i] Started resource npwd_qbx_garages
[12:41:32] [ info] [citizen-server-i] Starting resource npwd_qbx_mail
[12:41:32] [ info] [citizen-server-i] Started resource npwd_qbx_mail
[12:41:32] [ info] [citizen-server-i] Starting resource qbx_npwd
[12:41:32] [ info] [citizen-server-i] Started resource qbx_npwd
[12:41:32] [ info] [citizen-server-i] Starting resource npwd
[12:41:33] [ info] [citizen-server-i] Started resource npwd
║              STDERR║ (node:7324) ExperimentalWarning: localStorage is not available because --localstorage-file was not provided.
║              STDERR║ (Use `node --trace-warnings ...` to show where the warning was created)
[12:41:33] [ warn] [              js] Unhandled promise rejection in resource npwd
[12:41:33] [ warn] [              js] Uncaught Error: Driver not found.
dist/game/server/server.js(5138,130): getDriver
dist/game/server/server.js(5199,28): 
node:internal/process/task_queues(104,5): processTicksAndRejections

[12:41:33] [ warn] [              js] Unhandled promise rejection in resource npwd
[12:41:33] [ warn] [              js] Uncaught Error: Driver not found.
dist/game/server/server.js(5138,130): getDriver
dist/game/server/server.js(5199,28): 
node:internal/process/task_queues(104,5): processTicksAndRejections

[12:41:33] [ warn] [              js] Unhandled promise rejection in resource npwd
[12:41:33] [ warn] [              js] Uncaught Error: No available storage method found.
dist/game/server/server.js(5207,27): 
node:internal/process/task_queues(104,5): processTicksAndRejections

[12:41:34] [error] [citizen-server-i] Server list query returned an error: server request failed: server request failed for endpoint https://171.76.85.36:30120/info.json (Get "https://171.76.85.36:30120/info.json": context deadline exceeded (Client.Timeout exceeded while awaiting headers))
server request failed: server request failed for endpoint https://171.76.85.36:30120/dynamic.json (Get "https://171.76.85.36:30120/dynamic.json": context deadline exceeded (Client.Timeout exceeded while awaiting headers))
server request failed: server request failed for endpoint https://171.76.85.36:30120/players.json (Get "https://171.76.85.36:30120/players.json": context deadline exceeded (Client.Timeout exceeded while awaiting headers)).
[12:41:34] [ warn] [citizen-server-i] ScheduleResourceTick: This native is deprecated. Script resources in FiveM for GTAV Enhanced are running on the same tick rate as the server main tick.
[12:41:34] [ info] [         oxmysql] [12.3.3-MariaDB] Database server connection established!
[12:41:34] [ info] [       xt-prison] [xt-prison] [INFO] Initializing Table: xt_prison
[12:41:34] [ info] [       xt-prison] [xt-prison] [INFO] Initializing Table: xt_prison_items
[12:41:34] [ info] [        qbx_core] 
Welcome to Qbox!
To learn more, please check out the documentation at https://docs.qbox.re/.
To turn this message off, set the qbx:acknowledge convar to true in your server.cfg file.

[12:41:34] [ info] [        qbx_core] [qbx_core] [INFO] Removed invalid groups from player_groups table
[12:41:34] [ info] [    ox_inventory] [ox_inventory] [INFO] Inventory has loaded 301 items
[12:41:34] [ info] [scully_emotemenu] [scully_emotemenu] You are currently running the latest version.
║             TXADMIN║ txaReportResources 
[12:41:47] [ info] [         txadmin] [txAdmin] Sending resources list to txAdmin.
║             TXADMIN║ txaReportResources 
[12:41:47] [ info] [         txadmin] [txAdmin] Sending resources list to txAdmin.
║            NotAGirl║ refresh 
║             TXADMIN║ txaReportResources 
[12:41:50] [ info] [citizen-server-i] Scanning resources.
[12:41:50] [ warn] [citizen-resource] Resource 'qbx_hud' uses the deprecated 'stream/' folder. Please rename it to 'stream_enhanced/' for future compatibility.
[12:41:50] [ warn] [citizen-resource] Resource 'qbx_customs' uses the deprecated 'stream/' folder. Please rename it to 'stream_enhanced/' for future compatibility.
[12:41:50] [ warn] [citizen-resource] Resource 'bob74_ipl' uses the deprecated 'stream/' folder. Please rename it to 'stream_enhanced/' for future compatibility.
[12:41:50] [ warn] [citizen-resource] Resource 'qbx_density' uses the deprecated 'stream/' folder. Please rename it to 'stream_enhanced/' for future compatibility.
[12:41:50] [ warn] [citizen-resource] Resource 'qbx_properties' uses the deprecated 'stream/' folder. Please rename it to 'stream_enhanced/' for future compatibility.
[12:41:50] [ warn] [citizen-resource] Resource 'ultra-voltlab' uses the deprecated 'stream/' folder. Please rename it to 'stream_enhanced/' for future compatibility.
[12:41:50] [ warn] [citizen-resource] Resource 'scully_emotemenu' uses the deprecated 'stream/' folder. Please rename it to 'stream_enhanced/' for future compatibility.
║            NotAGirl║ refresh 
[12:41:50] [ info] [citizen-server-i] Found 0 new resource(s), and refreshed 92/92 resource(s).
[12:41:50] [ info] [         txadmin] [txAdmin] Sending resources list to txAdmin.
[12:41:50] [ info] [citizen-server-i] Scanning resources.
[12:41:50] [ warn] [citizen-resource] Resource 'bob74_ipl' uses the deprecated 'stream/' folder. Please rename it to 'stream_enhanced/' for future compatibility.
[12:41:50] [ warn] [citizen-resource] Resource 'qbx_customs' uses the deprecated 'stream/' folder. Please rename it to 'stream_enhanced/' for future compatibility.
[12:41:50] [ warn] [citizen-resource] Resource 'qbx_density' uses the deprecated 'stream/' folder. Please rename it to 'stream_enhanced/' for future compatibility.
[12:41:50] [ warn] [citizen-resource] Resource 'qbx_hud' uses the deprecated 'stream/' folder. Please rename it to 'stream_enhanced/' for future compatibility.
[12:41:50] [ warn] [citizen-resource] Resource 'qbx_properties' uses the deprecated 'stream/' folder. Please rename it to 'stream_enhanced/' for future compatibility.
[12:41:50] [ warn] [citizen-resource] Resource 'ultra-voltlab' uses the deprecated 'stream/' folder. Please rename it to 'stream_enhanced/' for future compatibility.
[12:41:50] [ warn] [citizen-resource] Resource 'scully_emotemenu' uses the deprecated 'stream/' folder. Please rename it to 'stream_enhanced/' for future compatibility.
[12:41:50] [ info] [citizen-server-i] Found 0 new resource(s), and refreshed 92/92 resource(s).
║            NotAGirl║ refresh 
[12:41:52] [ info] [citizen-server-i] Scanning resources.
║             TXADMIN║ txaReportResources 
[12:41:52] [ warn] [citizen-resource] Resource 'bob74_ipl' uses the deprecated 'stream/' folder. Please rename it to 'stream_enhanced/' for future compatibility.
[12:41:52] [ warn] [citizen-resource] Resource 'qbx_density' uses the deprecated 'stream/' folder. Please rename it to 'stream_enhanced/' for future compatibility.
[12:41:52] [ warn] [citizen-resource] Resource 'qbx_hud' uses the deprecated 'stream/' folder. Please rename it to 'stream_enhanced/' for future compatibility.
[12:41:52] [ warn] [citizen-resource] Resource 'qbx_customs' uses the deprecated 'stream/' folder. Please rename it to 'stream_enhanced/' for future compatibility.
[12:41:52] [ warn] [citizen-resource] Resource 'qbx_properties' uses the deprecated 'stream/' folder. Please rename it to 'stream_enhanced/' for future compatibility.
[12:41:52] [ warn] [citizen-resource] Resource 'ultra-voltlab' uses the deprecated 'stream/' folder. Please rename it to 'stream_enhanced/' for future compatibility.
[12:41:52] [ warn] [citizen-resource] Resource 'scully_emotemenu' uses the deprecated 'stream/' folder. Please rename it to 'stream_enhanced/' for future compatibility.
║            NotAGirl║ refresh 
[12:41:52] [ info] [citizen-server-i] Found 0 new resource(s), and refreshed 92/92 resource(s).
[12:41:52] [ info] [         txadmin] [txAdmin] Sending resources list to txAdmin.
[12:41:52] [ info] [citizen-server-i] Scanning resources.
[12:41:52] [ warn] [citizen-resource] Resource 'bob74_ipl' uses the deprecated 'stream/' folder. Please rename it to 'stream_enhanced/' for future compatibility.
[12:41:52] [ warn] [citizen-resource] Resource 'qbx_density' uses the deprecated 'stream/' folder. Please rename it to 'stream_enhanced/' for future compatibility.
[12:41:52] [ warn] [citizen-resource] Resource 'qbx_hud' uses the deprecated 'stream/' folder. Please rename it to 'stream_enhanced/' for future compatibility.
[12:41:52] [ warn] [citizen-resource] Resource 'qbx_customs' uses the deprecated 'stream/' folder. Please rename it to 'stream_enhanced/' for future compatibility.
[12:41:52] [ warn] [citizen-resource] Resource 'qbx_properties' uses the deprecated 'stream/' folder. Please rename it to 'stream_enhanced/' for future compatibility.
[12:41:52] [ warn] [citizen-resource] Resource 'ultra-voltlab' uses the deprecated 'stream/' folder. Please rename it to 'stream_enhanced/' for future compatibility.
[12:41:52] [ warn] [citizen-resource] Resource 'scully_emotemenu' uses the deprecated 'stream/' folder. Please rename it to 'stream_enhanced/' for future compatibility.
[12:41:52] [ info] [citizen-server-i] Found 0 new resource(s), and refreshed 92/92 resource(s).
║            NotAGirl║ refresh 
║             TXADMIN║ txaReportResources 
[12:41:53] [ info] [citizen-server-i] Scanning resources.
[12:41:53] [ warn] [citizen-resource] Resource 'bob74_ipl' uses the deprecated 'stream/' folder. Please rename it to 'stream_enhanced/' for future compatibility.
[12:41:53] [ warn] [citizen-resource] Resource 'qbx_customs' uses the deprecated 'stream/' folder. Please rename it to 'stream_enhanced/' for future compatibility.
[12:41:53] [ warn] [citizen-resource] Resource 'qbx_hud' uses the deprecated 'stream/' folder. Please rename it to 'stream_enhanced/' for future compatibility.
[12:41:53] [ warn] [citizen-resource] Resource 'qbx_properties' uses the deprecated 'stream/' folder. Please rename it to 'stream_enhanced/' for future compatibility.
[12:41:53] [ warn] [citizen-resource] Resource 'qbx_density' uses the deprecated 'stream/' folder. Please rename it to 'stream_enhanced/' for future compatibility.
[12:41:53] [ warn] [citizen-resource] Resource 'ultra-voltlab' uses the deprecated 'stream/' folder. Please rename it to 'stream_enhanced/' for future compatibility.
[12:41:53] [ warn] [citizen-resource] Resource 'scully_emotemenu' uses the deprecated 'stream/' folder. Please rename it to 'stream_enhanced/' for future compatibility.
║            NotAGirl║ refresh 
[12:41:53] [ info] [citizen-server-i] Found 0 new resource(s), and refreshed 92/92 resource(s).
[12:41:53] [ info] [         txadmin] [txAdmin] Sending resources list to txAdmin.
[12:41:53] [ info] [citizen-server-i] Scanning resources.
[12:41:53] [ warn] [citizen-resource] Resource 'bob74_ipl' uses the deprecated 'stream/' folder. Please rename it to 'stream_enhanced/' for future compatibility.
[12:41:53] [ warn] [citizen-resource] Resource 'qbx_density' uses the deprecated 'stream/' folder. Please rename it to 'stream_enhanced/' for future compatibility.
[12:41:53] [ warn] [citizen-resource] Resource 'qbx_properties' uses the deprecated 'stream/' folder. Please rename it to 'stream_enhanced/' for future compatibility.
[12:41:53] [ warn] [citizen-resource] Resource 'qbx_customs' uses the deprecated 'stream/' folder. Please rename it to 'stream_enhanced/' for future compatibility.
[12:41:53] [ warn] [citizen-resource] Resource 'qbx_hud' uses the deprecated 'stream/' folder. Please rename it to 'stream_enhanced/' for future compatibility.
[12:41:53] [ warn] [citizen-resource] Resource 'ultra-voltlab' uses the deprecated 'stream/' folder. Please rename it to 'stream_enhanced/' for future compatibility.
[12:41:53] [ warn] [citizen-resource] Resource 'scully_emotemenu' uses the deprecated 'stream/' folder. Please rename it to 'stream_enhanced/' for future compatibility.
[12:41:53] [ info] [citizen-server-i] Found 0 new resource(s), and refreshed 92/92 resource(s).
[12:42:04] [error] [citizen-server-i] Server list query returned an error: server request failed: server request failed for endpoint https://171.76.85.36:30120/info.json (Get "https://171.76.85.36:30120/info.json": context deadline exceeded (Client.Timeout exceeded while awaiting headers))
server request failed: server request failed for endpoint https://171.76.85.36:30120/dynamic.json (Get "https://171.76.85.36:30120/dynamic.json": context deadline exceeded (Client.Timeout exceeded while awaiting headers))
server request failed: server request failed for endpoint https://171.76.85.36:30120/players.json (Get "https://171.76.85.36:30120/players.json": context deadline exceeded (Client.Timeout exceeded while awaiting headers)).
[12:42:34] [error] [citizen-server-i] Server list query returned an error: server request failed: server request failed for endpoint https://171.76.85.36:30120/info.json (Get "https://171.76.85.36:30120/info.json": context deadline exceeded (Client.Timeout exceeded while awaiting headers))
server request failed: server request failed for endpoint https://171.76.85.36:30120/dynamic.json (Get "https://171.76.85.36:30120/dynamic.json": context deadline exceeded (Client.Timeout exceeded while awaiting headers))
server request failed: server request failed for endpoint https://171.76.85.36:30120/players.json (Get "https://171.76.85.36:30120/players.json": context deadline exceeded (Client.Timeout exceeded while awaiting headers)).
[12:43:04] [error] [citizen-server-i] Server list query returned an error: server request failed: server request failed for endpoint https://171.76.85.36:30120/players.json (Get "https://171.76.85.36:30120/players.json": context deadline exceeded (Client.Timeout exceeded while awaiting headers))
server request failed: server request failed for endpoint https://171.76.85.36:30120/info.json (Get "https://171.76.85.36:30120/info.json": context deadline exceeded (Client.Timeout exceeded while awaiting headers))
server request failed: server request failed for endpoint https://171.76.85.36:30120/dynamic.json (Get "https://171.76.85.36:30120/dynamic.json": context deadline exceeded (Client.Timeout exceeded while awaiting headers)).
[12:43:36] [error] [citizen-server-i] Server list query returned an error: server request failed: server request failed for endpoint https://171.76.85.36:30120/players.json (Get "https://171.76.85.36:30120/players.json": context deadline exceeded (Client.Timeout exceeded while awaiting headers))
server request failed: server request failed for endpoint https://171.76.85.36:30120/info.json (Get "https://171.76.85.36:30120/info.json": context deadline exceeded (Client.Timeout exceeded while awaiting headers))
server request failed: server request failed for endpoint https://171.76.85.36:30120/dynamic.json (Get "https://171.76.85.36:30120/dynamic.json": context deadline exceeded (Client.Timeout exceeded while awaiting headers)).
[12:44:06] [error] [citizen-server-i] Server list query returned an error: server request failed: server request failed for endpoint https://171.76.85.36:30120/players.json (Get "https://171.76.85.36:30120/players.json": context deadline exceeded (Client.Timeout exceeded while awaiting headers))
server request failed: server request failed for endpoint https://171.76.85.36:30120/info.json (Get "https://171.76.85.36:30120/info.json": context deadline exceeded (Client.Timeout exceeded while awaiting headers))
server request failed: server request failed for endpoint https://171.76.85.36:30120/dynamic.json (Get "https://171.76.85.36:30120/dynamic.json": context deadline exceeded (Client.Timeout exceeded while awaiting headers)).
[12:44:36] [error] [citizen-server-i] Server list query returned an error: server request failed: server request failed for endpoint https://171.76.85.36:30120/players.json (Get "https://171.76.85.36:30120/players.json": context deadline exceeded (Client.Timeout exceeded while awaiting headers))
server request failed: server request failed for endpoint https://171.76.85.36:30120/info.json (Get "https://171.76.85.36:30120/info.json": context deadline exceeded (Client.Timeout exceeded while awaiting headers))
server request failed: server request failed for endpoint https://171.76.85.36:30120/dynamic.json (Get "https://171.76.85.36:30120/dynamic.json": context deadline exceeded (Client.Timeout exceeded while awaiting headers)).
[12:45:07] [error] [citizen-server-i] Server list query returned an error: server request failed: server request failed for endpoint https://171.76.85.36:30120/players.json (Get "https://171.76.85.36:30120/players.json": context deadline exceeded (Client.Timeout exceeded while awaiting headers))
server request failed: server request failed for endpoint https://171.76.85.36:30120/info.json (Get "https://171.76.85.36:30120/info.json": context deadline exceeded (Client.Timeout exceeded while awaiting headers))
server request failed: server request failed for endpoint https://171.76.85.36:30120/dynamic.json (Get "https://171.76.85.36:30120/dynamic.json": context deadline exceeded (Client.Timeout exceeded while awaiting headers)).
[12:45:37] [error] [citizen-server-i] Server list query returned an error: server request failed: server request failed for endpoint https://171.76.85.36:30120/players.json (Get "https://171.76.85.36:30120/players.json": context deadline exceeded (Client.Timeout exceeded while awaiting headers))
server request failed: server request failed for endpoint https://171.76.85.36:30120/info.json (Get "https://171.76.85.36:30120/info.json": context deadline exceeded (Client.Timeout exceeded while awaiting headers))
server request failed: server request failed for endpoint https://171.76.85.36:30120/dynamic.json (Get "https://171.76.85.36:30120/dynamic.json": context deadline exceeded (Client.Timeout exceeded while awaiting headers)).
[12:46:07] [error] [citizen-server-i] Server list query returned an error: server request failed: server request failed for endpoint https://171.76.85.36:30120/players.json (Get "https://171.76.85.36:30120/players.json": context deadline exceeded (Client.Timeout exceeded while awaiting headers))
server request failed: server request failed for endpoint https://171.76.85.36:30120/info.json (Get "https://171.76.85.36:30120/info.json": context deadline exceeded (Client.Timeout exceeded while awaiting headers))
server request failed: server request failed for endpoint https://171.76.85.36:30120/dynamic.json (Get "https://171.76.85.36:30120/dynamic.json": context deadline exceeded (Client.Timeout exceeded while awaiting headers)).
[12:46:37] [error] [citizen-server-i] Server list query returned an error: server request failed: server request failed for endpoint https://171.76.85.36:30120/players.json (Get "https://171.76.85.36:30120/players.json": context deadline exceeded (Client.Timeout exceeded while awaiting headers))
server request failed: server request failed for endpoint https://171.76.85.36:30120/info.json (Get "https://171.76.85.36:30120/info.json": context deadline exceeded (Client.Timeout exceeded while awaiting headers))
server request failed: server request failed for endpoint https://171.76.85.36:30120/dynamic.json (Get "https://171.76.85.36:30120/dynamic.json": context deadline exceeded (Client.Timeout exceeded while awaiting headers)).
[12:47:08] [error] [citizen-server-i] Server list query returned an error: server request failed: server request failed for endpoint https://171.76.85.36:30120/info.json (Get "https://171.76.85.36:30120/info.json": read tcp 10.0.8.216:43972->171.76.85.36:30120: read: connection reset by peer (Client.Timeout exceeded while awaiting headers))
server request failed: server request failed for endpoint https://171.76.85.36:30120/players.json (Get "https://171.76.85.36:30120/players.json": context deadline exceeded (Client.Timeout exceeded while awaiting headers))
server request failed: server request failed for endpoint https://171.76.85.36:30120/dynamic.json (Get "https://171.76.85.36:30120/dynamic.json": context deadline exceeded (Client.Timeout exceeded while awaiting headers)).
[12:47:38] [error] [citizen-server-i] Server list query returned an error: server request failed: server request failed for endpoint https://171.76.85.36:30120/info.json (Get "https://171.76.85.36:30120/info.json": read tcp 10.0.8.216:43972->171.76.85.36:30120: read: connection reset by peer (Client.Timeout exceeded while awaiting headers))
server request failed: server request failed for endpoint https://171.76.85.36:30120/players.json (Get "https://171.76.85.36:30120/players.json": context deadline exceeded (Client.Timeout exceeded while awaiting headers))
server request failed: server request failed for endpoint https://171.76.85.36:30120/dynamic.json (Get "https://171.76.85.36:30120/dynamic.json": context deadline exceeded (Client.Timeout exceeded while awaiting headers)).
[12:48:09] [error] [citizen-server-i] Server list query returned an error: server request failed: server request failed for endpoint https://171.76.85.36:30120/info.json (Get "https://171.76.85.36:30120/info.json": read tcp 10.0.8.216:43972->171.76.85.36:30120: read: connection reset by peer (Client.Timeout exceeded while awaiting headers))
server request failed: server request failed for endpoint https://171.76.85.36:30120/players.json (Get "https://171.76.85.36:30120/players.json": context deadline exceeded (Client.Timeout exceeded while awaiting headers))
server request failed: server request failed for endpoint https://171.76.85.36:30120/dynamic.json (Get "https://171.76.85.36:30120/dynamic.json": context deadline exceeded (Client.Timeout exceeded while awaiting headers)).
[12:48:39] [error] [citizen-server-i] Server list query returned an error: server request failed: server request failed for endpoint https://171.76.85.36:30120/info.json (Get "https://171.76.85.36:30120/info.json": read tcp 10.0.8.216:43972->171.76.85.36:30120: read: connection reset by peer (Client.Timeout exceeded while awaiting headers))
server request failed: server request failed for endpoint https://171.76.85.36:30120/players.json (Get "https://171.76.85.36:30120/players.json": context deadline exceeded (Client.Timeout exceeded while awaiting headers))
server request failed: server request failed for endpoint https://171.76.85.36:30120/dynamic.json (Get "https://171.76.85.36:30120/dynamic.json": context deadline exceeded (Client.Timeout exceeded while awaiting headers)).
[12:49:09] [error] [citizen-server-i] Server list query returned an error: server request failed: server request failed for endpoint https://171.76.85.36:30120/dynamic.json (Get "https://171.76.85.36:30120/dynamic.json": context deadline exceeded (Client.Timeout exceeded while awaiting headers))
server request failed: server request failed for endpoint https://171.76.85.36:30120/info.json (Get "https://171.76.85.36:30120/info.json": context deadline exceeded (Client.Timeout exceeded while awaiting headers))
server request failed: server request failed for endpoint https://171.76.85.36:30120/players.json (Get "https://171.76.85.36:30120/players.json": context deadline exceeded (Client.Timeout exceeded while awaiting headers)).
[12:49:40] [error] [citizen-server-i] Server list query returned an error: server request failed: server request failed for endpoint https://171.76.85.36:30120/dynamic.json (Get "https://171.76.85.36:30120/dynamic.json": context deadline exceeded (Client.Timeout exceeded while awaiting headers))
server request failed: server request failed for endpoint https://171.76.85.36:30120/info.json (Get "https://171.76.85.36:30120/info.json": context deadline exceeded (Client.Timeout exceeded while awaiting headers))
server request failed: server request failed for endpoint https://171.76.85.36:30120/players.json (Get "https://171.76.85.36:30120/players.json": context deadline exceeded (Client.Timeout exceeded while awaiting headers)).
[12:50:10] [error] [citizen-server-i] Server list query returned an error: server request failed: server request failed for endpoint https://171.76.85.36:30120/dynamic.json (Get "https://171.76.85.36:30120/dynamic.json": context deadline exceeded (Client.Timeout exceeded while awaiting headers))
server request failed: server request failed for endpoint https://171.76.85.36:30120/info.json (Get "https://171.76.85.36:30120/info.json": context deadline exceeded (Client.Timeout exceeded while awaiting headers))
server request failed: server request failed for endpoint https://171.76.85.36:30120/players.json (Get "https://171.76.85.36:30120/players.json": context deadline exceeded (Client.Timeout exceeded while awaiting headers)).
[12:50:40] [error] [citizen-server-i] Server list query returned an error: server request failed: server request failed for endpoint https://171.76.85.36:30120/dynamic.json (Get "https://171.76.85.36:30120/dynamic.json": context deadline exceeded (Client.Timeout exceeded while awaiting headers))
server request failed: server request failed for endpoint https://171.76.85.36:30120/info.json (Get "https://171.76.85.36:30120/info.json": context deadline exceeded (Client.Timeout exceeded while awaiting headers))
server request failed: server request failed for endpoint https://171.76.85.36:30120/players.json (Get "https://171.76.85.36:30120/players.json": context deadline exceeded (Client.Timeout exceeded while awaiting headers)).
[12:51:11] [error] [citizen-server-i] Server list query returned an error: server request failed: server request failed for endpoint https://171.76.85.36:30120/info.json (Get "https://171.76.85.36:30120/info.json": context deadline exceeded (Client.Timeout exceeded while awaiting headers))
server request failed: server request failed for endpoint https://171.76.85.36:30120/dynamic.json (Get "https://171.76.85.36:30120/dynamic.json": context deadline exceeded (Client.Timeout exceeded while awaiting headers))
server request failed: server request failed for endpoint https://171.76.85.36:30120/players.json (Get "https://171.76.85.36:30120/players.json": context deadline exceeded (Client.Timeout exceeded while awaiting headers)).
[12:51:41] [error] [citizen-server-i] Server list query returned an error: server request failed: server request failed for endpoint https://171.76.85.36:30120/info.json (Get "https://171.76.85.36:30120/info.json": context deadline exceeded (Client.Timeout exceeded while awaiting headers))
server request failed: server request failed for endpoint https://171.76.85.36:30120/dynamic.json (Get "https://171.76.85.36:30120/dynamic.json": context deadline exceeded (Client.Timeout exceeded while awaiting headers))
server request failed: server request failed for endpoint https://171.76.85.36:30120/players.json (Get "https://171.76.85.36:30120/players.json": context deadline exceeded (Client.Timeout exceeded while awaiting headers)).
[12:52:11] [error] [citizen-server-i] Server list query returned an error: server request failed: server request failed for endpoint https://171.76.85.36:30120/info.json (Get "https://171.76.85.36:30120/info.json": context deadline exceeded (Client.Timeout exceeded while awaiting headers))
server request failed: server request failed for endpoint https://171.76.85.36:30120/dynamic.json (Get "https://171.76.85.36:30120/dynamic.json": context deadline exceeded (Client.Timeout exceeded while awaiting headers))
server request failed: server request failed for endpoint https://171.76.85.36:30120/players.json (Get "https://171.76.85.36:30120/players.json": context deadline exceeded (Client.Timeout exceeded while awaiting headers)).
[12:52:41] [error] [citizen-server-i] Server list query returned an error: server request failed: server request failed for endpoint https://171.76.85.36:30120/info.json (Get "https://171.76.85.36:30120/info.json": context deadline exceeded (Client.Timeout exceeded while awaiting headers))
server request failed: server request failed for endpoint https://171.76.85.36:30120/dynamic.json (Get "https://171.76.85.36:30120/dynamic.json": context deadline exceeded (Client.Timeout exceeded while awaiting headers))
server request failed: server request failed for endpoint https://171.76.85.36:30120/players.json (Get "https://171.76.85.36:30120/players.json": context deadline exceeded (Client.Timeout exceeded while awaiting headers)).
[12:53:12] [error] [citizen-server-i] Server list query returned an error: server request failed: server request failed for endpoint https://171.76.85.36:30120/dynamic.json (Get "https://171.76.85.36:30120/dynamic.json": context deadline exceeded (Client.Timeout exceeded while awaiting headers))
server request failed: server request failed for endpoint https://171.76.85.36:30120/players.json (Get "https://171.76.85.36:30120/players.json": context deadline exceeded (Client.Timeout exceeded while awaiting headers))
server request failed: server request failed for endpoint https://171.76.85.36:30120/info.json (Get "https://171.76.85.36:30120/info.json": context deadline exceeded (Client.Timeout exceeded while awaiting headers)).
[12:53:42] [error] [citizen-server-i] Server list query returned an error: server request failed: server request failed for endpoint https://171.76.85.36:30120/dynamic.json (Get "https://171.76.85.36:30120/dynamic.json": context deadline exceeded (Client.Timeout exceeded while awaiting headers))
server request failed: server request failed for endpoint https://171.76.85.36:30120/players.json (Get "https://171.76.85.36:30120/players.json": context deadline exceeded (Client.Timeout exceeded while awaiting headers))
server request failed: server request failed for endpoint https://171.76.85.36:30120/info.json (Get "https://171.76.85.36:30120/info.json": context deadline exceeded (Client.Timeout exceeded while awaiting headers)).
[12:54:12] [error] [citizen-server-i] Server list query returned an error: server request failed: server request failed for endpoint https://171.76.85.36:30120/dynamic.json (Get "https://171.76.85.36:30120/dynamic.json": context deadline exceeded (Client.Timeout exceeded while awaiting headers))
server request failed: server request failed for endpoint https://171.76.85.36:30120/players.json (Get "https://171.76.85.36:30120/players.json": context deadline exceeded (Client.Timeout exceeded while awaiting headers))
server request failed: server request failed for endpoint https://171.76.85.36:30120/info.json (Get "https://171.76.85.36:30120/info.json": context deadline exceeded (Client.Timeout exceeded while awaiting headers)).
[12:54:43] [error] [citizen-server-i] Server list query returned an error: server request failed: server request failed for endpoint https://171.76.85.36:30120/dynamic.json (Get "https://171.76.85.36:30120/dynamic.json": context deadline exceeded (Client.Timeout exceeded while awaiting headers))
server request failed: server request failed for endpoint https://171.76.85.36:30120/players.json (Get "https://171.76.85.36:30120/players.json": context deadline exceeded (Client.Timeout exceeded while awaiting headers))
server request failed: server request failed for endpoint https://171.76.85.36:30120/info.json (Get "https://171.76.85.36:30120/info.json": context deadline exceeded (Client.Timeout exceeded while awaiting headers)).
[12:55:14] [error] [citizen-server-i] Server list query returned an error: server request failed: server request failed for endpoint https://171.76.85.36:30120/info.json (Get "https://171.76.85.36:30120/info.json": read tcp 10.0.12.120:42700->171.76.85.36:30120: read: connection reset by peer (Client.Timeout exceeded while awaiting headers))
server request failed: server request failed for endpoint https://171.76.85.36:30120/dynamic.json (Get "https://171.76.85.36:30120/dynamic.json": context deadline exceeded (Client.Timeout exceeded while awaiting headers))
server request failed: server request failed for endpoint https://171.76.85.36:30120/players.json (Get "https://171.76.85.36:30120/players.json": context deadline exceeded (Client.Timeout exceeded while awaiting headers)).
[12:55:44] [error] [citizen-server-i] Server list query returned an error: server request failed: server request failed for endpoint https://171.76.85.36:30120/info.json (Get "https://171.76.85.36:30120/info.json": read tcp 10.0.12.120:42700->171.76.85.36:30120: read: connection reset by peer (Client.Timeout exceeded while awaiting headers))
server request failed: server request failed for endpoint https://171.76.85.36:30120/dynamic.json (Get "https://171.76.85.36:30120/dynamic.json": context deadline exceeded (Client.Timeout exceeded while awaiting headers))
server request failed: server request failed for endpoint https://171.76.85.36:30120/players.json (Get "https://171.76.85.36:30120/players.json": context deadline exceeded (Client.Timeout exceeded while awaiting headers)).
[12:56:14] [error] [citizen-server-i] Server list query returned an error: server request failed: server request failed for endpoint https://171.76.85.36:30120/info.json (Get "https://171.76.85.36:30120/info.json": read tcp 10.0.12.120:42700->171.76.85.36:30120: read: connection reset by peer (Client.Timeout exceeded while awaiting headers))
server request failed: server request failed for endpoint https://171.76.85.36:30120/dynamic.json (Get "https://171.76.85.36:30120/dynamic.json": context deadline exceeded (Client.Timeout exceeded while awaiting headers))
server request failed: server request failed for endpoint https://171.76.85.36:30120/players.json (Get "https://171.76.85.36:30120/players.json": context deadline exceeded (Client.Timeout exceeded while awaiting headers)).
[12:56:45] [error] [citizen-server-i] Server list query returned an error: server request failed: server request failed for endpoint https://171.76.85.36:30120/info.json (Get "https://171.76.85.36:30120/info.json": read tcp 10.0.12.120:42700->171.76.85.36:30120: read: connection reset by peer (Client.Timeout exceeded while awaiting headers))
server request failed: server request failed for endpoint https://171.76.85.36:30120/dynamic.json (Get "https://171.76.85.36:30120/dynamic.json": context deadline exceeded (Client.Timeout exceeded while awaiting headers))
server request failed: server request failed for endpoint https://171.76.85.36:30120/players.json (Get "https://171.76.85.36:30120/players.json": context deadline exceeded (Client.Timeout exceeded while awaiting headers)).
[12:57:15] [error] [citizen-server-i] Server list query returned an error: server request failed: server request failed for endpoint https://171.76.85.36:30120/players.json (Get "https://171.76.85.36:30120/players.json": context deadline exceeded (Client.Timeout exceeded while awaiting headers))
server request failed: server request failed for endpoint https://171.76.85.36:30120/dynamic.json (Get "https://171.76.85.36:30120/dynamic.json": context deadline exceeded (Client.Timeout exceeded while awaiting headers))
server request failed: server request failed for endpoint https://171.76.85.36:30120/info.json (Get "https://171.76.85.36:30120/info.json": context deadline exceeded (Client.Timeout exceeded while awaiting headers)).
[12:57:45] [error] [citizen-server-i] Server list query returned an error: server request failed: server request failed for endpoint https://171.76.85.36:30120/players.json (Get "https://171.76.85.36:30120/players.json": context deadline exceeded (Client.Timeout exceeded while awaiting headers))
server request failed: server request failed for endpoint https://171.76.85.36:30120/dynamic.json (Get "https://171.76.85.36:30120/dynamic.json": context deadline exceeded (Client.Timeout exceeded while awaiting headers))
server request failed: server request failed for endpoint https://171.76.85.36:30120/info.json (Get "https://171.76.85.36:30120/info.json": context deadline exceeded (Client.Timeout exceeded while awaiting headers)).
[12:58:15] [error] [citizen-server-i] Server list query returned an error: server request failed: server request failed for endpoint https://171.76.85.36:30120/players.json (Get "https://171.76.85.36:30120/players.json": context deadline exceeded (Client.Timeout exceeded while awaiting headers))
server request failed: server request failed for endpoint https://171.76.85.36:30120/dynamic.json (Get "https://171.76.85.36:30120/dynamic.json": context deadline exceeded (Client.Timeout exceeded while awaiting headers))
server request failed: server request failed for endpoint https://171.76.85.36:30120/info.json (Get "https://171.76.85.36:30120/info.json": context deadline exceeded (Client.Timeout exceeded while awaiting headers)).
[12:58:46] [error] [citizen-server-i] Server list query returned an error: server request failed: server request failed for endpoint https://171.76.85.36:30120/players.json (Get "https://171.76.85.36:30120/players.json": context deadline exceeded (Client.Timeout exceeded while awaiting headers))
server request failed: server request failed for endpoint https://171.76.85.36:30120/dynamic.json (Get "https://171.76.85.36:30120/dynamic.json": context deadline exceeded (Client.Timeout exceeded while awaiting headers))
server request failed: server request failed for endpoint https://171.76.85.36:30120/info.json (Get "https://171.76.85.36:30120/info.json": context deadline exceeded (Client.Timeout exceeded while awaiting headers)).
[12:59:16] [error] [citizen-server-i] Server list query returned an error: server request failed: server request failed for endpoint https://171.76.85.36:30120/players.json (Get "https://171.76.85.36:30120/players.json": context deadline exceeded (Client.Timeout exceeded while awaiting headers))
server request failed: server request failed for endpoint https://171.76.85.36:30120/info.json (Get "https://171.76.85.36:30120/info.json": context deadline exceeded (Client.Timeout exceeded while awaiting headers))
server request failed: server request failed for endpoint https://171.76.85.36:30120/dynamic.json (Get "https://171.76.85.36:30120/dynamic.json": context deadline exceeded (Client.Timeout exceeded while awaiting headers)).
[12:59:46] [error] [citizen-server-i] Server list query returned an error: server request failed: server request failed for endpoint https://171.76.85.36:30120/players.json (Get "https://171.76.85.36:30120/players.json": context deadline exceeded (Client.Timeout exceeded while awaiting headers))
server request failed: server request failed for endpoint https://171.76.85.36:30120/info.json (Get "https://171.76.85.36:30120/info.json": context deadline exceeded (Client.Timeout exceeded while awaiting headers))
server request failed: server request failed for endpoint https://171.76.85.36:30120/dynamic.json (Get "https://171.76.85.36:30120/dynamic.json": context deadline exceeded (Client.Timeout exceeded while awaiting headers)).
[13:00:17] [error] [citizen-server-i] Server list query returned an error: server request failed: server request failed for endpoint https://171.76.85.36:30120/players.json (Get "https://171.76.85.36:30120/players.json": context deadline exceeded (Client.Timeout exceeded while awaiting headers))
server request failed: server request failed for endpoint https://171.76.85.36:30120/info.json (Get "https://171.76.85.36:30120/info.json": context deadline exceeded (Client.Timeout exceeded while awaiting headers))
server request failed: server request failed for endpoint https://171.76.85.36:30120/dynamic.json (Get "https://171.76.85.36:30120/dynamic.json": context deadline exceeded (Client.Timeout exceeded while awaiting headers)).
[13:00:47] [error] [citizen-server-i] Server list query returned an error: server request failed: server request failed for endpoint https://171.76.85.36:30120/players.json (Get "https://171.76.85.36:30120/players.json": context deadline exceeded (Client.Timeout exceeded while awaiting headers))
server request failed: server request failed for endpoint https://171.76.85.36:30120/info.json (Get "https://171.76.85.36:30120/info.json": context deadline exceeded (Client.Timeout exceeded while awaiting headers))
server request failed: server request failed for endpoint https://171.76.85.36:30120/dynamic.json (Get "https://171.76.85.36:30120/dynamic.json": context deadline exceeded (Client.Timeout exceeded while awaiting headers)).
[13:01:17] [error] [citizen-server-i] Server list query returned an error: server request failed: server request failed for endpoint https://171.76.85.36:30120/dynamic.json (Get "https://171.76.85.36:30120/dynamic.json": context deadline exceeded (Client.Timeout exceeded while awaiting headers))
server request failed: server request failed for endpoint https://171.76.85.36:30120/players.json (Get "https://171.76.85.36:30120/players.json": context deadline exceeded (Client.Timeout exceeded while awaiting headers))
server request failed: server request failed for endpoint https://171.76.85.36:30120/info.json (Get "https://171.76.85.36:30120/info.json": context deadline exceeded (Client.Timeout exceeded while awaiting headers)).
[13:01:48] [error] [citizen-server-i] Server list query returned an error: server request failed: server request failed for endpoint https://171.76.85.36:30120/dynamic.json (Get "https://171.76.85.36:30120/dynamic.json": context deadline exceeded (Client.Timeout exceeded while awaiting headers))
server request failed: server request failed for endpoint https://171.76.85.36:30120/players.json (Get "https://171.76.85.36:30120/players.json": context deadline exceeded (Client.Timeout exceeded while awaiting headers))
server request failed: server request failed for endpoint https://171.76.85.36:30120/info.json (Get "https://171.76.85.36:30120/info.json": context deadline exceeded (Client.Timeout exceeded while awaiting headers)).
[13:02:18] [error] [citizen-server-i] Server list query returned an error: server request failed: server request failed for endpoint https://171.76.85.36:30120/dynamic.json (Get "https://171.76.85.36:30120/dynamic.json": context deadline exceeded (Client.Timeout exceeded while awaiting headers))
server request failed: server request failed for endpoint https://171.76.85.36:30120/players.json (Get "https://171.76.85.36:30120/players.json": context deadline exceeded (Client.Timeout exceeded while awaiting headers))
server request failed: server request failed for endpoint https://171.76.85.36:30120/info.json (Get "https://171.76.85.36:30120/info.json": context deadline exceeded (Client.Timeout exceeded while awaiting headers)).
║             TXADMIN║ txaEvent "serverShuttingDown" "{\"delay\":5000,\"author\":\"NotAGirl\",\"message\":\"Server shutting down (admin request).\"}"
[13:02:48] [ info] [         txadmin] [txAdmin] Server shutting down. Kicking all players.

║             TXADMIN║ ================================================================
║             TXADMIN║ ======== [11936] FXServer Starting - 19/9/2026, 1:04:00 pm      
║             TXADMIN║ ================================================================
[13:04:01] [ info] [citizen-server-i] Scanning resources
[13:04:01] [ info] [citizen-server-i] Found 92 resources
[13:04:01] [ warn] [citizen-resource] Resource 'bob74_ipl' uses the deprecated 'stream/' folder. Please rename it to 'stream_enhanced/' for future compatibility.
[13:04:01] [ warn] [citizen-resource] Resource 'qbx_density' uses the deprecated 'stream/' folder. Please rename it to 'stream_enhanced/' for future compatibility.
[13:04:01] [ warn] [citizen-resource] Resource 'qbx_hud' uses the deprecated 'stream/' folder. Please rename it to 'stream_enhanced/' for future compatibility.
[13:04:01] [ warn] [citizen-resource] Resource 'qbx_properties' uses the deprecated 'stream/' folder. Please rename it to 'stream_enhanced/' for future compatibility.
[13:04:01] [ warn] [citizen-resource] Resource 'qbx_customs' uses the deprecated 'stream/' folder. Please rename it to 'stream_enhanced/' for future compatibility.
[13:04:01] [ warn] [citizen-resource] Resource 'ultra-voltlab' uses the deprecated 'stream/' folder. Please rename it to 'stream_enhanced/' for future compatibility.
[13:04:01] [ warn] [citizen-resource] Resource 'scully_emotemenu' uses the deprecated 'stream/' folder. Please rename it to 'stream_enhanced/' for future compatibility.
[13:04:01] [error] [           fivem] sv_enforceGameBuild is used with an invalid value 3258. Only 1 is supported to remove any game dlcs.
[13:04:02] [ info] [         txadmin] [txAdmin] Resource v9.0.0-beta-646aba9a threads and commands set up. All Ready.
[13:04:02] [ info] [citizen-server-i] Starting resource mapmanager
[13:04:02] [ info] [citizen-server-i] Started resource mapmanager
[13:04:02] [ info] [citizen-server-i] Starting resource spawnmanager
[13:04:02] [ info] [citizen-server-i] Started resource spawnmanager
[13:04:02] [ info] [citizen-server-i] Starting resource baseevents
[13:04:02] [ info] [citizen-server-i] Started resource baseevents
[13:04:02] [ info] [citizen-server-i] Starting resource ox_lib
[13:04:02] [ info] [citizen-server-i] Started resource ox_lib
[13:04:02] [ info] [citizen-server-i] Starting resource qbx_core
[13:04:02] [ info] [citizen-server-i] Started resource qbx_core
[13:04:02] [ info] [citizen-server-i] Starting resource ox_target
[13:04:02] [ info] [citizen-server-i] Started resource ox_target
[13:04:02] [ info] [citizen-server-i] Starting resource ox_doorlock
[13:04:02] [ info] [citizen-server-i] Started resource ox_doorlock
[13:04:02] [ info] [citizen-server-i] Starting resource ox_fuel
[13:04:02] [ info] [citizen-server-i] Started resource ox_fuel
[13:04:02] [ info] [citizen-server-i] Starting resource qbx_adminmenu
[13:04:02] [ info] [citizen-server-i] Started resource qbx_adminmenu
[13:04:02] [ info] [citizen-server-i] Starting resource qbx_ambulancejob
[13:04:02] [ info] [citizen-server-i] Started resource qbx_ambulancejob
[13:04:02] [ info] [citizen-server-i] Starting resource qbx_bankrobbery
[13:04:02] [ info] [citizen-server-i] Started resource qbx_bankrobbery
[13:04:02] [ info] [citizen-server-i] Starting resource qbx_binoculars
[13:04:02] [ info] [citizen-server-i] Started resource qbx_binoculars
[13:04:02] [ info] [citizen-server-i] Starting resource qbx_busjob
[13:04:02] [ info] [citizen-server-i] Started resource qbx_busjob
[13:04:02] [ info] [citizen-server-i] Starting resource qbx_carwash
[13:04:02] [ info] [citizen-server-i] Started resource qbx_carwash
[13:04:02] [ info] [citizen-server-i] Starting resource qbx_chat_theme
[13:04:02] [ info] [citizen-server-i] Started resource qbx_chat_theme
[13:04:02] [ info] [citizen-server-i] Starting resource qbx_cityhall
[13:04:02] [ info] [citizen-server-i] Started resource qbx_cityhall
[13:04:02] [ info] [citizen-server-i] Starting resource qbx_customs
[13:04:02] [ info] [citizen-server-i] Started resource qbx_customs
[13:04:02] [ info] [citizen-server-i] Starting resource qbx_density
[13:04:02] [ info] [citizen-server-i] Started resource qbx_density
[13:04:02] [ info] [citizen-server-i] Starting resource qbx_divegear
[13:04:02] [ info] [citizen-server-i] Started resource qbx_divegear
[13:04:02] [ info] [citizen-server-i] Starting resource qbx_diving
[13:04:02] [ info] [citizen-server-i] Started resource qbx_diving
[13:04:02] [ info] [citizen-server-i] Starting resource qbx_drugs
[13:04:02] [ info] [citizen-server-i] Started resource qbx_drugs
[13:04:02] [ info] [citizen-server-i] Starting resource qbx_fireworks
[13:04:02] [ info] [citizen-server-i] Started resource qbx_fireworks
[13:04:02] [ info] [citizen-server-i] Starting resource qbx_garages
[13:04:02] [ info] [citizen-server-i] Started resource qbx_garages
[13:04:02] [ info] [citizen-server-i] Starting resource qbx_garbagejob
[13:04:02] [ info] [citizen-server-i] Started resource qbx_garbagejob
[13:04:02] [ info] [citizen-server-i] Starting resource qbx_houserobbery
[13:04:02] [ info] [citizen-server-i] Started resource qbx_houserobbery
[13:04:02] [ info] [citizen-server-i] Starting resource qbx_hud
[13:04:02] [ info] [citizen-server-i] Started resource qbx_hud
[13:04:02] [ info] [citizen-server-i] Starting resource qbx_idcard
[13:04:02] [ info] [citizen-server-i] Started resource qbx_idcard
[13:04:02] [ info] [citizen-server-i] Starting resource qbx_jewelery
[13:04:02] [ info] [citizen-server-i] Started resource qbx_jewelery
[13:04:02] [ info] [citizen-server-i] Starting resource qbx_lapraces
[13:04:02] [ info] [citizen-server-i] Started resource qbx_lapraces
[13:04:02] [ info] [citizen-server-i] Starting resource qbx_management
[13:04:02] [ info] [citizen-server-i] Started resource qbx_management
[13:04:02] [ info] [citizen-server-i] Starting resource qbx_mechanicjob
[13:04:02] [ info] [citizen-server-i] Started resource qbx_mechanicjob
[13:04:02] [ info] [citizen-server-i] Starting resource qbx_newsjob
[13:04:02] [ info] [citizen-server-i] Started resource qbx_newsjob
[13:04:02] [ info] [citizen-server-i] Starting resource qbx_pawnshop
[13:04:02] [ info] [citizen-server-i] Started resource qbx_pawnshop
[13:04:02] [ info] [citizen-server-i] Starting resource qbx_police
[13:04:02] [ info] [citizen-server-i] Started resource qbx_police
[13:04:02] [ info] [citizen-server-i] Starting resource qbx_properties
[13:04:02] [ info] [citizen-server-i] Started resource qbx_properties
[13:04:02] [ info] [citizen-server-i] Starting resource qbx_radialmenu
[13:04:02] [ info] [citizen-server-i] Started resource qbx_radialmenu
[13:04:02] [ info] [citizen-server-i] Starting resource qbx_recyclejob
[13:04:02] [ info] [citizen-server-i] Started resource qbx_recyclejob
[13:04:02] [ info] [citizen-server-i] Starting resource qbx_scoreboard
[13:04:02] [ info] [citizen-server-i] Started resource qbx_scoreboard
[13:04:02] [ info] [citizen-server-i] Starting resource qbx_scrapyard
[13:04:02] [ info] [citizen-server-i] Started resource qbx_scrapyard
[13:04:02] [ info] [citizen-server-i] Starting resource qbx_seatbelt
[13:04:02] [ info] [citizen-server-i] Started resource qbx_seatbelt
[13:04:02] [ info] [citizen-server-i] Starting resource qbx_smallresources
[13:04:02] [ info] [qbx_smallresourc] [qbx_smallresources] [WARN] [qbx_entitiesblacklist] You have entity blacklist enabled, this means that any entity that is blacklisted in config.lua will not be able to spawn, you can change this in qbx_smallresource/qbx_entitiesblacklist/config.lua
[13:04:02] [ info] [citizen-server-i] Started resource qbx_smallresources
[13:04:02] [ info] [citizen-server-i] Starting resource qbx_spawn
[13:04:02] [ info] [citizen-server-i] Started resource qbx_spawn
[13:04:02] [ info] [citizen-server-i] Starting resource qbx_storerobbery
[13:04:02] [ info] [citizen-server-i] Started resource qbx_storerobbery
[13:04:02] [ info] [citizen-server-i] Starting resource qbx_streetraces
[13:04:02] [ info] [citizen-server-i] Started resource qbx_streetraces
[13:04:02] [ info] [citizen-server-i] Starting resource qbx_taxijob
[13:04:03] [ info] [citizen-server-i] Started resource qbx_taxijob
[13:04:03] [ info] [citizen-server-i] Starting resource qbx_towjob
[13:04:03] [ info] [citizen-server-i] Started resource qbx_towjob
[13:04:03] [ info] [citizen-server-i] Starting resource qbx_truckerjob
[13:04:03] [ info] [citizen-server-i] Started resource qbx_truckerjob
[13:04:03] [ info] [citizen-server-i] Starting resource qbx_truckrobbery
[13:04:03] [ info] [citizen-server-i] Started resource qbx_truckrobbery
[13:04:03] [ info] [citizen-server-i] Starting resource qbx_vehiclekeys
[13:04:03] [ info] [citizen-server-i] Started resource qbx_vehiclekeys
[13:04:03] [ info] [citizen-server-i] Starting resource qbx_vehicles
[13:04:03] [ info] [citizen-server-i] Started resource qbx_vehicles
[13:04:03] [ info] [citizen-server-i] Starting resource qbx_vehiclesales
[13:04:03] [ info] [citizen-server-i] Started resource qbx_vehiclesales
[13:04:03] [ info] [citizen-server-i] Starting resource qbx_vehicleshop
[13:04:03] [ info] [citizen-server-i] Started resource qbx_vehicleshop
[13:04:03] [ info] [citizen-server-i] Starting resource qbx_vineyard
[13:04:03] [ info] [citizen-server-i] Started resource qbx_vineyard
[13:04:03] [ info] [citizen-server-i] Starting resource qbx_weed
[13:04:03] [ info] [citizen-server-i] Started resource qbx_weed
[13:04:03] [ info] [citizen-server-i] Starting resource bob74_ipl
[13:04:03] [error] [citizen-server-i] Rsc7 file stream/prop_palm_fan_04_d.ydr in resource bob74_ipl has version 165, expected 159. Skipping cache generation for this file.
[13:04:03] [error] [citizen-server-i] Rsc7 file stream/v_24_lgb_mesh_sofa_old.ydr in resource bob74_ipl has version 165, expected 159. Skipping cache generation for this file.
[13:04:03] [error] [citizen-server-i] Rsc7 file stream/v_24_llga_mesh_coffeetable_old.ydr in resource bob74_ipl has version 165, expected 159. Skipping cache generation for this file.
[13:04:03] [ info] [citizen-server-i] Started resource bob74_ipl
[13:04:03] [ info] [citizen-server-i] Starting resource illenium-appearance
[13:04:03] [ info] [citizen-server-i] Started resource illenium-appearance
[13:04:03] [ info] [citizen-server-i] Starting resource loadscreen
[13:04:03] [ info] [citizen-server-i] Started resource loadscreen
[13:04:03] [ info] [citizen-server-i] Starting resource mana_audio
[13:04:03] [ info] [citizen-server-i] Started resource mana_audio
[13:04:03] [ info] [citizen-server-i] Starting resource mhacking
[13:04:03] [ info] [citizen-server-i] Started resource mhacking
[13:04:03] [ info] [citizen-server-i] Starting resource Renewed-Banking
[13:04:03] [ info] [citizen-server-i] Started resource Renewed-Banking
[13:04:03] [ info] [citizen-server-i] Starting resource Renewed-Weathersync
[13:04:03] [ info] [citizen-server-i] Started resource Renewed-Weathersync
[13:04:03] [ info] [citizen-server-i] Starting resource safecracker
[13:04:03] [ info] [citizen-server-i] Started resource safecracker
[13:04:03] [ info] [citizen-server-i] Starting resource screencapture
[13:04:03] [ info] [citizen-server-i] Started resource screencapture
[13:04:03] [ info] [citizen-server-i] Starting resource scully_emotemenu
[13:04:03] [ info] [citizen-server-i] Started resource scully_emotemenu
[13:04:03] [ info] [citizen-server-i] Starting resource ultra-voltlab
[13:04:03] [ info] [citizen-server-i] Started resource ultra-voltlab
[13:04:03] [ info] [citizen-server-i] Starting resource vehiclehandler
[13:04:03] [ info] [citizen-server-i] Started resource vehiclehandler
[13:04:03] [ info] [citizen-server-i] Starting resource xt-prison
[13:04:03] [error] [extra-natives-fi] Command jail is already registered.
[13:04:03] [error] [extra-natives-fi] Command unjail is already registered.
[13:04:03] [ info] [citizen-server-i] Started resource xt-prison
[13:04:03] [ info] [citizen-server-i] Starting resource mm_radio
[13:04:03] [ info] [citizen-server-i] Started resource mm_radio
[13:04:03] [error] [citizen-server-i] No resources found for category [assets]
[13:04:03] [ info] [citizen-server-i] Starting resource npwd_qbx_garages
[13:04:03] [ info] [citizen-server-i] Started resource npwd_qbx_garages
[13:04:03] [ info] [citizen-server-i] Starting resource npwd_qbx_mail
[13:04:03] [ info] [citizen-server-i] Started resource npwd_qbx_mail
[13:04:03] [ info] [citizen-server-i] Starting resource qbx_npwd
[13:04:03] [ info] [citizen-server-i] Started resource qbx_npwd
[13:04:03] [ info] [citizen-server-i] Starting resource npwd
[13:04:03] [ info] [citizen-server-i] Started resource npwd
║              STDERR║ (node:11936) ExperimentalWarning: localStorage is not available because --localstorage-file was not provided.
║              STDERR║ (Use `node --trace-warnings ...` to show where the warning was created)
[13:04:04] [ warn] [              js] Unhandled promise rejection in resource npwd
[13:04:04] [ warn] [              js] Uncaught Error: Driver not found.
dist/game/server/server.js(5138,130): getDriver
dist/game/server/server.js(5199,28): 
node:internal/process/task_queues(104,5): processTicksAndRejections

[13:04:04] [ warn] [              js] Unhandled promise rejection in resource npwd
[13:04:04] [ warn] [              js] Uncaught Error: Driver not found.
dist/game/server/server.js(5138,130): getDriver
dist/game/server/server.js(5199,28): 
node:internal/process/task_queues(104,5): processTicksAndRejections

[13:04:04] [ warn] [              js] Unhandled promise rejection in resource npwd
[13:04:04] [ warn] [              js] Uncaught Error: No available storage method found.
dist/game/server/server.js(5207,27): 
node:internal/process/task_queues(104,5): processTicksAndRejections

[13:04:04] [error] [citizen-server-i] Server list query returned an error: server request failed: server request failed for endpoint https://171.76.85.36:30120/info.json (Get "https://171.76.85.36:30120/info.json": read tcp 10.0.6.196:43936->171.76.85.36:30120: read: connection reset by peer (Client.Timeout exceeded while awaiting headers))
server request failed: server request failed for endpoint https://171.76.85.36:30120/players.json (Get "https://171.76.85.36:30120/players.json": read tcp 10.0.6.196:43934->171.76.85.36:30120: read: connection reset by peer (Client.Timeout exceeded while awaiting headers))
server request failed: server request failed for endpoint https://171.76.85.36:30120/dynamic.json (Get "https://171.76.85.36:30120/dynamic.json": context deadline exceeded (Client.Timeout exceeded while awaiting headers)).
[13:04:05] [ warn] [citizen-server-i] ScheduleResourceTick: This native is deprecated. Script resources in FiveM for GTAV Enhanced are running on the same tick rate as the server main tick.
[13:04:05] [ info] [         oxmysql] [12.3.3-MariaDB] Database server connection established!
[13:04:05] [ info] [       xt-prison] [xt-prison] [INFO] Initializing Table: xt_prison
[13:04:05] [ info] [        qbx_core] 
Welcome to Qbox!
To learn more, please check out the documentation at https://docs.qbox.re/.
To turn this message off, set the qbx:acknowledge convar to true in your server.cfg file.

[13:04:05] [ info] [       xt-prison] [xt-prison] [INFO] Initializing Table: xt_prison_items
[13:04:05] [ info] [        qbx_core] [qbx_core] [INFO] Removed invalid groups from player_groups table
[13:04:05] [ info] [    ox_inventory] [ox_inventory] [INFO] Inventory has loaded 301 items
[13:04:05] [ info] [scully_emotemenu] [scully_emotemenu] You are currently running the latest version.
[13:04:34] [error] [citizen-server-i] Server list query returned an error: server request failed: server request failed for endpoint https://171.76.85.36:30120/info.json (Get "https://171.76.85.36:30120/info.json": read tcp 10.0.6.196:43936->171.76.85.36:30120: read: connection reset by peer (Client.Timeout exceeded while awaiting headers))
server request failed: server request failed for endpoint https://171.76.85.36:30120/players.json (Get "https://171.76.85.36:30120/players.json": read tcp 10.0.6.196:43934->171.76.85.36:30120: read: connection reset by peer (Client.Timeout exceeded while awaiting headers))
server request failed: server request failed for endpoint https://171.76.85.36:30120/dynamic.json (Get "https://171.76.85.36:30120/dynamic.json": context deadline exceeded (Client.Timeout exceeded while awaiting headers)).
║             TXADMIN║ txaReportResources 
[13:07:18] [ info] [         txadmin] [txAdmin] Sending resources list to txAdmin.
║             TXADMIN║ txaReportResources 
[13:07:18] [ info] [         txadmin] [txAdmin] Sending resources list to txAdmin.
[13:08:05] [error] [citizen-server-i] Server list query returned an error: server request failed: server request failed for endpoint https://171.76.85.36:30120/info.json (Get "https://171.76.85.36:30120/info.json": context deadline exceeded (Client.Timeout exceeded while awaiting headers))
server request failed: server request failed for endpoint https://171.76.85.36:30120/players.json (Get "https://171.76.85.36:30120/players.json": context deadline exceeded (Client.Timeout exceeded while awaiting headers))
server request failed: server request failed for endpoint https://171.76.85.36:30120/dynamic.json (Get "https://171.76.85.36:30120/dynamic.json": context deadline exceeded (Client.Timeout exceeded while awaiting headers)).
[13:08:35] [error] [citizen-server-i] Server list query returned an error: server request failed: server request failed for endpoint https://171.76.85.36:30120/players.json (Get "https://171.76.85.36:30120/players.json": context deadline exceeded (Client.Timeout exceeded while awaiting headers))
server request failed: server request failed for endpoint https://171.76.85.36:30120/info.json (Get "https://171.76.85.36:30120/info.json": context deadline exceeded (Client.Timeout exceeded while awaiting headers))
server request failed: server request failed for endpoint https://171.76.85.36:30120/dynamic.json (Get "https://171.76.85.36:30120/dynamic.json": context deadline exceeded (Client.Timeout exceeded while awaiting headers)).
[13:09:06] [error] [citizen-server-i] Server list query returned an error: server request failed: server request failed for endpoint https://171.76.85.36:30120/players.json (Get "https://171.76.85.36:30120/players.json": context deadline exceeded (Client.Timeout exceeded while awaiting headers))
server request failed: server request failed for endpoint https://171.76.85.36:30120/info.json (Get "https://171.76.85.36:30120/info.json": context deadline exceeded (Client.Timeout exceeded while awaiting headers))
server request failed: server request failed for endpoint https://171.76.85.36:30120/dynamic.json (Get "https://171.76.85.36:30120/dynamic.json": context deadline exceeded (Client.Timeout exceeded while awaiting headers)).
[13:09:36] [error] [citizen-server-i] Server list query returned an error: server request failed: server request failed for endpoint https://171.76.85.36:30120/players.json (Get "https://171.76.85.36:30120/players.json": context deadline exceeded (Client.Timeout exceeded while awaiting headers))
server request failed: server request failed for endpoint https://171.76.85.36:30120/info.json (Get "https://171.76.85.36:30120/info.json": context deadline exceeded (Client.Timeout exceeded while awaiting headers))
server request failed: server request failed for endpoint https://171.76.85.36:30120/dynamic.json (Get "https://171.76.85.36:30120/dynamic.json": context deadline exceeded (Client.Timeout exceeded while awaiting headers)).
[13:14:02] [ info] [        qbx_core] [qbx_core] [INFO] NotAGirl has created a character
[13:15:00] [ info] [    ox_inventory] [ox_inventory] [INFO] Saving 1 inventories to the database
[13:15:00] [ info] [    ox_inventory] [ox_inventory] [INFO] Saved 1/1 players (31.3199 ms)
[13:16:06] [fatal] [ qbx_vehicleshop] @qbx_core/modules/lib.lua:383: unable to successfully spawn vehicle after 3 attempts
> error
> spawnVehicle (qbx_core/modules/lib.lua:383)
> SpawnVehicle (qbx_vehicleshop/server/utils.lua:106)
> [global chunk] (qbx_vehicleshop/server/main.lua:147)

[13:19:07] [error] [citizen-server-i] Server list query returned an error: server request failed: server request failed for endpoint https://171.76.85.36:30120/info.json (Get "https://171.76.85.36:30120/info.json": context deadline exceeded (Client.Timeout exceeded while awaiting headers))
server request failed: server request failed for endpoint https://171.76.85.36:30120/dynamic.json (Get "https://171.76.85.36:30120/dynamic.json": context deadline exceeded (Client.Timeout exceeded while awaiting headers))
server request failed: server request failed for endpoint https://171.76.85.36:30120/players.json (Get "https://171.76.85.36:30120/players.json": context deadline exceeded (Client.Timeout exceeded while awaiting headers)).
[13:19:38] [error] [citizen-server-i] Server list query returned an error: server request failed: server request failed for endpoint https://171.76.85.36:30120/dynamic.json (Get "https://171.76.85.36:30120/dynamic.json": context deadline exceeded (Client.Timeout exceeded while awaiting headers))
server request failed: server request failed for endpoint https://171.76.85.36:30120/info.json (Get "https://171.76.85.36:30120/info.json": context deadline exceeded (Client.Timeout exceeded while awaiting headers))
server request failed: server request failed for endpoint https://171.76.85.36:30120/players.json (Get "https://171.76.85.36:30120/players.json": context deadline exceeded (Client.Timeout exceeded while awaiting headers)).
[13:19:38] [error] [citizen-server-i] Failed to ensure resource qbx_core ensure qbx_smallresources. Error: Resource "qbx_core ensure qbx_smallresources" not found
[13:19:45] [ info] [qbx_smallresourc] [qbx_smallresources] [WARN] [qbx_entitiesblacklist] You have entity blacklist enabled, this means that any entity that is blacklisted in config.lua will not be able to spawn, you can change this in qbx_smallresource/qbx_entitiesblacklist/config.lua
[13:19:45] [ info] [        qbx_core] [qbx_core] [INFO] Removed invalid groups from player_groups table
[13:19:46] [ info] [        qbx_core] 
Welcome to Qbox!
To learn more, please check out the documentation at https://docs.qbox.re/.
To turn this message off, set the qbx:acknowledge convar to true in your server.cfg file.

[13:20:00] [ info] [    ox_inventory] [ox_inventory] [INFO] Saving 1 inventories to the database
[13:20:00] [ info] [    ox_inventory] [ox_inventory] [INFO] Saved 1/1 players (31.3695 ms)
[13:20:07] [ info] [        qbx_core] [qbx_core] [INFO] NotAGirl (Citizen ID: BMQPT04O ID: 1) has successfully loaded!
[13:20:07] [ info] [    ox_inventory] attempted to load active player's inventory a secondary time
> Trace
> [global chunk] (scheduler.lua:375)
> [global chunk]
> pcall
> nonpromisecb (deferred.lua:76)
> promise (deferred.lua:57)
> fire (deferred.lua:66)
> [global chunk] (deferred.lua:112)
> finish (deferred.lua:22)
> nonpromisecb (deferred.lua:102)
> promise (deferred.lua:57)
> nonpromisecb (deferred.lua:97)
> promise (deferred.lua:57)
> fire (deferred.lua:66)
> [global chunk] (deferred.lua:112)
> func (oxmysql/lib/MySQL.lua:23)
> [global chunk] (scheduler.lua:365)
> pcall
> [global chunk] (scheduler.lua:364)
> CreateThreadNow
> [global chunk] (scheduler.lua:363)

[13:20:08] [error] [citizen-server-i] Server list query returned an error: server request failed: server request failed for endpoint https://171.76.85.36:30120/dynamic.json (Get "https://171.76.85.36:30120/dynamic.json": context deadline exceeded (Client.Timeout exceeded while awaiting headers))
server request failed: server request failed for endpoint https://171.76.85.36:30120/info.json (Get "https://171.76.85.36:30120/info.json": context deadline exceeded (Client.Timeout exceeded while awaiting headers))
server request failed: server request failed for endpoint https://171.76.85.36:30120/players.json (Get "https://171.76.85.36:30120/players.json": context deadline exceeded (Client.Timeout exceeded while awaiting headers)).
[13:20:23] [fatal] [ qbx_vehicleshop] @qbx_core/modules/lib.lua:383: unable to successfully spawn vehicle after 3 attempts
> error
> spawnVehicle (qbx_core/modules/lib.lua:383)
> SpawnVehicle (qbx_vehicleshop/server/utils.lua:106)
> [global chunk] (qbx_vehicleshop/server/main.lua:147)

[13:20:38] [error] [citizen-server-i] Server list query returned an error: server request failed: server request failed for endpoint https://171.76.85.36:30120/dynamic.json (Get "https://171.76.85.36:30120/dynamic.json": context deadline exceeded (Client.Timeout exceeded while awaiting headers))
server request failed: server request failed for endpoint https://171.76.85.36:30120/info.json (Get "https://171.76.85.36:30120/info.json": context deadline exceeded (Client.Timeout exceeded while awaiting headers))
server request failed: server request failed for endpoint https://171.76.85.36:30120/players.json (Get "https://171.76.85.36:30120/players.json": context deadline exceeded (Client.Timeout exceeded while awaiting headers)).
[13:21:11] [ info] [qbx_smallresourc] [qbx_smallresources] [WARN] [qbx_entitiesblacklist] You have entity blacklist enabled, this means that any entity that is blacklisted in config.lua will not be able to spawn, you can change this in qbx_smallresource/qbx_entitiesblacklist/config.lua
[13:21:20] [ info] [qbx_smallresourc] [qbx_smallresources] [WARN] [qbx_entitiesblacklist] You have entity blacklist enabled, this means that any entity that is blacklisted in config.lua will not be able to spawn, you can change this in qbx_smallresource/qbx_entitiesblacklist/config.lua
[13:24:09] [error] [citizen-server-i] Server list query returned an error: server request failed: server request failed for endpoint https://171.76.85.36:30120/info.json (Get "https://171.76.85.36:30120/info.json": read tcp 10.0.20.46:37796->171.76.85.36:30120: read: connection reset by peer (Client.Timeout exceeded while awaiting headers))
server request failed: server request failed for endpoint https://171.76.85.36:30120/dynamic.json (Get "https://171.76.85.36:30120/dynamic.json": context deadline exceeded (Client.Timeout exceeded while awaiting headers))
server request failed: server request failed for endpoint https://171.76.85.36:30120/players.json (Get "https://171.76.85.36:30120/players.json": context deadline exceeded (Client.Timeout exceeded while awaiting headers)).
[13:24:39] [error] [citizen-server-i] Server list query returned an error: server request failed: server request failed for endpoint https://171.76.85.36:30120/players.json (Get "https://171.76.85.36:30120/players.json": context deadline exceeded (Client.Timeout exceeded while awaiting headers))
server request failed: server request failed for endpoint https://171.76.85.36:30120/dynamic.json (Get "https://171.76.85.36:30120/dynamic.json": context deadline exceeded (Client.Timeout exceeded while awaiting headers))
server request failed: server request failed for endpoint https://171.76.85.36:30120/info.json (Get "https://171.76.85.36:30120/info.json": context deadline exceeded (Client.Timeout exceeded while awaiting headers)).
[13:25:10] [error] [citizen-server-i] Server list query returned an error: server request failed: server request failed for endpoint https://171.76.85.36:30120/players.json (Get "https://171.76.85.36:30120/players.json": context deadline exceeded (Client.Timeout exceeded while awaiting headers))
server request failed: server request failed for endpoint https://171.76.85.36:30120/dynamic.json (Get "https://171.76.85.36:30120/dynamic.json": context deadline exceeded (Client.Timeout exceeded while awaiting headers))
server request failed: server request failed for endpoint https://171.76.85.36:30120/info.json (Get "https://171.76.85.36:30120/info.json": context deadline exceeded (Client.Timeout exceeded while awaiting headers)).
[13:25:40] [error] [citizen-server-i] Server list query returned an error: server request failed: server request failed for endpoint https://171.76.85.36:30120/players.json (Get "https://171.76.85.36:30120/players.json": context deadline exceeded (Client.Timeout exceeded while awaiting headers))
server request failed: server request failed for endpoint https://171.76.85.36:30120/dynamic.json (Get "https://171.76.85.36:30120/dynamic.json": context deadline exceeded (Client.Timeout exceeded while awaiting headers))
server request failed: server request failed for endpoint https://171.76.85.36:30120/info.json (Get "https://171.76.85.36:30120/info.json": context deadline exceeded (Client.Timeout exceeded while awaiting headers)).
[13:26:10] [error] [citizen-server-i] Server list query returned an error: server request failed: server request failed for endpoint https://171.76.85.36:30120/players.json (Get "https://171.76.85.36:30120/players.json": context deadline exceeded (Client.Timeout exceeded while awaiting headers))
server request failed: server request failed for endpoint https://171.76.85.36:30120/dynamic.json (Get "https://171.76.85.36:30120/dynamic.json": context deadline exceeded (Client.Timeout exceeded while awaiting headers))
server request failed: server request failed for endpoint https://171.76.85.36:30120/info.json (Get "https://171.76.85.36:30120/info.json": context deadline exceeded (Client.Timeout exceeded while awaiting headers)).
[13:26:40] [error] [citizen-server-i] Server list query returned an error: server request failed: server request failed for endpoint https://171.76.85.36:30120/info.json (Get "https://171.76.85.36:30120/info.json": context deadline exceeded (Client.Timeout exceeded while awaiting headers))
server request failed: server request failed for endpoint https://171.76.85.36:30120/dynamic.json (Get "https://171.76.85.36:30120/dynamic.json": context deadline exceeded (Client.Timeout exceeded while awaiting headers))
server request failed: server request failed for endpoint https://171.76.85.36:30120/players.json (Get "https://171.76.85.36:30120/players.json": context deadline exceeded (Client.Timeout exceeded while awaiting headers)).
║             TXADMIN║ txaEvent "serverShuttingDown" "{\"delay\":5000,\"author\":\"NotAGirl\",\"message\":\"Server restarting (admin request).\"}"
[13:26:57] [ info] [         txadmin] [txAdmin] Server shutting down. Kicking all players.

║             TXADMIN║ ================================================================
║             TXADMIN║ ======== [2000] FXServer Starting - 19/9/2026, 1:27:03 pm       
║             TXADMIN║ ================================================================
[13:27:04] [ info] [citizen-server-i] Scanning resources
[13:27:04] [ info] [citizen-server-i] Found 92 resources
[13:27:04] [ warn] [citizen-resource] Resource 'bob74_ipl' uses the deprecated 'stream/' folder. Please rename it to 'stream_enhanced/' for future compatibility.
[13:27:04] [ warn] [citizen-resource] Resource 'qbx_density' uses the deprecated 'stream/' folder. Please rename it to 'stream_enhanced/' for future compatibility.
[13:27:04] [ warn] [citizen-resource] Resource 'qbx_hud' uses the deprecated 'stream/' folder. Please rename it to 'stream_enhanced/' for future compatibility.
[13:27:04] [ warn] [citizen-resource] Resource 'qbx_properties' uses the deprecated 'stream/' folder. Please rename it to 'stream_enhanced/' for future compatibility.
[13:27:04] [ warn] [citizen-resource] Resource 'qbx_customs' uses the deprecated 'stream/' folder. Please rename it to 'stream_enhanced/' for future compatibility.
[13:27:04] [ warn] [citizen-resource] Resource 'ultra-voltlab' uses the deprecated 'stream/' folder. Please rename it to 'stream_enhanced/' for future compatibility.
[13:27:04] [ warn] [citizen-resource] Resource 'scully_emotemenu' uses the deprecated 'stream/' folder. Please rename it to 'stream_enhanced/' for future compatibility.
[13:27:04] [error] [           fivem] sv_enforceGameBuild is used with an invalid value 3258. Only 1 is supported to remove any game dlcs.
[13:27:05] [ info] [         txadmin] [txAdmin] Resource v9.0.0-beta-646aba9a threads and commands set up. All Ready.
[13:27:05] [ info] [citizen-server-i] Starting resource mapmanager
[13:27:05] [ info] [citizen-server-i] Started resource mapmanager
[13:27:05] [ info] [citizen-server-i] Starting resource spawnmanager
[13:27:05] [ info] [citizen-server-i] Started resource spawnmanager
[13:27:05] [ info] [citizen-server-i] Starting resource baseevents
[13:27:05] [ info] [citizen-server-i] Started resource baseevents
[13:27:05] [ info] [citizen-server-i] Starting resource ox_lib
[13:27:05] [ info] [citizen-server-i] Started resource ox_lib
[13:27:05] [ info] [citizen-server-i] Starting resource qbx_core
[13:27:05] [ info] [citizen-server-i] Started resource qbx_core
[13:27:05] [ info] [citizen-server-i] Starting resource ox_target
[13:27:05] [ info] [citizen-server-i] Started resource ox_target
[13:27:05] [ info] [citizen-server-i] Starting resource ox_doorlock
[13:27:05] [ info] [citizen-server-i] Started resource ox_doorlock
[13:27:05] [ info] [citizen-server-i] Starting resource ox_fuel
[13:27:05] [ info] [citizen-server-i] Started resource ox_fuel
[13:27:05] [ info] [citizen-server-i] Starting resource qbx_adminmenu
[13:27:05] [ info] [citizen-server-i] Started resource qbx_adminmenu
[13:27:05] [ info] [citizen-server-i] Starting resource qbx_ambulancejob
[13:27:05] [ info] [citizen-server-i] Started resource qbx_ambulancejob
[13:27:05] [ info] [citizen-server-i] Starting resource qbx_bankrobbery
[13:27:05] [ info] [citizen-server-i] Started resource qbx_bankrobbery
[13:27:05] [ info] [citizen-server-i] Starting resource qbx_binoculars
[13:27:05] [ info] [citizen-server-i] Started resource qbx_binoculars
[13:27:05] [ info] [citizen-server-i] Starting resource qbx_busjob
[13:27:05] [ info] [citizen-server-i] Started resource qbx_busjob
[13:27:05] [ info] [citizen-server-i] Starting resource qbx_carwash
[13:27:05] [ info] [citizen-server-i] Started resource qbx_carwash
[13:27:05] [ info] [citizen-server-i] Starting resource qbx_chat_theme
[13:27:06] [ info] [citizen-server-i] Started resource qbx_chat_theme
[13:27:06] [ info] [citizen-server-i] Starting resource qbx_cityhall
[13:27:06] [ info] [citizen-server-i] Started resource qbx_cityhall
[13:27:06] [ info] [citizen-server-i] Starting resource qbx_customs
[13:27:06] [ info] [citizen-server-i] Started resource qbx_customs
[13:27:06] [ info] [citizen-server-i] Starting resource qbx_density
[13:27:06] [ info] [citizen-server-i] Started resource qbx_density
[13:27:06] [ info] [citizen-server-i] Starting resource qbx_divegear
[13:27:06] [ info] [citizen-server-i] Started resource qbx_divegear
[13:27:06] [ info] [citizen-server-i] Starting resource qbx_diving
[13:27:06] [ info] [citizen-server-i] Started resource qbx_diving
[13:27:06] [ info] [citizen-server-i] Starting resource qbx_drugs
[13:27:06] [ info] [citizen-server-i] Started resource qbx_drugs
[13:27:06] [ info] [citizen-server-i] Starting resource qbx_fireworks
[13:27:06] [ info] [citizen-server-i] Started resource qbx_fireworks
[13:27:06] [ info] [citizen-server-i] Starting resource qbx_garages
[13:27:06] [ info] [citizen-server-i] Started resource qbx_garages
[13:27:06] [ info] [citizen-server-i] Starting resource qbx_garbagejob
[13:27:06] [ info] [citizen-server-i] Started resource qbx_garbagejob
[13:27:06] [ info] [citizen-server-i] Starting resource qbx_houserobbery
[13:27:06] [ info] [citizen-server-i] Started resource qbx_houserobbery
[13:27:06] [ info] [citizen-server-i] Starting resource qbx_hud
[13:27:06] [ info] [citizen-server-i] Started resource qbx_hud
[13:27:06] [ info] [citizen-server-i] Starting resource qbx_idcard
[13:27:06] [ info] [citizen-server-i] Started resource qbx_idcard
[13:27:06] [ info] [citizen-server-i] Starting resource qbx_jewelery
[13:27:06] [ info] [citizen-server-i] Started resource qbx_jewelery
[13:27:06] [ info] [citizen-server-i] Starting resource qbx_lapraces
[13:27:06] [ info] [citizen-server-i] Started resource qbx_lapraces
[13:27:06] [ info] [citizen-server-i] Starting resource qbx_management
[13:27:06] [ info] [citizen-server-i] Started resource qbx_management
[13:27:06] [ info] [citizen-server-i] Starting resource qbx_mechanicjob
[13:27:06] [ info] [citizen-server-i] Started resource qbx_mechanicjob
[13:27:06] [ info] [citizen-server-i] Starting resource qbx_newsjob
[13:27:06] [ info] [citizen-server-i] Started resource qbx_newsjob
[13:27:06] [ info] [citizen-server-i] Starting resource qbx_pawnshop
[13:27:06] [ info] [citizen-server-i] Started resource qbx_pawnshop
[13:27:06] [ info] [citizen-server-i] Starting resource qbx_police
[13:27:06] [ info] [citizen-server-i] Started resource qbx_police
[13:27:06] [ info] [citizen-server-i] Starting resource qbx_properties
[13:27:06] [ info] [citizen-server-i] Started resource qbx_properties
[13:27:06] [ info] [citizen-server-i] Starting resource qbx_radialmenu
[13:27:06] [ info] [citizen-server-i] Started resource qbx_radialmenu
[13:27:06] [ info] [citizen-server-i] Starting resource qbx_recyclejob
[13:27:06] [ info] [citizen-server-i] Started resource qbx_recyclejob
[13:27:06] [ info] [citizen-server-i] Starting resource qbx_scoreboard
[13:27:06] [ info] [citizen-server-i] Started resource qbx_scoreboard
[13:27:06] [ info] [citizen-server-i] Starting resource qbx_scrapyard
[13:27:06] [ info] [citizen-server-i] Started resource qbx_scrapyard
[13:27:06] [ info] [citizen-server-i] Starting resource qbx_seatbelt
[13:27:06] [ info] [citizen-server-i] Started resource qbx_seatbelt
[13:27:06] [ info] [citizen-server-i] Starting resource qbx_smallresources
[13:27:06] [ info] [qbx_smallresourc] [qbx_smallresources] [WARN] [qbx_entitiesblacklist] You have entity blacklist enabled, this means that any entity that is blacklisted in config.lua will not be able to spawn, you can change this in qbx_smallresource/qbx_entitiesblacklist/config.lua
[13:27:06] [ info] [citizen-server-i] Started resource qbx_smallresources
[13:27:06] [ info] [citizen-server-i] Starting resource qbx_spawn
[13:27:06] [ info] [citizen-server-i] Started resource qbx_spawn
[13:27:06] [ info] [citizen-server-i] Starting resource qbx_storerobbery
[13:27:06] [ info] [citizen-server-i] Started resource qbx_storerobbery
[13:27:06] [ info] [citizen-server-i] Starting resource qbx_streetraces
[13:27:06] [ info] [citizen-server-i] Started resource qbx_streetraces
[13:27:06] [ info] [citizen-server-i] Starting resource qbx_taxijob
[13:27:06] [ info] [citizen-server-i] Started resource qbx_taxijob
[13:27:06] [ info] [citizen-server-i] Starting resource qbx_towjob
[13:27:06] [ info] [citizen-server-i] Started resource qbx_towjob
[13:27:06] [ info] [citizen-server-i] Starting resource qbx_truckerjob
[13:27:06] [ info] [citizen-server-i] Started resource qbx_truckerjob
[13:27:06] [ info] [citizen-server-i] Starting resource qbx_truckrobbery
[13:27:06] [ info] [citizen-server-i] Started resource qbx_truckrobbery
[13:27:06] [ info] [citizen-server-i] Starting resource qbx_vehiclekeys
[13:27:06] [ info] [citizen-server-i] Started resource qbx_vehiclekeys
[13:27:06] [ info] [citizen-server-i] Starting resource qbx_vehicles
[13:27:06] [ info] [citizen-server-i] Started resource qbx_vehicles
[13:27:06] [ info] [citizen-server-i] Starting resource qbx_vehiclesales
[13:27:06] [ info] [citizen-server-i] Started resource qbx_vehiclesales
[13:27:06] [ info] [citizen-server-i] Starting resource qbx_vehicleshop
[13:27:06] [ info] [citizen-server-i] Started resource qbx_vehicleshop
[13:27:06] [ info] [citizen-server-i] Starting resource qbx_vineyard
[13:27:06] [ info] [citizen-server-i] Started resource qbx_vineyard
[13:27:06] [ info] [citizen-server-i] Starting resource qbx_weed
[13:27:06] [ info] [citizen-server-i] Started resource qbx_weed
[13:27:06] [ info] [citizen-server-i] Starting resource bob74_ipl
[13:27:06] [ info] [citizen-server-i] Started resource bob74_ipl
[13:27:06] [ info] [citizen-server-i] Starting resource illenium-appearance
[13:27:06] [ info] [citizen-server-i] Started resource illenium-appearance
[13:27:06] [ info] [citizen-server-i] Starting resource loadscreen
[13:27:06] [ info] [citizen-server-i] Started resource loadscreen
[13:27:06] [ info] [citizen-server-i] Starting resource mana_audio
[13:27:06] [ info] [citizen-server-i] Started resource mana_audio
[13:27:06] [ info] [citizen-server-i] Starting resource mhacking
[13:27:06] [ info] [citizen-server-i] Started resource mhacking
[13:27:06] [ info] [citizen-server-i] Starting resource Renewed-Banking
[13:27:06] [ info] [citizen-server-i] Started resource Renewed-Banking
[13:27:06] [ info] [citizen-server-i] Starting resource Renewed-Weathersync
[13:27:06] [ info] [citizen-server-i] Started resource Renewed-Weathersync
[13:27:06] [ info] [citizen-server-i] Starting resource safecracker
[13:27:06] [ info] [citizen-server-i] Started resource safecracker
[13:27:06] [ info] [citizen-server-i] Starting resource screencapture
[13:27:06] [ info] [citizen-server-i] Started resource screencapture
[13:27:06] [ info] [citizen-server-i] Starting resource scully_emotemenu
[13:27:06] [ info] [citizen-server-i] Started resource scully_emotemenu
[13:27:06] [ info] [citizen-server-i] Starting resource ultra-voltlab
[13:27:06] [ info] [citizen-server-i] Started resource ultra-voltlab
[13:27:06] [ info] [citizen-server-i] Starting resource vehiclehandler
[13:27:06] [ info] [citizen-server-i] Started resource vehiclehandler
[13:27:06] [ info] [citizen-server-i] Starting resource xt-prison
[13:27:06] [error] [extra-natives-fi] Command jail is already registered.
[13:27:06] [error] [extra-natives-fi] Command unjail is already registered.
[13:27:06] [ info] [citizen-server-i] Started resource xt-prison
[13:27:06] [ info] [citizen-server-i] Starting resource mm_radio
[13:27:06] [ info] [citizen-server-i] Started resource mm_radio
[13:27:06] [error] [citizen-server-i] No resources found for category [assets]
[13:27:06] [ info] [citizen-server-i] Starting resource npwd_qbx_garages
[13:27:06] [ info] [citizen-server-i] Started resource npwd_qbx_garages
[13:27:06] [ info] [citizen-server-i] Starting resource npwd_qbx_mail
[13:27:06] [ info] [citizen-server-i] Started resource npwd_qbx_mail
[13:27:06] [ info] [citizen-server-i] Starting resource qbx_npwd
[13:27:06] [ info] [citizen-server-i] Started resource qbx_npwd
[13:27:06] [ info] [citizen-server-i] Starting resource npwd
[13:27:07] [ info] [citizen-server-i] Started resource npwd
║              STDERR║ (node:2000) ExperimentalWarning: localStorage is not available because --localstorage-file was not provided.
║              STDERR║ (Use `node --trace-warnings ...` to show where the warning was created)
[13:27:08] [ warn] [              js] Unhandled promise rejection in resource npwd
[13:27:08] [ warn] [              js] Uncaught Error: Driver not found.
dist/game/server/server.js(5138,130): getDriver
dist/game/server/server.js(5199,28): 
node:internal/process/task_queues(104,5): processTicksAndRejections

[13:27:08] [ warn] [              js] Unhandled promise rejection in resource npwd
[13:27:08] [ warn] [              js] Uncaught Error: Driver not found.
dist/game/server/server.js(5138,130): getDriver
dist/game/server/server.js(5199,28): 
node:internal/process/task_queues(104,5): processTicksAndRejections

[13:27:08] [ warn] [              js] Unhandled promise rejection in resource npwd
[13:27:08] [ warn] [              js] Uncaught Error: No available storage method found.
dist/game/server/server.js(5207,27): 
node:internal/process/task_queues(104,5): processTicksAndRejections

[13:27:08] [error] [citizen-server-i] Server list query returned an error: server request failed: server request failed for endpoint https://171.76.85.36:30120/info.json (Get "https://171.76.85.36:30120/info.json": context deadline exceeded (Client.Timeout exceeded while awaiting headers))
server request failed: server request failed for endpoint https://171.76.85.36:30120/dynamic.json (Get "https://171.76.85.36:30120/dynamic.json": context deadline exceeded (Client.Timeout exceeded while awaiting headers))
server request failed: server request failed for endpoint https://171.76.85.36:30120/players.json (Get "https://171.76.85.36:30120/players.json": context deadline exceeded (Client.Timeout exceeded while awaiting headers)).
[13:27:09] [ warn] [citizen-server-i] ScheduleResourceTick: This native is deprecated. Script resources in FiveM for GTAV Enhanced are running on the same tick rate as the server main tick.
[13:27:09] [ info] [         oxmysql] [12.3.3-MariaDB] Database server connection established!
[13:27:09] [ info] [        qbx_core] 
Welcome to Qbox!
To learn more, please check out the documentation at https://docs.qbox.re/.
To turn this message off, set the qbx:acknowledge convar to true in your server.cfg file.

[13:27:09] [ info] [       xt-prison] [xt-prison] [INFO] Initializing Table: xt_prison
[13:27:09] [ info] [       xt-prison] [xt-prison] [INFO] Initializing Table: xt_prison_items
[13:27:09] [ info] [        qbx_core] [qbx_core] [INFO] Removed invalid groups from player_groups table
[13:27:09] [ info] [    ox_inventory] [ox_inventory] [INFO] Inventory has loaded 301 items
[13:27:09] [ info] [scully_emotemenu] [scully_emotemenu] You are currently running the latest version.
[13:27:39] [error] [citizen-server-i] Server list query returned an error: server request failed: server request failed for endpoint https://171.76.85.36:30120/info.json (Get "https://171.76.85.36:30120/info.json": context deadline exceeded (Client.Timeout exceeded while awaiting headers))
server request failed: server request failed for endpoint https://171.76.85.36:30120/dynamic.json (Get "https://171.76.85.36:30120/dynamic.json": context deadline exceeded (Client.Timeout exceeded while awaiting headers))
server request failed: server request failed for endpoint https://171.76.85.36:30120/players.json (Get "https://171.76.85.36:30120/players.json": context deadline exceeded (Client.Timeout exceeded while awaiting headers)).
[13:28:09] [error] [citizen-server-i] Server list query returned an error: server request failed: server request failed for endpoint https://171.76.85.36:30120/info.json (Get "https://171.76.85.36:30120/info.json": context deadline exceeded (Client.Timeout exceeded while awaiting headers))
server request failed: server request failed for endpoint https://171.76.85.36:30120/dynamic.json (Get "https://171.76.85.36:30120/dynamic.json": context deadline exceeded (Client.Timeout exceeded while awaiting headers))
server request failed: server request failed for endpoint https://171.76.85.36:30120/players.json (Get "https://171.76.85.36:30120/players.json": context deadline exceeded (Client.Timeout exceeded while awaiting headers)).
[13:31:40] [error] [citizen-server-i] Server list query returned an error: server request failed: server request failed for endpoint https://171.76.85.36:30120/players.json (Get "https://171.76.85.36:30120/players.json": context deadline exceeded (Client.Timeout exceeded while awaiting headers))
server request failed: server request failed for endpoint https://171.76.85.36:30120/dynamic.json (Get "https://171.76.85.36:30120/dynamic.json": context deadline exceeded (Client.Timeout exceeded while awaiting headers))
server request failed: server request failed for endpoint https://171.76.85.36:30120/info.json (Get "https://171.76.85.36:30120/info.json": context deadline exceeded (Client.Timeout exceeded while awaiting headers)).
[13:32:10] [error] [citizen-server-i] Server list query returned an error: server request failed: server request failed for endpoint https://171.76.85.36:30120/dynamic.json (Get "https://171.76.85.36:30120/dynamic.json": context deadline exceeded (Client.Timeout exceeded while awaiting headers))
server request failed: server request failed for endpoint https://171.76.85.36:30120/players.json (Get "https://171.76.85.36:30120/players.json": context deadline exceeded (Client.Timeout exceeded while awaiting headers))
server request failed: server request failed for endpoint https://171.76.85.36:30120/info.json (Get "https://171.76.85.36:30120/info.json": context deadline exceeded (Client.Timeout exceeded while awaiting headers)).
[13:32:41] [error] [citizen-server-i] Server list query returned an error: server request failed: server request failed for endpoint https://171.76.85.36:30120/dynamic.json (Get "https://171.76.85.36:30120/dynamic.json": context deadline exceeded (Client.Timeout exceeded while awaiting headers))
server request failed: server request failed for endpoint https://171.76.85.36:30120/players.json (Get "https://171.76.85.36:30120/players.json": context deadline exceeded (Client.Timeout exceeded while awaiting headers))
server request failed: server request failed for endpoint https://171.76.85.36:30120/info.json (Get "https://171.76.85.36:30120/info.json": context deadline exceeded (Client.Timeout exceeded while awaiting headers)).
[13:33:11] [error] [citizen-server-i] Server list query returned an error: server request failed: server request failed for endpoint https://171.76.85.36:30120/dynamic.json (Get "https://171.76.85.36:30120/dynamic.json": context deadline exceeded (Client.Timeout exceeded while awaiting headers))
server request failed: server request failed for endpoint https://171.76.85.36:30120/players.json (Get "https://171.76.85.36:30120/players.json": context deadline exceeded (Client.Timeout exceeded while awaiting headers))
server request failed: server request failed for endpoint https://171.76.85.36:30120/info.json (Get "https://171.76.85.36:30120/info.json": context deadline exceeded (Client.Timeout exceeded while awaiting headers)).
[13:33:41] [error] [citizen-server-i] Server list query returned an error: server request failed: server request failed for endpoint https://171.76.85.36:30120/dynamic.json (Get "https://171.76.85.36:30120/dynamic.json": context deadline exceeded (Client.Timeout exceeded while awaiting headers))
server request failed: server request failed for endpoint https://171.76.85.36:30120/players.json (Get "https://171.76.85.36:30120/players.json": context deadline exceeded (Client.Timeout exceeded while awaiting headers))
server request failed: server request failed for endpoint https://171.76.85.36:30120/info.json (Get "https://171.76.85.36:30120/info.json": context deadline exceeded (Client.Timeout exceeded while awaiting headers)).
[13:34:11] [error] [citizen-server-i] Server list query returned an error: server request failed: server request failed for endpoint https://171.76.85.36:30120/dynamic.json (Get "https://171.76.85.36:30120/dynamic.json": context deadline exceeded (Client.Timeout exceeded while awaiting headers))
server request failed: server request failed for endpoint https://171.76.85.36:30120/players.json (Get "https://171.76.85.36:30120/players.json": context deadline exceeded (Client.Timeout exceeded while awaiting headers))
server request failed: server request failed for endpoint https://171.76.85.36:30120/info.json (Get "https://171.76.85.36:30120/info.json": context deadline exceeded (Client.Timeout exceeded while awaiting headers)).
[13:34:42] [error] [citizen-server-i] Server list query returned an error: server request failed: server request failed for endpoint https://171.76.85.36:30120/dynamic.json (Get "https://171.76.85.36:30120/dynamic.json": context deadline exceeded (Client.Timeout exceeded while awaiting headers))
server request failed: server request failed for endpoint https://171.76.85.36:30120/players.json (Get "https://171.76.85.36:30120/players.json": context deadline exceeded (Client.Timeout exceeded while awaiting headers))
server request failed: server request failed for endpoint https://171.76.85.36:30120/info.json (Get "https://171.76.85.36:30120/info.json": context deadline exceeded (Client.Timeout exceeded while awaiting headers)).
[13:35:12] [error] [citizen-server-i] Server list query returned an error: server request failed: server request failed for endpoint https://171.76.85.36:30120/dynamic.json (Get "https://171.76.85.36:30120/dynamic.json": context deadline exceeded (Client.Timeout exceeded while awaiting headers))
server request failed: server request failed for endpoint https://171.76.85.36:30120/players.json (Get "https://171.76.85.36:30120/players.json": context deadline exceeded (Client.Timeout exceeded while awaiting headers))
server request failed: server request failed for endpoint https://171.76.85.36:30120/info.json (Get "https://171.76.85.36:30120/info.json": context deadline exceeded (Client.Timeout exceeded while awaiting headers)).
[13:35:42] [error] [citizen-server-i] Server list query returned an error: server request failed: server request failed for endpoint https://171.76.85.36:30120/dynamic.json (Get "https://171.76.85.36:30120/dynamic.json": context deadline exceeded (Client.Timeout exceeded while awaiting headers))
server request failed: server request failed for endpoint https://171.76.85.36:30120/players.json (Get "https://171.76.85.36:30120/players.json": context deadline exceeded (Client.Timeout exceeded while awaiting headers))
server request failed: server request failed for endpoint https://171.76.85.36:30120/info.json (Get "https://171.76.85.36:30120/info.json": context deadline exceeded (Client.Timeout exceeded while awaiting headers)).
[13:36:13] [error] [citizen-server-i] Server list query returned an error: server request failed: server request failed for endpoint https://171.76.85.36:30120/players.json (Get "https://171.76.85.36:30120/players.json": context deadline exceeded (Client.Timeout exceeded while awaiting headers))
server request failed: server request failed for endpoint https://171.76.85.36:30120/info.json (Get "https://171.76.85.36:30120/info.json": context deadline exceeded (Client.Timeout exceeded while awaiting headers))
server request failed: server request failed for endpoint https://171.76.85.36:30120/dynamic.json (Get "https://171.76.85.36:30120/dynamic.json": context deadline exceeded (Client.Timeout exceeded while awaiting headers)).
[13:36:43] [error] [citizen-server-i] Server list query returned an error: server request failed: server request failed for endpoint https://171.76.85.36:30120/players.json (Get "https://171.76.85.36:30120/players.json": context deadline exceeded (Client.Timeout exceeded while awaiting headers))
server request failed: server request failed for endpoint https://171.76.85.36:30120/info.json (Get "https://171.76.85.36:30120/info.json": context deadline exceeded (Client.Timeout exceeded while awaiting headers))
server request failed: server request failed for endpoint https://171.76.85.36:30120/dynamic.json (Get "https://171.76.85.36:30120/dynamic.json": context deadline exceeded (Client.Timeout exceeded while awaiting headers)).
[13:37:13] [error] [citizen-server-i] Server list query returned an error: server request failed: server request failed for endpoint https://171.76.85.36:30120/players.json (Get "https://171.76.85.36:30120/players.json": context deadline exceeded (Client.Timeout exceeded while awaiting headers))
server request failed: server request failed for endpoint https://171.76.85.36:30120/info.json (Get "https://171.76.85.36:30120/info.json": context deadline exceeded (Client.Timeout exceeded while awaiting headers))
server request failed: server request failed for endpoint https://171.76.85.36:30120/dynamic.json (Get "https://171.76.85.36:30120/dynamic.json": context deadline exceeded (Client.Timeout exceeded while awaiting headers)).
[13:40:44] [error] [citizen-server-i] Server list query returned an error: server request failed: server request failed for endpoint https://171.76.85.36:30120/players.json (Get "https://171.76.85.36:30120/players.json": context deadline exceeded (Client.Timeout exceeded while awaiting headers))
server request failed: server request failed for endpoint https://171.76.85.36:30120/dynamic.json (Get "https://171.76.85.36:30120/dynamic.json": context deadline exceeded (Client.Timeout exceeded while awaiting headers))
server request failed: server request failed for endpoint https://171.76.85.36:30120/info.json (Get "https://171.76.85.36:30120/info.json": context deadline exceeded (Client.Timeout exceeded while awaiting headers)).
[13:41:15] [error] [citizen-server-i] Server list query returned an error: server request failed: server request failed for endpoint https://171.76.85.36:30120/dynamic.json (Get "https://171.76.85.36:30120/dynamic.json": read tcp 10.0.5.33:50220->171.76.85.36:30120: read: connection reset by peer)
server request failed: server request failed for endpoint https://171.76.85.36:30120/info.json (Get "https://171.76.85.36:30120/info.json": read tcp 10.0.5.33:50244->171.76.85.36:30120: read: connection reset by peer)
server request failed: server request failed for endpoint https://171.76.85.36:30120/players.json (Get "https://171.76.85.36:30120/players.json": context deadline exceeded (Client.Timeout exceeded while awaiting headers)).
[13:41:45] [error] [citizen-server-i] Server list query returned an error: server request failed: server request failed for endpoint https://171.76.85.36:30120/dynamic.json (Get "https://171.76.85.36:30120/dynamic.json": read tcp 10.0.5.33:50220->171.76.85.36:30120: read: connection reset by peer)
server request failed: server request failed for endpoint https://171.76.85.36:30120/info.json (Get "https://171.76.85.36:30120/info.json": read tcp 10.0.5.33:50244->171.76.85.36:30120: read: connection reset by peer)
server request failed: server request failed for endpoint https://171.76.85.36:30120/players.json (Get "https://171.76.85.36:30120/players.json": context deadline exceeded (Client.Timeout exceeded while awaiting headers)).
[13:42:15] [error] [citizen-server-i] Server list query returned an error: server request failed: server request failed for endpoint https://171.76.85.36:30120/dynamic.json (Get "https://171.76.85.36:30120/dynamic.json": read tcp 10.0.5.33:50220->171.76.85.36:30120: read: connection reset by peer)
server request failed: server request failed for endpoint https://171.76.85.36:30120/info.json (Get "https://171.76.85.36:30120/info.json": read tcp 10.0.5.33:50244->171.76.85.36:30120: read: connection reset by peer)
server request failed: server request failed for endpoint https://171.76.85.36:30120/players.json (Get "https://171.76.85.36:30120/players.json": context deadline exceeded (Client.Timeout exceeded while awaiting headers)).
[13:42:45] [error] [citizen-server-i] Server list query returned an error: server request failed: server request failed for endpoint https://171.76.85.36:30120/dynamic.json (Get "https://171.76.85.36:30120/dynamic.json": read tcp 10.0.5.33:50220->171.76.85.36:30120: read: connection reset by peer)
server request failed: server request failed for endpoint https://171.76.85.36:30120/info.json (Get "https://171.76.85.36:30120/info.json": read tcp 10.0.5.33:50244->171.76.85.36:30120: read: connection reset by peer)
server request failed: server request failed for endpoint https://171.76.85.36:30120/players.json (Get "https://171.76.85.36:30120/players.json": context deadline exceeded (Client.Timeout exceeded while awaiting headers)).
[13:43:16] [error] [citizen-server-i] Server list query returned an error: server request failed: server request failed for endpoint https://171.76.85.36:30120/info.json (Get "https://171.76.85.36:30120/info.json": context deadline exceeded (Client.Timeout exceeded while awaiting headers))
server request failed: server request failed for endpoint https://171.76.85.36:30120/players.json (Get "https://171.76.85.36:30120/players.json": context deadline exceeded (Client.Timeout exceeded while awaiting headers))
server request failed: server request failed for endpoint https://171.76.85.36:30120/dynamic.json (Get "https://171.76.85.36:30120/dynamic.json": context deadline exceeded (Client.Timeout exceeded while awaiting headers)).
[13:43:46] [error] [citizen-server-i] Server list query returned an error: server request failed: server request failed for endpoint https://171.76.85.36:30120/info.json (Get "https://171.76.85.36:30120/info.json": context deadline exceeded (Client.Timeout exceeded while awaiting headers))
server request failed: server request failed for endpoint https://171.76.85.36:30120/players.json (Get "https://171.76.85.36:30120/players.json": context deadline exceeded (Client.Timeout exceeded while awaiting headers))
server request failed: server request failed for endpoint https://171.76.85.36:30120/dynamic.json (Get "https://171.76.85.36:30120/dynamic.json": context deadline exceeded (Client.Timeout exceeded while awaiting headers)).
[13:44:17] [error] [citizen-server-i] Server list query returned an error: server request failed: server request failed for endpoint https://171.76.85.36:30120/info.json (Get "https://171.76.85.36:30120/info.json": context deadline exceeded (Client.Timeout exceeded while awaiting headers))
server request failed: server request failed for endpoint https://171.76.85.36:30120/players.json (Get "https://171.76.85.36:30120/players.json": context deadline exceeded (Client.Timeout exceeded while awaiting headers))
server request failed: server request failed for endpoint https://171.76.85.36:30120/dynamic.json (Get "https://171.76.85.36:30120/dynamic.json": context deadline exceeded (Client.Timeout exceeded while awaiting headers)).
[13:44:47] [error] [citizen-server-i] Server list query returned an error: server request failed: server request failed for endpoint https://171.76.85.36:30120/info.json (Get "https://171.76.85.36:30120/info.json": context deadline exceeded (Client.Timeout exceeded while awaiting headers))
server request failed: server request failed for endpoint https://171.76.85.36:30120/players.json (Get "https://171.76.85.36:30120/players.json": context deadline exceeded (Client.Timeout exceeded while awaiting headers))
server request failed: server request failed for endpoint https://171.76.85.36:30120/dynamic.json (Get "https://171.76.85.36:30120/dynamic.json": context deadline exceeded (Client.Timeout exceeded while awaiting headers)).
[13:45:17] [error] [citizen-server-i] Server list query returned an error: server request failed: server request failed for endpoint https://171.76.85.36:30120/players.json (Get "https://171.76.85.36:30120/players.json": context deadline exceeded (Client.Timeout exceeded while awaiting headers))
server request failed: server request failed for endpoint https://171.76.85.36:30120/dynamic.json (Get "https://171.76.85.36:30120/dynamic.json": context deadline exceeded (Client.Timeout exceeded while awaiting headers))
server request failed: server request failed for endpoint https://171.76.85.36:30120/info.json (Get "https://171.76.85.36:30120/info.json": context deadline exceeded (Client.Timeout exceeded while awaiting headers)).
[13:45:47] [error] [citizen-server-i] Server list query returned an error: server request failed: server request failed for endpoint https://171.76.85.36:30120/players.json (Get "https://171.76.85.36:30120/players.json": context deadline exceeded (Client.Timeout exceeded while awaiting headers))
server request failed: server request failed for endpoint https://171.76.85.36:30120/dynamic.json (Get "https://171.76.85.36:30120/dynamic.json": context deadline exceeded (Client.Timeout exceeded while awaiting headers))
server request failed: server request failed for endpoint https://171.76.85.36:30120/info.json (Get "https://171.76.85.36:30120/info.json": context deadline exceeded (Client.Timeout exceeded while awaiting headers)).
[13:46:18] [error] [citizen-server-i] Server list query returned an error: server request failed: server request failed for endpoint https://171.76.85.36:30120/players.json (Get "https://171.76.85.36:30120/players.json": context deadline exceeded (Client.Timeout exceeded while awaiting headers))
server request failed: server request failed for endpoint https://171.76.85.36:30120/dynamic.json (Get "https://171.76.85.36:30120/dynamic.json": context deadline exceeded (Client.Timeout exceeded while awaiting headers))
server request failed: server request failed for endpoint https://171.76.85.36:30120/info.json (Get "https://171.76.85.36:30120/info.json": context deadline exceeded (Client.Timeout exceeded while awaiting headers)).
[13:46:48] [error] [citizen-server-i] Server list query returned an error: server request failed: server request failed for endpoint https://171.76.85.36:30120/players.json (Get "https://171.76.85.36:30120/players.json": context deadline exceeded (Client.Timeout exceeded while awaiting headers))
server request failed: server request failed for endpoint https://171.76.85.36:30120/dynamic.json (Get "https://171.76.85.36:30120/dynamic.json": context deadline exceeded (Client.Timeout exceeded while awaiting headers))
server request failed: server request failed for endpoint https://171.76.85.36:30120/info.json (Get "https://171.76.85.36:30120/info.json": context deadline exceeded (Client.Timeout exceeded while awaiting headers)).
[13:47:18] [error] [citizen-server-i] Server list query returned an error: server request failed: server request failed for endpoint https://171.76.85.36:30120/info.json (Get "https://171.76.85.36:30120/info.json": context deadline exceeded (Client.Timeout exceeded while awaiting headers))
server request failed: server request failed for endpoint https://171.76.85.36:30120/players.json (Get "https://171.76.85.36:30120/players.json": context deadline exceeded (Client.Timeout exceeded while awaiting headers))
server request failed: server request failed for endpoint https://171.76.85.36:30120/dynamic.json (Get "https://171.76.85.36:30120/dynamic.json": context deadline exceeded (Client.Timeout exceeded while awaiting headers)).
[13:47:49] [error] [citizen-server-i] Server list query returned an error: server request failed: server request failed for endpoint https://171.76.85.36:30120/info.json (Get "https://171.76.85.36:30120/info.json": context deadline exceeded (Client.Timeout exceeded while awaiting headers))
server request failed: server request failed for endpoint https://171.76.85.36:30120/players.json (Get "https://171.76.85.36:30120/players.json": context deadline exceeded (Client.Timeout exceeded while awaiting headers))
server request failed: server request failed for endpoint https://171.76.85.36:30120/dynamic.json (Get "https://171.76.85.36:30120/dynamic.json": context deadline exceeded (Client.Timeout exceeded while awaiting headers)).
[13:48:19] [error] [citizen-server-i] Server list query returned an error: server request failed: server request failed for endpoint https://171.76.85.36:30120/info.json (Get "https://171.76.85.36:30120/info.json": context deadline exceeded (Client.Timeout exceeded while awaiting headers))
server request failed: server request failed for endpoint https://171.76.85.36:30120/players.json (Get "https://171.76.85.36:30120/players.json": context deadline exceeded (Client.Timeout exceeded while awaiting headers))
server request failed: server request failed for endpoint https://171.76.85.36:30120/dynamic.json (Get "https://171.76.85.36:30120/dynamic.json": context deadline exceeded (Client.Timeout exceeded while awaiting headers)).
[13:51:49] [error] [citizen-server-i] Server list query returned an error: server request failed: server request failed for endpoint https://171.76.85.36:30120/info.json (Get "https://171.76.85.36:30120/info.json": context deadline exceeded (Client.Timeout exceeded while awaiting headers))
server request failed: server request failed for endpoint https://171.76.85.36:30120/dynamic.json (Get "https://171.76.85.36:30120/dynamic.json": context deadline exceeded (Client.Timeout exceeded while awaiting headers))
server request failed: server request failed for endpoint https://171.76.85.36:30120/players.json (Get "https://171.76.85.36:30120/players.json": context deadline exceeded (Client.Timeout exceeded while awaiting headers)).
[13:52:20] [error] [citizen-server-i] Server list query returned an error: server request failed: server request failed for endpoint https://171.76.85.36:30120/players.json (Get "https://171.76.85.36:30120/players.json": context deadline exceeded (Client.Timeout exceeded while awaiting headers))
server request failed: server request failed for endpoint https://171.76.85.36:30120/info.json (Get "https://171.76.85.36:30120/info.json": context deadline exceeded (Client.Timeout exceeded while awaiting headers))
server request failed: server request failed for endpoint https://171.76.85.36:30120/dynamic.json (Get "https://171.76.85.36:30120/dynamic.json": context deadline exceeded (Client.Timeout exceeded while awaiting headers)).
[13:52:50] [error] [citizen-server-i] Server list query returned an error: server request failed: server request failed for endpoint https://171.76.85.36:30120/players.json (Get "https://171.76.85.36:30120/players.json": context deadline exceeded (Client.Timeout exceeded while awaiting headers))
server request failed: server request failed for endpoint https://171.76.85.36:30120/info.json (Get "https://171.76.85.36:30120/info.json": context deadline exceeded (Client.Timeout exceeded while awaiting headers))
server request failed: server request failed for endpoint https://171.76.85.36:30120/dynamic.json (Get "https://171.76.85.36:30120/dynamic.json": context deadline exceeded (Client.Timeout exceeded while awaiting headers)).
[13:53:20] [error] [citizen-server-i] Server list query returned an error: server request failed: server request failed for endpoint https://171.76.85.36:30120/players.json (Get "https://171.76.85.36:30120/players.json": context deadline exceeded (Client.Timeout exceeded while awaiting headers))
server request failed: server request failed for endpoint https://171.76.85.36:30120/info.json (Get "https://171.76.85.36:30120/info.json": context deadline exceeded (Client.Timeout exceeded while awaiting headers))
server request failed: server request failed for endpoint https://171.76.85.36:30120/dynamic.json (Get "https://171.76.85.36:30120/dynamic.json": context deadline exceeded (Client.Timeout exceeded while awaiting headers)).
[13:53:51] [error] [citizen-server-i] Server list query returned an error: server request failed: server request failed for endpoint https://171.76.85.36:30120/players.json (Get "https://171.76.85.36:30120/players.json": context deadline exceeded (Client.Timeout exceeded while awaiting headers))
server request failed: server request failed for endpoint https://171.76.85.36:30120/info.json (Get "https://171.76.85.36:30120/info.json": context deadline exceeded (Client.Timeout exceeded while awaiting headers))
server request failed: server request failed for endpoint https://171.76.85.36:30120/dynamic.json (Get "https://171.76.85.36:30120/dynamic.json": context deadline exceeded (Client.Timeout exceeded while awaiting headers)).
[13:54:21] [error] [citizen-server-i] Server list query returned an error: server request failed: server request failed for endpoint https://171.76.85.36:30120/players.json (Get "https://171.76.85.36:30120/players.json": context deadline exceeded (Client.Timeout exceeded while awaiting headers))
server request failed: server request failed for endpoint https://171.76.85.36:30120/info.json (Get "https://171.76.85.36:30120/info.json": context deadline exceeded (Client.Timeout exceeded while awaiting headers))
server request failed: server request failed for endpoint https://171.76.85.36:30120/dynamic.json (Get "https://171.76.85.36:30120/dynamic.json": context deadline exceeded (Client.Timeout exceeded while awaiting headers)).
[13:54:52] [error] [citizen-server-i] Server list query returned an error: server request failed: server request failed for endpoint https://171.76.85.36:30120/players.json (Get "https://171.76.85.36:30120/players.json": context deadline exceeded (Client.Timeout exceeded while awaiting headers))
server request failed: server request failed for endpoint https://171.76.85.36:30120/info.json (Get "https://171.76.85.36:30120/info.json": context deadline exceeded (Client.Timeout exceeded while awaiting headers))
server request failed: server request failed for endpoint https://171.76.85.36:30120/dynamic.json (Get "https://171.76.85.36:30120/dynamic.json": context deadline exceeded (Client.Timeout exceeded while awaiting headers)).
[13:55:22] [error] [citizen-server-i] Server list query returned an error: server request failed: server request failed for endpoint https://171.76.85.36:30120/players.json (Get "https://171.76.85.36:30120/players.json": context deadline exceeded (Client.Timeout exceeded while awaiting headers))
server request failed: server request failed for endpoint https://171.76.85.36:30120/info.json (Get "https://171.76.85.36:30120/info.json": context deadline exceeded (Client.Timeout exceeded while awaiting headers))
server request failed: server request failed for endpoint https://171.76.85.36:30120/dynamic.json (Get "https://171.76.85.36:30120/dynamic.json": context deadline exceeded (Client.Timeout exceeded while awaiting headers)).
[13:58:52] [error] [citizen-server-i] Server list query returned an error: server request failed: server request failed for endpoint https://171.76.85.36:30120/players.json (Get "https://171.76.85.36:30120/players.json": context deadline exceeded (Client.Timeout exceeded while awaiting headers))
server request failed: server request failed for endpoint https://171.76.85.36:30120/info.json (Get "https://171.76.85.36:30120/info.json": context deadline exceeded (Client.Timeout exceeded while awaiting headers))
server request failed: server request failed for endpoint https://171.76.85.36:30120/dynamic.json (Get "https://171.76.85.36:30120/dynamic.json": context deadline exceeded (Client.Timeout exceeded while awaiting headers)).
[13:59:23] [error] [citizen-server-i] Server list query returned an error: server request failed: server request failed for endpoint https://171.76.85.36:30120/players.json (Get "https://171.76.85.36:30120/players.json": context deadline exceeded (Client.Timeout exceeded while awaiting headers))
server request failed: server request failed for endpoint https://171.76.85.36:30120/info.json (Get "https://171.76.85.36:30120/info.json": context deadline exceeded (Client.Timeout exceeded while awaiting headers))
server request failed: server request failed for endpoint https://171.76.85.36:30120/dynamic.json (Get "https://171.76.85.36:30120/dynamic.json": context deadline exceeded (Client.Timeout exceeded while awaiting headers)).
[13:59:53] [error] [citizen-server-i] Server list query returned an error: server request failed: server request failed for endpoint https://171.76.85.36:30120/players.json (Get "https://171.76.85.36:30120/players.json": context deadline exceeded (Client.Timeout exceeded while awaiting headers))
server request failed: server request failed for endpoint https://171.76.85.36:30120/info.json (Get "https://171.76.85.36:30120/info.json": context deadline exceeded (Client.Timeout exceeded while awaiting headers))
server request failed: server request failed for endpoint https://171.76.85.36:30120/dynamic.json (Get "https://171.76.85.36:30120/dynamic.json": context deadline exceeded (Client.Timeout exceeded while awaiting headers)).
[14:00:23] [error] [citizen-server-i] Server list query returned an error: server request failed: server request failed for endpoint https://171.76.85.36:30120/players.json (Get "https://171.76.85.36:30120/players.json": context deadline exceeded (Client.Timeout exceeded while awaiting headers))
server request failed: server request failed for endpoint https://171.76.85.36:30120/info.json (Get "https://171.76.85.36:30120/info.json": context deadline exceeded (Client.Timeout exceeded while awaiting headers))
server request failed: server request failed for endpoint https://171.76.85.36:30120/dynamic.json (Get "https://171.76.85.36:30120/dynamic.json": context deadline exceeded (Client.Timeout exceeded while awaiting headers)).
[14:00:54] [error] [citizen-server-i] Server list query returned an error: server request failed: server request failed for endpoint https://171.76.85.36:30120/players.json (Get "https://171.76.85.36:30120/players.json": context deadline exceeded (Client.Timeout exceeded while awaiting headers))
server request failed: server request failed for endpoint https://171.76.85.36:30120/info.json (Get "https://171.76.85.36:30120/info.json": context deadline exceeded (Client.Timeout exceeded while awaiting headers))
server request failed: server request failed for endpoint https://171.76.85.36:30120/dynamic.json (Get "https://171.76.85.36:30120/dynamic.json": context deadline exceeded (Client.Timeout exceeded while awaiting headers)).
[14:01:24] [error] [citizen-server-i] Server list query returned an error: server request failed: server request failed for endpoint https://171.76.85.36:30120/info.json (Get "https://171.76.85.36:30120/info.json": read tcp 10.0.4.128:54898->171.76.85.36:30120: read: connection reset by peer (Client.Timeout exceeded while awaiting headers))
server request failed: server request failed for endpoint https://171.76.85.36:30120/players.json (Get "https://171.76.85.36:30120/players.json": context deadline exceeded (Client.Timeout exceeded while awaiting headers))
server request failed: server request failed for endpoint https://171.76.85.36:30120/dynamic.json (Get "https://171.76.85.36:30120/dynamic.json": context deadline exceeded (Client.Timeout exceeded while awaiting headers)).
[14:01:54] [error] [citizen-server-i] Server list query returned an error: server request failed: server request failed for endpoint https://171.76.85.36:30120/info.json (Get "https://171.76.85.36:30120/info.json": read tcp 10.0.4.128:54898->171.76.85.36:30120: read: connection reset by peer (Client.Timeout exceeded while awaiting headers))
server request failed: server request failed for endpoint https://171.76.85.36:30120/players.json (Get "https://171.76.85.36:30120/players.json": context deadline exceeded (Client.Timeout exceeded while awaiting headers))
server request failed: server request failed for endpoint https://171.76.85.36:30120/dynamic.json (Get "https://171.76.85.36:30120/dynamic.json": context deadline exceeded (Client.Timeout exceeded while awaiting headers)).
[14:02:24] [error] [citizen-server-i] Server list query returned an error: server request failed: server request failed for endpoint https://171.76.85.36:30120/info.json (Get "https://171.76.85.36:30120/info.json": read tcp 10.0.4.128:54898->171.76.85.36:30120: read: connection reset by peer (Client.Timeout exceeded while awaiting headers))
server request failed: server request failed for endpoint https://171.76.85.36:30120/players.json (Get "https://171.76.85.36:30120/players.json": context deadline exceeded (Client.Timeout exceeded while awaiting headers))
server request failed: server request failed for endpoint https://171.76.85.36:30120/dynamic.json (Get "https://171.76.85.36:30120/dynamic.json": context deadline exceeded (Client.Timeout exceeded while awaiting headers)).
[14:11:56] [error] [citizen-server-i] Server list query returned an error: server request failed: server request failed for endpoint https://171.76.85.36:30120/info.json (Get "https://171.76.85.36:30120/info.json": read tcp 10.0.5.33:56478->171.76.85.36:30120: read: connection reset by peer)
server request failed: server request failed for endpoint https://171.76.85.36:30120/dynamic.json (Get "https://171.76.85.36:30120/dynamic.json": read tcp 10.0.5.33:56446->171.76.85.36:30120: read: connection reset by peer)
server request failed: server request failed for endpoint https://171.76.85.36:30120/players.json (Get "https://171.76.85.36:30120/players.json": read tcp 10.0.5.33:56462->171.76.85.36:30120: read: connection reset by peer).
[14:12:26] [error] [citizen-server-i] Server list query returned an error: server request failed: server request failed for endpoint https://171.76.85.36:30120/players.json (Get "https://171.76.85.36:30120/players.json": context deadline exceeded (Client.Timeout exceeded while awaiting headers))
server request failed: server request failed for endpoint https://171.76.85.36:30120/dynamic.json (Get "https://171.76.85.36:30120/dynamic.json": context deadline exceeded (Client.Timeout exceeded while awaiting headers))
server request failed: server request failed for endpoint https://171.76.85.36:30120/info.json (Get "https://171.76.85.36:30120/info.json": context deadline exceeded (Client.Timeout exceeded while awaiting headers)).
[14:12:56] [error] [citizen-server-i] Server list query returned an error: server request failed: server request failed for endpoint https://171.76.85.36:30120/players.json (Get "https://171.76.85.36:30120/players.json": context deadline exceeded (Client.Timeout exceeded while awaiting headers))
server request failed: server request failed for endpoint https://171.76.85.36:30120/dynamic.json (Get "https://171.76.85.36:30120/dynamic.json": context deadline exceeded (Client.Timeout exceeded while awaiting headers))
server request failed: server request failed for endpoint https://171.76.85.36:30120/info.json (Get "https://171.76.85.36:30120/info.json": context deadline exceeded (Client.Timeout exceeded while awaiting headers)).
[14:13:27] [error] [citizen-server-i] Server list query returned an error: server request failed: server request failed for endpoint https://171.76.85.36:30120/players.json (Get "https://171.76.85.36:30120/players.json": context deadline exceeded (Client.Timeout exceeded while awaiting headers))
server request failed: server request failed for endpoint https://171.76.85.36:30120/dynamic.json (Get "https://171.76.85.36:30120/dynamic.json": context deadline exceeded (Client.Timeout exceeded while awaiting headers))
server request failed: server request failed for endpoint https://171.76.85.36:30120/info.json (Get "https://171.76.85.36:30120/info.json": context deadline exceeded (Client.Timeout exceeded while awaiting headers)).
[14:13:57] [error] [citizen-server-i] Server list query returned an error: server request failed: server request failed for endpoint https://171.76.85.36:30120/players.json (Get "https://171.76.85.36:30120/players.json": context deadline exceeded (Client.Timeout exceeded while awaiting headers))
server request failed: server request failed for endpoint https://171.76.85.36:30120/dynamic.json (Get "https://171.76.85.36:30120/dynamic.json": context deadline exceeded (Client.Timeout exceeded while awaiting headers))
server request failed: server request failed for endpoint https://171.76.85.36:30120/info.json (Get "https://171.76.85.36:30120/info.json": context deadline exceeded (Client.Timeout exceeded while awaiting headers)).
[14:14:27] [error] [citizen-server-i] Server list query returned an error: server request failed: server request failed for endpoint https://171.76.85.36:30120/info.json (Get "https://171.76.85.36:30120/info.json": read tcp 10.0.20.46:41876->171.76.85.36:30120: read: connection reset by peer (Client.Timeout exceeded while awaiting headers))
server request failed: server request failed for endpoint https://171.76.85.36:30120/dynamic.json (Get "https://171.76.85.36:30120/dynamic.json": context deadline exceeded (Client.Timeout exceeded while awaiting headers))
server request failed: server request failed for endpoint https://171.76.85.36:30120/players.json (Get "https://171.76.85.36:30120/players.json": context deadline exceeded (Client.Timeout exceeded while awaiting headers)).
[14:14:58] [error] [citizen-server-i] Server list query returned an error: server request failed: server request failed for endpoint https://171.76.85.36:30120/info.json (Get "https://171.76.85.36:30120/info.json": read tcp 10.0.20.46:41876->171.76.85.36:30120: read: connection reset by peer (Client.Timeout exceeded while awaiting headers))
server request failed: server request failed for endpoint https://171.76.85.36:30120/dynamic.json (Get "https://171.76.85.36:30120/dynamic.json": context deadline exceeded (Client.Timeout exceeded while awaiting headers))
server request failed: server request failed for endpoint https://171.76.85.36:30120/players.json (Get "https://171.76.85.36:30120/players.json": context deadline exceeded (Client.Timeout exceeded while awaiting headers)).
[14:15:28] [error] [citizen-server-i] Server list query returned an error: server request failed: server request failed for endpoint https://171.76.85.36:30120/info.json (Get "https://171.76.85.36:30120/info.json": read tcp 10.0.20.46:41876->171.76.85.36:30120: read: connection reset by peer (Client.Timeout exceeded while awaiting headers))
server request failed: server request failed for endpoint https://171.76.85.36:30120/dynamic.json (Get "https://171.76.85.36:30120/dynamic.json": context deadline exceeded (Client.Timeout exceeded while awaiting headers))
server request failed: server request failed for endpoint https://171.76.85.36:30120/players.json (Get "https://171.76.85.36:30120/players.json": context deadline exceeded (Client.Timeout exceeded while awaiting headers)).
[14:15:58] [error] [citizen-server-i] Server list query returned an error: server request failed: server request failed for endpoint https://171.76.85.36:30120/info.json (Get "https://171.76.85.36:30120/info.json": read tcp 10.0.20.46:41876->171.76.85.36:30120: read: connection reset by peer (Client.Timeout exceeded while awaiting headers))
server request failed: server request failed for endpoint https://171.76.85.36:30120/dynamic.json (Get "https://171.76.85.36:30120/dynamic.json": context deadline exceeded (Client.Timeout exceeded while awaiting headers))
server request failed: server request failed for endpoint https://171.76.85.36:30120/players.json (Get "https://171.76.85.36:30120/players.json": context deadline exceeded (Client.Timeout exceeded while awaiting headers)).
[14:16:28] [error] [citizen-server-i] Server list query returned an error: server request failed: server request failed for endpoint https://171.76.85.36:30120/dynamic.json (Get "https://171.76.85.36:30120/dynamic.json": read tcp 10.0.4.128:41214->171.76.85.36:30120: read: connection reset by peer (Client.Timeout exceeded while awaiting headers))
server request failed: server request failed for endpoint https://171.76.85.36:30120/info.json (Get "https://171.76.85.36:30120/info.json": context deadline exceeded (Client.Timeout exceeded while awaiting headers))
server request failed: server request failed for endpoint https://171.76.85.36:30120/players.json (Get "https://171.76.85.36:30120/players.json": context deadline exceeded (Client.Timeout exceeded while awaiting headers)).
[14:16:59] [error] [citizen-server-i] Server list query returned an error: server request failed: server request failed for endpoint https://171.76.85.36:30120/dynamic.json (Get "https://171.76.85.36:30120/dynamic.json": read tcp 10.0.4.128:41214->171.76.85.36:30120: read: connection reset by peer (Client.Timeout exceeded while awaiting headers))
server request failed: server request failed for endpoint https://171.76.85.36:30120/info.json (Get "https://171.76.85.36:30120/info.json": context deadline exceeded (Client.Timeout exceeded while awaiting headers))
server request failed: server request failed for endpoint https://171.76.85.36:30120/players.json (Get "https://171.76.85.36:30120/players.json": context deadline exceeded (Client.Timeout exceeded while awaiting headers)).
[14:17:29] [error] [citizen-server-i] Server list query returned an error: server request failed: server request failed for endpoint https://171.76.85.36:30120/dynamic.json (Get "https://171.76.85.36:30120/dynamic.json": read tcp 10.0.4.128:41214->171.76.85.36:30120: read: connection reset by peer (Client.Timeout exceeded while awaiting headers))
server request failed: server request failed for endpoint https://171.76.85.36:30120/info.json (Get "https://171.76.85.36:30120/info.json": context deadline exceeded (Client.Timeout exceeded while awaiting headers))
server request failed: server request failed for endpoint https://171.76.85.36:30120/players.json (Get "https://171.76.85.36:30120/players.json": context deadline exceeded (Client.Timeout exceeded while awaiting headers)).
[14:17:59] [error] [citizen-server-i] Server list query returned an error: server request failed: server request failed for endpoint https://171.76.85.36:30120/dynamic.json (Get "https://171.76.85.36:30120/dynamic.json": read tcp 10.0.4.128:41214->171.76.85.36:30120: read: connection reset by peer (Client.Timeout exceeded while awaiting headers))
server request failed: server request failed for endpoint https://171.76.85.36:30120/info.json (Get "https://171.76.85.36:30120/info.json": context deadline exceeded (Client.Timeout exceeded while awaiting headers))
server request failed: server request failed for endpoint https://171.76.85.36:30120/players.json (Get "https://171.76.85.36:30120/players.json": context deadline exceeded (Client.Timeout exceeded while awaiting headers)).
[14:18:30] [error] [citizen-server-i] Server list query returned an error: server request failed: server request failed for endpoint https://171.76.85.36:30120/players.json (Get "https://171.76.85.36:30120/players.json": context deadline exceeded (Client.Timeout exceeded while awaiting headers))
server request failed: server request failed for endpoint https://171.76.85.36:30120/dynamic.json (Get "https://171.76.85.36:30120/dynamic.json": read tcp 10.0.12.120:56530->171.76.85.36:30120: read: connection reset by peer (Client.Timeout exceeded while awaiting headers))
server request failed: server request failed for endpoint https://171.76.85.36:30120/info.json (Get "https://171.76.85.36:30120/info.json": read tcp 10.0.12.120:56536->171.76.85.36:30120: read: connection reset by peer (Client.Timeout exceeded while awaiting headers)).
[14:19:00] [error] [citizen-server-i] Server list query returned an error: server request failed: server request failed for endpoint https://171.76.85.36:30120/players.json (Get "https://171.76.85.36:30120/players.json": context deadline exceeded (Client.Timeout exceeded while awaiting headers))
server request failed: server request failed for endpoint https://171.76.85.36:30120/dynamic.json (Get "https://171.76.85.36:30120/dynamic.json": read tcp 10.0.12.120:56530->171.76.85.36:30120: read: connection reset by peer (Client.Timeout exceeded while awaiting headers))
server request failed: server request failed for endpoint https://171.76.85.36:30120/info.json (Get "https://171.76.85.36:30120/info.json": read tcp 10.0.12.120:56536->171.76.85.36:30120: read: connection reset by peer (Client.Timeout exceeded while awaiting headers)).
[14:19:30] [error] [citizen-server-i] Server list query returned an error: server request failed: server request failed for endpoint https://171.76.85.36:30120/players.json (Get "https://171.76.85.36:30120/players.json": context deadline exceeded (Client.Timeout exceeded while awaiting headers))
server request failed: server request failed for endpoint https://171.76.85.36:30120/dynamic.json (Get "https://171.76.85.36:30120/dynamic.json": read tcp 10.0.12.120:56530->171.76.85.36:30120: read: connection reset by peer (Client.Timeout exceeded while awaiting headers))
server request failed: server request failed for endpoint https://171.76.85.36:30120/info.json (Get "https://171.76.85.36:30120/info.json": read tcp 10.0.12.120:56536->171.76.85.36:30120: read: connection reset by peer (Client.Timeout exceeded while awaiting headers)).
║             TXADMIN║ txaEvent "serverShuttingDown" "{\"delay\":5000,\"author\":\"NotAGirl\",\"message\":\"Server shutting down (admin request).\"}"
[14:19:33] [ info] [         txadmin] [txAdmin] Server shutting down. Kicking all players.
